customer_id;employee_id;customer_firstname;customer_lastname;customer_date_of_birth;customer_phone;customer_email;customer_city;customer_country
6690;1760;Rachel;Smith;1979-11-10;867-650-53;ian25@example.org;New Mollyfurt;Malta
4592;2700;Jamie;Williams;1971-01-27;610-441-51;emartin@example.com;New Austin;Papua New Guinea
3680;3998;Melvin;Knapp;1995-09-01;827-736-33;parksadrian@example.com;Nelsonfurt;Djibouti
4585;3279;John;Green;1978-03-04;475-618-18;noahfox@example.net;Port Austinside;Belize
1757;876;Christopher;Watson;1988-03-14;153-833-88;williamsonjon@example.net;New James;Grenada
3929;1264;Jamie;Schroeder;1968-04-12;753-856-10;leonardmeredith@example.net;Lake Kathleen;Bermuda
5001;920;Carla;Payne;1977-04-15;735-292-75;moorelawrence@example.com;Connerfort;Switzerland
4015;4208;Roy;Strickland;1969-11-08;183-309-54;vfuentes@example.com;South Shelley;Iceland
1117;3460;Jeffrey;Gomez;1976-05-07;849-507-79;alejandromcdowell@example.org;East Randall;North Macedonia
5023;2281;Heather;Moore;1968-11-24;642-157-06;cmathews@example.com;West Andrewfort;Korea
6600;1889;Stephanie;Greene;1974-11-01;475-902-34;debbieesparza@example.net;East Rogerland;Saudi Arabia
1986;2478;Cynthia;Williams;2001-07-17;598-218-01;amber06@example.org;Port Heather;Ghana
4936;4091;Amber;Green;1968-01-27;335-354-61;james95@example.org;South Jamesshire;French Polynesia
2329;2007;Mary;Herring;1976-07-02;602-599-91;scottlove@example.net;North Ryan;Vanuatu
5011;2799;Michael;Garcia;1968-10-21;102-532-78;bethyoung@example.net;Johnsonhaven;Turks and Caicos Islands
3180;4003;Veronica;Casey;1975-11-09;680-611-25;ecrawford@example.com;West Vincentport;Norfolk Island
4034;2393;William;Dougherty;1966-07-15;809-774-07;joannlucas@example.com;Port Meghan;Norfolk Island
6266;2274;Rebecca;Bailey;1990-02-10;201-295-39;aprildunlap@example.com;Littlefurt;Japan
2890;1402;Rita;Powers;1994-12-05;979-748-91;julie46@example.org;Robertoborough;India
4334;3227;Mark;Laura;2001-05-30;158-319-70;jacksonlouis@example.org;Annetteshire;China
1821;1197;Patricia;Cox;1983-11-20;621-515-45;thomaserik@example.net;Lindseyshire;Cote d'Ivoire
5258;1380;Michael;Jones;1978-07-04;189-081-30;alicia49@example.com;Port Mathew;Indonesia
5443;4466;Kevin;Clark;1998-09-02;993-222-71;smithmelissa@example.net;North Laurie;Italy
1075;3387;Stacie;Franco;1987-08-19;284-589-04;cohenjennifer@example.org;Smithborough;Malta
2776;1271;Cassandra;Huerta;1997-02-15;824-061-48;josephbrandt@example.org;West Andresbury;Turkey
4400;4366;James;Rich;1964-08-05;461-066-92;madison42@example.net;East Diana;Cote d'Ivoire
5377;1592;Andrea;Perry;1998-11-19;113-261-51;ewilson@example.net;Staceyton;United States Virgin Islands
4231;1596;Amber;Sullivan;1964-01-15;214-089-11;josephburton@example.com;Joseville;Netherlands
3968;1533;Larry;Burton;1968-10-16;395-371-93;tjohnson@example.net;Lake Stevehaven;Kazakhstan
3650;1702;Joel;Jennings;1972-09-30;727-196-16;ysuarez@example.org;Carterport;Jersey
6196;1596;Daniel;Martin;1965-10-12;942-019-71;jose74@example.net;Frostshire;Tanzania
5724;918;Kristin;Andrews;1994-02-01;342-213-03;khernandez@example.net;Gonzalezberg;Norfolk Island
2015;4329;Mark;Barnett;1974-06-24;707-678-34;mcdonaldjeremy@example.org;Lake Tracy;Chile
3792;3591;Brittany;Martinez;1965-01-20;692-592-69;stephaniemorgan@example.org;Westborough;Luxembourg
3248;3299;Jason;White;1988-05-18;919-273-45;aharper@example.org;Lopezborough;Kazakhstan
1360;3611;Adrian;Holmes;1984-11-29;459-898-08;susan94@example.net;Welchton;Vietnam
2212;4409;Jeffrey;Jordan;1971-07-11;865-240-14;brianlopez@example.com;Port Melissa;Latvia
3423;3550;Bradley;Villarreal;1963-09-08;294-610-10;stephen46@example.net;Lake Wendyport;Trinidad and Tobago
3057;1193;Scott;Jones;1968-09-01;249-943-14;phall@example.com;New Mary;Brunei Darussalam
3967;670;Dawn;Baldwin;1979-01-19;146-477-78;dheath@example.net;Jonathanchester;Spain
4641;1316;Ethan;Cox;1968-10-17;801-597-88;rhonda04@example.com;Port Michelle;Nicaragua
2537;1193;Cameron;Lopez;1980-12-06;816-632-41;paul35@example.com;Justinside;Kazakhstan
3167;1527;Joseph;Clark;2001-02-14;171-672-36;oblack@example.org;Malonefort;Suriname
4183;3231;Brian;Williams;1993-03-19;253-518-78;freemanandrea@example.com;Smithborough;Kazakhstan
5828;4578;Zachary;Lawson;1998-03-05;386-837-27;matthew79@example.net;Lake Kimberlyfurt;Turkmenistan
1814;1937;Deanna;Clayton;1975-09-25;332-228-97;littleamy@example.com;Jonathonfort;Albania
6162;4048;Michael;Walker;1991-04-06;393-400-73;qerickson@example.org;Port Thomas;Saint Kitts and Nevis
4648;3748;Angela;Atkinson;1982-02-02;551-188-71;caldwelldouglas@example.net;Coreyburgh;Puerto Rico
6261;1258;Ashley;Deleon;1990-10-23;724-561-97;natasha79@example.net;Johnsonview;Philippines
2430;1229;Christopher;Gilbert;1984-04-21;380-800-08;matthewweber@example.net;Brownmouth;Gambia
2488;3881;Christopher;Wood;1963-11-13;485-291-42;fferguson@example.com;Billyfort;Falkland Islands (Malvinas)
5824;4125;Christopher;Preston;1983-06-03;751-406-30;colemanwilliam@example.com;Garciaport;Ireland
6052;2272;Charles;Evans;1969-12-03;826-037-94;alex98@example.org;North Valerie;Uzbekistan
6043;2587;Samuel;Jones;1998-11-18;984-088-34;parkscathy@example.org;Palmerton;Romania
2176;2683;Steven;Hood;1999-10-29;707-345-50;martha95@example.com;East Teresamouth;Timor-Leste
3196;4018;Vanessa;Hill;1963-04-25;621-834-34;jensenlynn@example.net;East Paul;Poland
2813;2514;Dr.;Walker;1974-06-24;798-440-37;drodriguez@example.org;North Rhondastad;China
3599;4256;Linda;Cooley;1979-05-04;931-900-10;jgreen@example.com;Michaeltown;Djibouti
6177;1823;James;Johnson;1981-06-18;948-686-90;laurenpowell@example.org;Lake Paulaside;Indonesia
3432;3272;Eric;Rice;1999-07-05;744-244-98;matthewsimon@example.org;West Ryanmouth;Kenya
6442;555;Ronald;Jennings;1962-09-13;569-042-40;robert16@example.com;Rosehaven;Portugal
6322;3440;Andrea;Townsend;1975-09-01;774-798-83;amberhanson@example.com;Michaelstad;Saint Helena
5336;810;Katherine;Ferguson;1980-12-29;486-138-85;krystal41@example.net;East Dominiquemouth;Belgium
2706;1653;Timothy;Serrano;1965-11-20;113-537-31;chamberskathleen@example.com;North Davidbury;Sri Lanka
1282;3825;Katrina;Hunt;1989-10-15;961-370-61;cherrywayne@example.net;Samuelbury;Portugal
6483;1899;Melissa;Nguyen;1998-07-28;452-578-74;jessica45@example.net;South Mark;Malawi
3623;4244;Bradley;Willis;1967-02-01;764-717-45;lematthew@example.net;Port Joshuabury;Guinea
6090;3859;Kristina;Moon;1983-08-15;155-101-55;qvaughn@example.com;North Sarah;Montserrat
1156;1063;Alyssa;Jackson;1991-02-23;259-873-64;jroberts@example.org;Lake Dakota;Saint Vincent and the Grenadines
1647;4057;Bianca;Jacob;1975-12-22;871-808-16;aguirrestephanie@example.com;Port Lynnmouth;Malta
1742;1967;Kyle;Fisher;1999-04-10;126-748-40;browneric@example.org;Lake Chadmouth;Jamaica
5909;583;Tiffany;Lopez;1984-07-31;813-932-95;christopher48@example.org;Oneillbury;Rwanda
4616;2388;Mr.;Lam;1987-05-08;897-306-39;seth49@example.net;Underwoodmouth;Mayotte
3013;2818;William;Morales;1995-04-16;692-798-38;robert21@example.org;East Andrew;Lithuania
1444;4443;Jason;Brooks;1973-12-11;826-857-00;casey60@example.net;West Crystaltown;French Polynesia
2450;922;Jesse;Lucero;1985-12-22;960-993-33;uperez@example.com;West Joanna;Indonesia
4388;1453;Laura;Johnson;1967-11-19;542-158-14;daniellewilliams@example.org;Port Maryshire;Saint Pierre and Miquelon
5525;4260;Debbie;Hale;1970-07-30;359-881-52;tburnett@example.org;Susanburgh;Cote d'Ivoire
3638;1064;Kristen;Russo;1993-06-01;704-309-55;bryanrobert@example.com;Hallshire;Suriname
4670;4099;Karen;Schwartz;1985-12-21;371-310-20;robertbarron@example.net;Kimberlyport;Gibraltar
6190;3151;Sarah;Moon;1999-12-12;311-310-44;wdudley@example.org;Greenfort;Hungary
3084;2284;Emily;Lewis;1987-03-20;591-971-28;oneillsean@example.com;New Karen;Sweden
4020;4291;Timothy;Riley;1986-05-25;891-049-65;thomas68@example.net;West Dawn;Belize
4780;3482;Michael;Johnson;1968-12-30;423-061-84;qdennis@example.org;North Adrianmouth;Qatar
3821;4364;Jennifer;Smith;1993-02-19;803-392-79;martinvincent@example.com;Julianport;Hong Kong
1574;3352;Erica;Steele;1981-12-19;567-443-15;woodrita@example.net;Johnsonside;Faroe Islands
6055;3985;Mr.;Matthews;1987-10-10;749-700-20;craigmario@example.net;Port Arthurberg;Sweden
3275;3683;Thomas;Osborne;1991-10-17;403-035-72;gabrielle55@example.com;Lake John;Cuba
6097;1554;Terry;Jackson;2002-10-22;598-901-88;melissahurley@example.net;Smithmouth;Guinea
6718;1204;Whitney;Anderson;2002-03-04;381-242-56;fhines@example.net;Reynoldsland;Georgia
5263;581;Juan;Brown;1994-12-21;896-932-45;stephengibson@example.net;West Ashley;Oman
2453;2965;Jenna;Richardson;1984-11-13;766-626-98;brittany85@example.com;Hodgeberg;Vietnam
5369;926;John;Torres;1966-07-23;116-781-78;blankenshipjames@example.org;Barrettport;Sudan
5949;3157;Deborah;Hicks;1973-04-08;801-539-01;bergerdanielle@example.com;West Staceystad;Turkey
6669;2474;Olivia;Rodriguez;1984-10-29;383-264-79;hannah06@example.net;Michelefurt;Kyrgyz Republic
1779;996;Loretta;Dodson;1980-05-06;585-997-31;garycole@example.net;Justinville;Panama
1373;2089;Susan;Beck;1992-04-03;175-332-95;robert41@example.com;East Timothyview;Singapore
1268;2076;Robert;Kim;1996-02-06;114-992-94;kristengrant@example.org;New Anna;Isle of Man
1821;1423;Jill;Whitehead;1969-05-04;972-128-10;yramirez@example.net;New Kennethchester;Gambia
4560;2261;Cynthia;Anderson;1983-10-04;751-745-40;alyssalopez@example.com;New Michaelburgh;Sweden
2555;3707;Karen;Strickland;1975-01-07;927-311-56;mcarter@example.org;West Seanchester;Italy
2134;2021;Jeffery;Flores;1972-10-02;980-303-77;robertmoore@example.net;Westbury;Maldives
6584;3421;Nancy;Cordova;1994-05-30;792-785-46;connorrollins@example.net;North Beverly;Niue
4574;634;Jennifer;Chavez;1987-11-01;982-526-41;czamora@example.org;West Dana;British Indian Ocean Territory (Chagos Archipelago)
5435;3479;Johnny;Jones;2001-09-18;327-919-27;marcia69@example.com;Justinshire;Sierra Leone
5458;3342;Johnny;Parker;1973-07-10;590-065-73;tylercisneros@example.com;Oliviaport;Germany
5622;2969;Connor;Castillo;1978-01-04;901-994-07;robertchavez@example.com;Lake Timothy;Vanuatu
4232;1141;Carlos;Mcmahon;1986-12-14;677-833-91;uaguilar@example.net;New Debraland;Slovenia
1278;4608;Crystal;Smith;1984-11-11;137-130-06;veronica06@example.com;Lake Bradley;Cameroon
4828;2729;Anthony;Shepard;1997-04-20;275-549-77;stephaniealexander@example.net;Bernardmouth;Rwanda
3964;2177;Stephanie;Baxter;1993-11-29;466-330-20;jonesjeremy@example.org;South Hollymouth;Albania
3483;4250;Denise;Davis;1978-01-29;908-009-31;ryanleon@example.org;Wilsonport;Morocco
6424;3530;Jacob;Thompson;1993-03-07;251-062-14;fmoore@example.org;New Karenberg;United Kingdom
2680;3928;Christina;Lopez;1968-02-18;477-203-40;awalters@example.com;New Richard;Swaziland
2885;3001;Nathan;Skinner;1962-06-08;548-358-07;jordanjeffery@example.org;Wilsonborough;Congo
5937;1731;Vincent;Mann;1997-07-05;386-820-06;sawyerdonna@example.net;South Christinaview;Burkina Faso
5151;2899;Tina;Ryan;1971-06-30;524-349-32;tfernandez@example.net;Port Fred;Macao
6453;3305;Melanie;Kirby;2002-08-08;725-060-34;kgarcia@example.com;Port Madisonville;Madagascar
4060;4650;Carolyn;Clark;1965-08-18;271-352-02;kellyrussell@example.com;Jenniferstad;Lesotho
1159;2351;Jill;Smith;1967-04-14;396-158-18;josephchandler@example.org;Clarkmouth;Colombia
4942;1228;Cassidy;Moore;1992-06-17;689-861-95;cheryl24@example.net;Port Lisamouth;Uzbekistan
2446;2395;Ryan;Stone;1991-09-17;297-288-39;uscott@example.net;Melvinhaven;Switzerland
2354;2250;Lauren;White;1991-09-18;685-244-27;ucervantes@example.org;Lake Peter;Falkland Islands (Malvinas)
5107;1786;Stephanie;Holland;2002-05-07;156-420-13;mitchellwilson@example.net;Michellefort;Madagascar
4926;2262;Joseph;Maldonado;1990-07-03;339-833-02;ericmullins@example.com;Lake Jeffreyville;Netherlands Antilles
5363;3865;Julie;Clayton;1997-06-20;244-944-76;jonathan72@example.com;Clarkemouth;France
5307;4165;Lisa;Green;1974-01-16;418-870-62;bradleynelson@example.net;West Fredburgh;Timor-Leste
6229;2155;Luis;Griffin;2001-09-24;120-614-62;michaelsharp@example.org;Joneston;Egypt
3981;1211;Steven;Leonard;1979-07-05;428-326-42;brian14@example.net;Peterland;Micronesia
4978;2216;Patricia;Hogan;1993-10-16;905-021-32;oflores@example.net;Rileychester;Guadeloupe
2176;596;Julie;Hernandez;1983-06-07;600-776-29;hamiltonpatrick@example.net;Mooreberg;Malaysia
1355;4233;Rachel;Thompson;1984-05-12;138-869-21;tdavis@example.org;Lesliestad;Singapore
1207;3099;Brandi;White;1978-12-06;266-393-53;james00@example.org;East Nicole;Oman
4195;945;Belinda;Johnson;1986-02-02;771-929-12;ebradley@example.com;East Dennis;Tokelau
3985;4651;Vicki;Collier;1978-11-22;179-036-71;hunter71@example.com;Samuelland;Northern Mariana Islands
3672;2093;Kelly;Williams;1980-07-13;339-092-35;shafferelizabeth@example.com;West Waynetown;Gabon
4573;2770;Melissa;Shaw;1969-09-27;792-832-30;larsenjerry@example.org;Michaelmouth;Liechtenstein
4173;745;Robert;Maldonado;1994-04-02;842-823-08;sthompson@example.net;East Shawn;Hong Kong
3021;4233;Kathryn;Terry;1978-02-18;456-833-55;darylmartinez@example.org;South Jessica;Saint Martin
5990;4524;Megan;Alvarado;2000-08-12;880-023-87;ymcknight@example.org;Stokesbury;Korea
5146;3740;Nicole;Francis;1969-02-20;996-330-27;simpsonerin@example.net;Vargastown;Belize
3785;1086;Loretta;Collins;1994-09-19;325-351-34;cblanchard@example.net;West Susan;Paraguay
2147;1662;Jeffrey;Hall;1983-05-07;759-391-68;cindy07@example.org;Josephhaven;Germany
3066;2275;Beverly;Ware;1967-03-28;768-903-76;taradavis@example.com;Harveymouth;Azerbaijan
4177;2239;Rachel;Stark;1970-09-21;196-372-83;shiggins@example.org;Port Lynn;Romania
5480;2203;Mrs.;Cohen;1995-11-18;520-172-36;betty69@example.net;North Laura;Senegal
6326;3656;Joshua;Taylor;1992-12-24;815-392-70;cdixon@example.com;East Kellyburgh;Suriname
6240;766;Madison;Bush;1996-10-02;542-215-30;andersontaylor@example.com;New Laura;Slovenia
1921;3808;Michael;Moss;1995-09-09;494-096-33;chelsea01@example.net;Wilsonchester;Tajikistan
6028;1166;Whitney;Brewer;1990-08-06;625-483-92;brendajimenez@example.org;Franklinhaven;Andorra
4690;2647;Julie;Brock;2001-02-27;130-307-03;joan79@example.org;Wilsonshire;Germany
4718;2831;Mrs.;Donaldson;1995-11-02;833-203-58;wilsonmichael@example.net;West Susan;Chile
4343;3771;William;Whitehead;1971-01-26;823-629-43;smithtony@example.net;Vargasville;Libyan Arab Jamahiriya
5882;2683;Holly;Lopez;1991-03-14;172-308-88;hinessarah@example.org;South Phyllis;Bhutan
5163;3181;Michael;Williams;1966-05-23;710-110-28;michael51@example.com;North Michael;Mauritania
3571;3238;Julia;Andrews;1987-11-12;630-077-60;morganjessica@example.org;South Natalie;Bouvet Island (Bouvetoya)
3113;1157;Thomas;Garner;1971-03-11;333-380-46;lozanogene@example.org;East Roberthaven;Turkey
5976;3307;Cynthia;Garrett;2002-09-25;192-668-52;sholmes@example.org;North Pamelaborough;Isle of Man
6058;3957;Douglas;Howard;1981-02-18;778-640-81;gallegostodd@example.org;Robertmouth;Panama
1275;3107;Ian;Nelson;1972-06-22;821-204-41;hclark@example.net;Nicholasborough;Maldives
4751;2600;Regina;Weber;1979-03-17;124-059-55;lynchashley@example.org;West Sarah;Netherlands Antilles
5874;3900;John;Perry;1968-07-07;434-784-28;huffmankrystal@example.com;Jeffreystad;Finland
1277;1756;Travis;Wilson;1982-07-22;155-419-82;sheppardvictoria@example.org;Ortizside;Sri Lanka
4634;1494;Brandon;Parrish;1988-12-28;214-286-73;justin27@example.net;North Keithview;Cameroon
2962;1258;Matthew;Harris;2000-09-11;169-587-13;mary35@example.net;South Stacey;Australia
3412;507;Alan;Woods;1962-06-20;695-275-95;qlee@example.com;South Lisa;Oman
3318;2354;Sandra;Mahoney;1998-09-10;625-879-02;swright@example.net;Brandonberg;British Virgin Islands
2831;1971;Nancy;Kerr;1963-09-09;933-028-42;brandon32@example.org;South Frederick;Nauru
3365;4303;Robert;Tapia;1980-11-16;879-770-21;jeremyjones@example.com;Nicolemouth;Mayotte
1560;1294;Robert;Prince;1973-08-23;795-476-79;rmyers@example.com;Lake Danielton;Switzerland
2254;3899;Chelsea;Nicole;2000-08-08;325-732-01;michaelvalentine@example.org;West Jonathan;Argentina
4713;1020;Sara;Lucas;1975-04-22;810-703-27;coxtheodore@example.net;Craighaven;Tonga
6596;804;Brittany;Rogers;1983-11-28;503-972-37;kirwin@example.net;Mckenzieport;Hungary
6380;734;Jamie;Gentry;1985-03-15;861-869-72;john11@example.net;Emilyburgh;Honduras
2242;4022;Heather;Campbell;1986-12-18;508-820-66;asnyder@example.org;West Hollyberg;Guyana
1286;1859;Robert;Mayer;1988-09-25;207-828-38;rchandler@example.com;Rosarioview;Belarus
3067;3257;Nicole;Jones;1974-12-06;284-601-10;jramirez@example.net;Mooreville;Morocco
5735;2337;Evelyn;Moore;1978-05-04;160-636-39;khudson@example.net;Port Thomaschester;Aruba
5512;2853;Jessica;Quinn;1991-01-26;168-001-78;lori95@example.org;East Markstad;Oman
5437;1580;Karen;Reed;1972-03-29;623-376-83;pcurry@example.com;Lake Catherine;Mexico
4669;1485;James;Oneill;1974-05-18;378-425-25;smithjessica@example.org;New Tiffanyfurt;Uzbekistan
3818;4170;Anthony;Randall;1988-02-03;154-016-48;bernardkatherine@example.org;North John;French Guiana
4307;1287;Timothy;Strong;1998-12-07;396-255-20;andrew35@example.net;West Kaylaview;Anguilla
3763;4201;Heather;Parsons;1978-02-20;515-557-18;leah01@example.org;South Cindy;Romania
3146;3330;Lauren;Jones;1992-02-15;351-532-55;edwardsbrandon@example.com;Lake Raymond;Somalia
1400;2066;David;Moore;1978-03-10;389-493-65;timothy13@example.org;Martinbury;Sao Tome and Principe
3748;807;Jeffrey;Ewing;1974-10-26;703-991-05;kimberlyswanson@example.net;East Alexisland;Kyrgyz Republic
2603;3909;Stephanie;Brennan;1997-11-19;534-322-25;ashleecooper@example.net;Nicoleberg;San Marino
4112;2757;Anthony;Patterson;1980-09-04;548-463-19;tim15@example.net;West Christopherville;Slovakia (Slovak Republic)
4251;2238;Edward;Phillips;1964-07-04;161-125-58;xnelson@example.org;Amandastad;Kuwait
1871;4514;Jennifer;Sanchez;1988-05-17;605-310-10;jonathanchavez@example.com;West Jesus;Uruguay
3908;1976;Terry;Lee;1982-12-29;731-102-00;sdiaz@example.com;Michellefurt;Estonia
5642;3630;Michael;Wells;1995-06-05;789-910-06;danielgonzales@example.net;Katelynchester;Somalia
1011;4071;Tami;Harper;1989-01-05;956-793-81;davidmoreno@example.com;Kellyview;Gibraltar
3539;2692;Michelle;Williams;1980-11-05;743-352-99;joseallen@example.org;Blakeside;Moldova
2213;993;Brent;Lloyd;1994-03-13;162-313-70;boydabigail@example.com;West Rodney;Fiji
3474;571;Erica;Norton;1962-04-18;929-205-11;jasmine98@example.net;South Marystad;Oman
4788;4230;Dave;Barber;1995-11-06;307-930-83;morgannguyen@example.com;New Margaret;Saint Pierre and Miquelon
3271;2368;Nathaniel;Maldonado;1970-06-24;864-487-49;ljohnson@example.org;East Johnathan;Chile
3031;1985;Albert;Lee;2000-02-27;364-814-85;jeffery20@example.org;East Leslie;Faroe Islands
3480;2255;Nicole;Russo;1990-04-08;534-737-72;leonbethany@example.net;Lake Bethmouth;French Guiana
2025;1540;Christopher;Moore;1970-08-28;712-723-00;bjohnson@example.org;Lake Kevintown;Nepal
1562;663;Lindsay;Castro;1979-07-30;230-013-50;smithcourtney@example.com;New Tylerton;Qatar
5664;3906;Brett;Murphy;1994-12-27;192-626-20;yramirez@example.org;Erinton;Albania
4921;1075;Courtney;Santana;1998-08-12;421-824-61;pharrison@example.org;South Michael;Tajikistan
1240;1382;Stephanie;White;1972-09-05;309-413-74;william62@example.com;Patriciaton;Norfolk Island
1669;3170;Johnathan;Nunez;1988-10-01;555-536-80;william31@example.org;Lake Davidmouth;Bangladesh
4067;1486;Laurie;Mccall;1962-11-08;910-217-51;kathryn69@example.net;Lake James;Mauritania
3837;632;Peter;Richards;1980-01-19;442-195-96;ymartinez@example.net;Elizabethberg;Guadeloupe
6334;1173;Richard;Flores;1975-10-29;998-540-16;tfields@example.net;Kathryntown;North Macedonia
3588;3678;Joann;Johnson;1983-05-22;291-232-08;achavez@example.com;Port Williamton;Afghanistan
6017;1303;Angela;Carlson;1979-12-05;259-046-02;geraldtaylor@example.com;Dominicchester;Niger
3733;2096;Steven;Williams;1963-03-29;346-796-70;johnfarmer@example.net;North Bryan;Brunei Darussalam
2377;2554;Natasha;Smith;1989-06-11;728-005-73;ksmith@example.org;Hughesview;Cyprus
5306;3702;Richard;Page;1964-11-29;258-249-26;ashley96@example.com;Port Anna;Bhutan
1676;3240;Travis;Key;1977-03-11;719-669-84;ellistiffany@example.com;Port Brucemouth;Rwanda
1767;4038;Jon;Frazier;1970-02-18;581-116-14;vrobinson@example.com;Lake Jenniferside;Bulgaria
4828;1307;Alexis;Torres;1963-11-09;466-812-59;braunkelly@example.net;Port Lynn;United Kingdom
4446;1505;Misty;Serrano;1965-11-10;682-020-25;megan61@example.net;East Dillonhaven;Afghanistan
4481;581;David;Roach;1971-10-22;327-104-19;henryjustin@example.org;Crystalbury;Norway
6042;1259;Matthew;May;1969-07-31;724-755-06;davislisa@example.org;Stantonton;United States Minor Outlying Islands
1416;2692;Austin;Ramirez;1973-08-11;705-577-41;srichardson@example.com;North David;Aruba
3402;3397;Sarah;Coleman;2003-11-28;710-174-10;rharrell@example.com;Jennifertown;Namibia
3591;3715;Ronald;Daniel;1994-01-11;978-538-10;joseph36@example.com;East Ashleymouth;Uganda
1310;3773;Erin;Howard;1965-07-08;416-690-59;pamelaalexander@example.com;South Melanie;Nicaragua
3993;1264;Kristin;Mendez;2000-01-10;271-820-12;whitney38@example.org;Port Jerry;Sri Lanka
5960;1619;Jacob;Thompson;1970-03-14;183-988-88;wanda74@example.org;Port Beth;Cuba
1269;2598;David;Gray;2003-05-31;844-913-50;kingram@example.org;Byrdberg;Cote d'Ivoire
2969;3968;Jessica;Miller;1991-03-14;286-155-45;ureyes@example.net;Noahstad;Martinique
3386;1234;Joseph;Rodriguez;1997-07-08;616-731-24;joshua35@example.org;Jessicamouth;Namibia
4832;1246;Kristine;Morrison;1981-02-11;384-815-18;weaverdavid@example.com;New Brittany;India
6385;1180;Aaron;Adams;1998-05-18;497-798-21;gilltiffany@example.net;New Christopherport;Egypt
5755;4150;Michael;Terry;1967-09-20;214-256-32;cortezsamuel@example.com;Port Elizabeth;Suriname
5152;1749;Luis;Rice;2002-01-29;806-175-59;barbara55@example.org;Jasonland;Argentina
1557;3786;Thomas;Jensen;1968-08-20;728-384-77;beth44@example.net;East Kaitlyn;Honduras
2922;2805;Jasmine;Huang;1962-08-22;980-628-22;wmartinez@example.org;Yvonneside;Thailand
5224;3231;Mercedes;Ho;1979-08-19;550-271-80;nicholasfoster@example.org;Port Richard;Saint Kitts and Nevis
6466;1749;Emily;Reed;1971-10-31;596-730-96;rachelcrane@example.com;Port Christopherland;Yemen
6001;4680;Jennifer;Murphy;1973-04-17;977-307-88;vmichael@example.com;Nicoletown;Saint Vincent and the Grenadines
1345;2170;Julie;Rhodes;1976-09-28;569-429-40;tarawilliams@example.com;Cynthiaburgh;Congo
4767;2718;Eric;Harmon;2003-11-10;853-402-76;fernandezchad@example.com;Lopezchester;Ukraine
2596;1816;Erika;Leon;1984-03-08;588-694-68;qgonzalez@example.org;Briannaborough;Saint Barthelemy
4300;2214;Carolyn;Miles;1984-02-15;799-682-83;garciaheather@example.net;New Jose;Netherlands Antilles
5146;1835;Morgan;Conrad;1967-04-22;993-309-12;cynthia81@example.net;Floydville;Serbia
3969;509;Shelly;Brown;1964-10-27;657-395-94;john37@example.org;North Richard;Australia
4113;3736;Karen;Bell;1964-04-25;461-062-12;graydominique@example.com;New Alan;Montserrat
2673;1570;Matthew;Wagner;1972-06-20;268-442-24;mckenzie54@example.org;Millerchester;Benin
3419;1879;Shawn;Holmes;1963-10-05;344-144-23;tadams@example.net;East Michaelside;South Africa
4419;909;Kathleen;Bryan;1998-11-23;771-852-63;samanthacantu@example.com;West Michaelfort;Djibouti
5807;3510;Ryan;Mason;1969-08-10;353-807-35;jkeller@example.net;South James;American Samoa
5340;4589;Rachel;Pierce;1982-01-09;627-187-80;rogerwilson@example.org;East Danielmouth;Ukraine
3922;2092;Tony;Duncan;1969-05-23;989-514-48;april75@example.net;Milesburgh;Finland
3816;3760;Terri;Carey;1964-07-23;831-188-29;darren60@example.net;New Christopherview;Burundi
2070;1860;Monica;Taylor;1996-03-31;256-401-68;richmondjames@example.com;Alanborough;Honduras
3969;2136;Jacqueline;Prince;1987-10-10;494-278-07;tonyamendez@example.org;North Patrickport;Argentina
2078;4539;Brian;Griffin;1994-04-16;395-401-64;leeleah@example.com;Smithside;Faroe Islands
4810;3811;Kelly;Baker;1998-02-09;527-503-55;trevorprice@example.com;Arnoldmouth;Northern Mariana Islands
3204;836;Wendy;Goodman;2002-06-21;664-603-49;erikturner@example.com;Cranestad;Spain
2358;4076;Xavier;Bowen;2002-05-09;826-059-85;carlford@example.com;North Shannonshire;Turkey
5276;2447;Daniel;Roberts;1992-12-23;663-692-55;brandi74@example.com;Martinezstad;Gabon
2851;3412;Taylor;Sandoval;1992-04-30;797-391-31;stephaniepark@example.org;Shellyside;Netherlands Antilles
6044;2781;Lisa;Freeman;1991-04-03;675-112-01;bmcmillan@example.net;North Nancy;Cook Islands
4914;3541;John;Cassandra;1988-07-15;435-162-32;fgonzalez@example.com;Port Richardfurt;Anguilla
3410;3252;Angela;Cummings;1976-09-30;680-261-05;kiaracortez@example.net;Davidfurt;Malta
3982;4458;Jeffrey;Duran;1966-06-29;495-532-16;jking@example.net;Clarkside;Rwanda
1587;3407;Cynthia;David;1971-01-03;659-384-80;jerickson@example.com;Gonzalezville;New Caledonia
3204;2436;Heidi;Chambers;1966-03-04;396-718-51;katie11@example.org;Fordburgh;Chad
1336;2189;Anne;Rodriguez;1972-02-22;628-153-34;gmartin@example.com;Sherihaven;Saint Helena
3091;2771;Kristen;Lopez;1995-10-20;387-479-03;zcole@example.com;Michaelville;Lebanon
3643;790;Brian;Howard;1994-04-03;221-333-04;wilkinsmonica@example.net;Colleenview;Cambodia
1009;1515;Nichole;Simmons;1973-09-16;357-439-57;jamesmeadows@example.org;Samanthabury;Tuvalu
2996;525;Laurie;Cook;1977-11-20;832-629-87;vschneider@example.net;Haleyton;Kyrgyz Republic
4669;3092;Angelica;William;1977-06-11;108-478-70;thomasramirez@example.org;Amberbury;Costa Rica
2322;2980;Jonathan;Hart;1982-12-14;233-489-67;fcook@example.net;Edwardshire;New Caledonia
1452;3232;Michael;Hines;1981-11-19;831-480-54;courtneythompson@example.org;Amandaport;Marshall Islands
2727;1264;Allison;Mccoy;1972-10-02;165-688-62;stephanie63@example.net;Maryhaven;Rwanda
2813;945;Amber;Pope;1979-12-30;493-391-28;shawnwest@example.net;Susanburgh;Grenada
1092;4563;Scott;Jimenez;1990-07-28;246-412-01;karen21@example.net;Meyerport;Togo
4874;1851;Scott;Sullivan;2002-08-18;940-070-58;whiteangelica@example.com;East Christina;Senegal
5307;1553;Michael;Brown;1990-09-02;330-155-25;michaelbuck@example.org;Robertabury;Serbia
3098;2308;Kevin;Reid;2000-05-05;516-469-79;rodney60@example.org;West Michelle;Central African Republic
5530;960;James;Williams;1998-05-26;178-958-29;william30@example.net;Heatherport;Greenland
3951;1624;John;Duncan;1973-01-05;654-626-20;lawrencenicole@example.com;Carolynborough;Cayman Islands
6299;4022;Zachary;Wiley;1984-03-04;422-775-45;chasefowler@example.com;Johnsonmouth;Guadeloupe
2404;1799;Jose;Garcia;1985-02-14;600-715-42;coryjohnson@example.net;North Anthonyside;Hungary
2943;4165;John;Charles;1974-12-03;234-659-20;veronica24@example.net;Mendezfort;Croatia
2861;1828;Larry;Erickson;1972-01-05;719-087-13;crystal95@example.org;Port Patrick;Tokelau
4091;3029;David;Jacobs;1968-09-15;778-315-99;stacey03@example.org;Mitchellhaven;Bahamas
3295;4334;Michelle;Hernandez;1998-10-28;207-158-33;aaronsoto@example.com;Kyleport;Heard Island and McDonald Islands
4230;3463;Connie;Gardner;1999-10-27;976-684-87;madison70@example.org;East Lisa;Guinea
6298;1044;Wayne;Cortez;1977-01-29;506-643-61;amandahawkins@example.net;Shariside;South Africa
1489;2665;Austin;White;1978-07-05;237-252-28;smithrandy@example.com;South Davidbury;Guatemala
1843;2621;Mitchell;Harding;1970-09-15;381-697-43;ronald44@example.org;New Angelaberg;El Salvador
2984;3029;Kimberly;Wright;2000-11-13;680-474-33;crystal69@example.com;Lake Julianville;Puerto Rico
2699;3971;Brian;Vargas;1990-06-03;180-225-84;maryweaver@example.com;Lake Christopherberg;Micronesia
3797;2791;Samantha;Ramirez;1997-08-18;964-675-67;kshaw@example.net;Howeland;Turkey
5093;4106;Rebecca;Lamb;1985-03-04;408-347-32;tracygray@example.com;West Taylor;Malawi
1415;3932;Mark;Moreno;1976-06-04;901-484-53;rachelsuarez@example.net;Hernandezshire;Myanmar
4948;4566;Tina;Mckinney;1974-07-08;557-245-48;mcdanieledward@example.net;South Matthew;Zambia
2510;4367;Mr.;Hardy;1997-05-17;702-773-99;paulgreen@example.com;Richardmouth;Bhutan
5637;2141;Christopher;Mcdonald;1972-01-08;930-788-84;zimmermandaniel@example.com;Berryburgh;Saint Martin
2664;500;Kyle;Rodriguez;1990-01-02;968-517-18;bbrown@example.net;Lake Jesse;Cambodia
2340;3171;Brad;Livingston;1966-03-05;183-415-67;bethjohnson@example.org;Dylanberg;Israel
4350;4533;David;Thompson;1990-05-20;331-941-74;lmcconnell@example.org;South Harold;Reunion
5538;1222;Tiffany;Price;1971-08-21;744-841-52;aphillips@example.com;Howellborough;Taiwan
6601;2033;Jasmine;Franklin;1986-05-19;292-304-75;chadsalinas@example.com;New Christopher;Bermuda
3355;527;Ann;Weaver;1972-09-19;367-971-58;jalvarez@example.org;New Johnbury;Senegal
1731;3640;Carolyn;Foster;1962-12-17;320-443-36;john62@example.net;South Emily;Grenada
1251;511;Christopher;Wheeler;1980-05-20;688-814-72;zoliver@example.net;East Jeffreyville;Pitcairn Islands
6695;1876;Paula;Jackson;1973-11-23;671-775-85;tiffany43@example.net;Alexandermouth;Antarctica (the territory South of 60 deg S)
6605;656;Adam;Carey;1973-03-08;999-598-09;millerlawrence@example.net;Garciamouth;Colombia
6104;1308;Vanessa;Clark;1993-04-07;964-407-30;mcintyredevin@example.net;Lake Phillipshire;Suriname
6284;1217;Holly;Smith;1999-12-16;125-018-50;crystal38@example.org;Joneston;Botswana
4107;3063;Haley;Ballard;1996-08-06;666-157-09;allenjohnson@example.net;Roseview;Afghanistan
2224;3153;Amanda;Anthony;1991-09-17;748-182-06;gmatthews@example.net;Nixonshire;Myanmar
4559;2644;Jennifer;Hamilton;1990-01-11;623-841-81;christopherroberts@example.org;West William;Puerto Rico
1175;2160;Erin;Morris;2003-12-30;362-165-92;robert36@example.com;East Benjaminberg;Burundi
5820;4148;Gary;Smith;1962-09-02;330-457-02;jeremylee@example.org;South Erin;British Virgin Islands
3519;4284;Brianna;Briggs;1973-06-08;255-600-04;cynthiagardner@example.com;Mckinneyberg;Vietnam
4909;4063;Daniel;Gibson;1980-10-05;712-527-74;jamessmith@example.net;New Sarahtown;Cuba
4262;1143;Sheila;Jenkins;2003-07-19;197-638-20;reevesjoseph@example.com;Connorville;Guam
5153;2487;Ryan;Crawford;2002-10-29;619-525-02;reynoldsrichard@example.com;New Meganbury;Philippines
3963;2076;Kathy;Davis;1980-03-21;774-775-07;spierce@example.net;North Samuel;Libyan Arab Jamahiriya
4471;3995;Amy;Velasquez;1965-11-24;824-765-37;myersannette@example.org;North Dianamouth;Saudi Arabia
5795;3659;Dorothy;Keith;1968-09-19;703-117-75;gsmith@example.net;East Markburgh;Guinea
6453;1389;Victoria;Zamora;1990-10-01;795-647-28;mary87@example.org;Erikfort;Haiti
2794;573;Amanda;Schwartz;1973-06-03;769-205-36;angelahenderson@example.net;Victoriaton;Solomon Islands
6657;2828;Cassandra;Davis;1978-02-19;927-205-42;sbush@example.com;Frankmouth;Belgium
6456;3126;Joshua;Spears;1969-11-30;659-189-03;rileyraymond@example.org;Franklintown;Nicaragua
1564;3307;James;Hayes;1964-03-28;561-406-00;david46@example.com;South Brentton;Bolivia
1915;1976;Erica;Donaldson;2003-02-22;337-166-04;eric80@example.net;Claytonton;Korea
2377;4267;Alexander;Carter;1970-10-18;713-854-31;wmartinez@example.org;South Brianburgh;Zimbabwe
1640;3198;Oscar;Russell;1964-03-24;849-877-07;michealoliver@example.org;Robinsonhaven;Saint Lucia
3506;3931;Nathan;Bennett;1966-06-27;627-136-00;sawyerfelicia@example.org;Carrland;Iceland
2450;1053;Sylvia;Alexander;1970-11-22;850-592-12;ashleyfox@example.net;Huntton;Grenada
6224;3726;John;Holt;1997-08-22;113-355-27;nicholasshepard@example.net;Brooksfort;Italy
2403;4028;Michael;Smith;1991-04-09;578-871-89;georgeanderson@example.net;New Christian;Kazakhstan
5053;3803;Gina;Ellison;1996-08-22;556-511-86;joshua84@example.com;North Christian;Saint Barthelemy
1727;4698;Charles;Clark;2001-04-17;864-571-13;elizabethbarron@example.net;Bonnieview;Congo
2186;3046;John;Johnson;1989-01-30;864-101-15;greenmelissa@example.com;Annaview;Hungary
3941;4346;Jerry;Delacruz;1969-12-15;806-597-27;jfleming@example.com;New Todd;Kenya
3346;1417;Angela;Sandoval;1997-01-04;376-612-69;nmiller@example.com;Annashire;Russian Federation
3554;3919;Jacob;Holt;1976-12-14;775-354-00;david60@example.net;East Lisafort;Singapore
1667;661;Jocelyn;Williams;1973-03-19;542-028-18;maria16@example.org;West Jennifer;Chile
5388;4179;Tyrone;Thompson;1996-02-09;858-832-83;bushronald@example.net;New Matthewville;Iraq
5120;1619;Stephanie;Stevenson;2001-06-12;701-723-82;mcook@example.org;Cervantesport;Saint Kitts and Nevis
2064;3461;Lisa;Peters;1973-04-30;719-497-37;bobby60@example.net;Feliciaville;Iran
3043;2661;Barbara;Jenkins;1996-08-01;147-383-24;zcook@example.org;Sandraport;Nigeria
3831;1372;Bradley;Vasquez;1969-05-08;998-040-86;shawn64@example.com;North Annettefurt;Nicaragua
4189;3792;Justin;Williams;1988-09-18;379-445-66;jeffreyhill@example.org;Cunninghamport;Lithuania
5447;1502;Lisa;Edwards;1978-03-13;680-834-54;santiagojessica@example.com;South Vanessa;Hong Kong
2060;3838;Suzanne;Burgess;1964-07-23;666-844-60;michaelgriffith@example.net;North Jamesburgh;Bosnia and Herzegovina
1810;999;Laura;Turner;1962-07-12;384-744-41;oconnelldanielle@example.net;Ronaldshire;Netherlands Antilles
3378;3008;Kimberly;Moore;1997-01-10;748-140-97;monique34@example.com;New Kimberly;Peru
6679;1255;William;White;1979-05-18;693-402-19;bryan67@example.org;Port Brendashire;Svalbard & Jan Mayen Islands
6023;2997;Terri;Juarez;1972-01-01;350-647-43;davidcoffey@example.org;Brianbury;Austria
5119;2234;Angela;Turner;1963-01-11;712-925-13;anthony41@example.com;Port Jesse;Ethiopia
4478;3749;Joshua;Martinez;1985-04-02;538-913-87;maurice82@example.com;Lake Timshire;Tokelau
5380;1454;Logan;Evans;1990-03-10;757-212-20;davidthomas@example.com;Gutierrezside;Seychelles
1769;2457;Paul;Jackson;1990-09-01;592-398-21;martinezmarcus@example.com;North Tammy;Guinea-Bissau
1768;3016;Brian;Kennedy;1971-08-11;158-567-94;ronald04@example.net;Georgeborough;Bermuda
5919;2749;Timothy;Noble;1992-09-29;479-041-93;allison96@example.com;North Aaronfort;El Salvador
6258;4109;Jessica;Dyer;1994-10-10;994-607-06;lisa58@example.net;West Erica;North Macedonia
4385;1907;Oscar;Hicks;1970-02-08;338-034-68;phillip68@example.net;Mosesville;Angola
5395;3545;Morgan;Davenport;1975-03-06;881-444-73;brandy96@example.org;Sanfordside;Iceland
5935;2191;Kenneth;Daniel;1990-02-17;613-259-34;taylorkaren@example.com;Maryside;Finland
4191;2407;Peter;Taylor;1997-02-27;560-349-41;samuelbell@example.net;North Jonathanhaven;Cook Islands
4620;2727;Gabriella;Lozano;1979-03-15;987-901-89;fgarner@example.org;East Judy;Tokelau
3392;1696;Kevin;Shaw;1991-04-13;817-109-96;jessica79@example.net;Scottmouth;Iran
2721;2034;Jeremy;Flores;1995-02-04;798-014-42;rpatterson@example.org;Sparksborough;Azerbaijan
2682;4200;Timothy;Pitts;1995-02-23;417-877-93;christopher08@example.net;East Johnbury;Denmark
6199;4255;Austin;Johnson;1988-09-09;627-943-50;amyli@example.com;Marquezbury;Estonia
5670;2766;Amanda;Lewis;1970-03-06;939-742-84;amyray@example.com;Martintown;Iceland
5557;2683;Lori;Harris;1976-06-12;380-825-76;ginarichardson@example.org;Tinaville;Zambia
6423;1904;Elizabeth;Clark;1967-12-24;173-519-89;shaynes@example.org;Cummingsbury;Norway
4796;4131;Lisa;Petersen;2001-08-06;821-841-85;charlesjon@example.org;Robertsview;Croatia
6102;813;Justin;Ellis;1995-06-23;385-111-69;warrenkatrina@example.org;Lake Jamieborough;Israel
2272;3922;Kevin;Day;1999-05-19;354-012-44;smithlarry@example.org;Garrettfurt;Venezuela
3635;4062;Michelle;Conrad;1999-01-05;476-150-47;jenniferjones@example.net;Port Luis;Finland
3130;1836;Frederick;Rivera;1985-03-01;858-809-53;torresphilip@example.net;Jameston;Romania
6415;3830;Casey;Wagner;1997-05-24;913-622-73;mflynn@example.org;Paigemouth;Ghana
2539;1548;Tamara;Ramsey;1967-06-22;662-872-39;nobleraymond@example.org;Williamsborough;United States of America
1756;697;Jonathan;Lewis;1979-11-07;410-093-53;bryantheather@example.net;Millerland;Georgia
5411;2739;Melissa;Bell;1984-04-22;935-346-54;nknight@example.org;Erinstad;Nicaragua
4313;1091;Cesar;Miller;1973-08-15;258-021-30;donald37@example.com;South Beckyside;Saint Kitts and Nevis
5351;4565;Elaine;Cox;1992-05-25;846-317-79;ronaldfuller@example.org;South Davidburgh;Uzbekistan
5252;688;Matthew;Ellis;1991-07-03;191-273-73;brandycoleman@example.net;Bullocktown;Uzbekistan
6164;2252;Nicholas;Tucker;1994-11-23;675-099-25;goodnicole@example.com;Laurieland;Cameroon
1683;1179;Brandon;Lamb;1987-01-07;307-400-28;veronica55@example.com;Pamelaberg;Lebanon
2949;3144;Anne;Barnes;2002-12-29;585-861-55;ulivingston@example.com;South Michaelburgh;Saint Pierre and Miquelon
4706;3014;Christopher;Schaefer;1988-04-11;383-391-88;tammycarson@example.com;New Alex;Mozambique
5523;936;Adam;Murray;1965-02-27;717-265-04;benjamin52@example.org;Hawkinsmouth;Bulgaria
4471;2328;Amber;Walsh;1995-03-24;226-279-62;taylorbauer@example.com;Lake Jamesport;Cocos (Keeling) Islands
4236;1880;Joseph;Weaver;1994-10-30;993-078-51;dustin82@example.org;North Mark;Dominican Republic
3697;1256;Joy;Johnson;2001-04-05;682-132-58;wwest@example.org;New Barbarabury;Cameroon
3222;949;Eric;Everett;1992-02-27;844-117-78;cathy53@example.net;Port Garrettmouth;Nepal
5242;3694;Erin;Buckley;1992-12-24;264-715-25;lfoster@example.com;North Sandra;Ecuador
5126;3830;Lauren;Cruz;1992-05-23;479-831-24;oyoung@example.com;Port Katelynport;Armenia
4926;3498;Heather;Park;1970-03-07;478-529-11;pdurham@example.org;North Nathanielshire;Bahamas
4755;715;Ryan;Simmons;1991-03-29;571-131-17;hollandmatthew@example.net;Bakermouth;Guyana
5578;3692;Karen;Rogers;1997-07-08;125-805-19;millerdalton@example.com;North Joan;Sierra Leone
5287;788;Angela;Phelps;1979-08-19;648-031-25;jeffreygreene@example.org;Amandaport;El Salvador
3740;4103;Micheal;Weber;2002-08-07;386-667-36;murrayvincent@example.net;West Aaronbury;Ireland
6099;3421;Justin;Kennedy;1969-02-28;306-505-96;rweber@example.net;North Jackland;Samoa
4585;4433;Wanda;Meadows;1976-08-25;101-067-56;nlove@example.org;North Jacqueline;Andorra
5326;4652;Jamie;Harvey;1988-02-09;176-534-20;browndiana@example.net;Pamelatown;San Marino
1283;3313;Sandra;Gonzalez;1978-09-13;632-359-56;lauranunez@example.com;Port Elizabethshire;Malawi
4817;2082;Sharon;Miller;1977-10-30;586-886-02;wadejose@example.com;Michaelborough;Kyrgyz Republic
3040;1931;Paul;Meyers;1981-03-13;771-849-60;gmiddleton@example.net;Timburgh;Angola
3618;3059;Austin;Wells;1982-11-11;924-893-30;fryallison@example.com;Tammyland;Holy See (Vatican City State)
4592;3823;Emily;Bailey;2000-12-10;639-971-05;amandamiller@example.com;Port Joseph;Seychelles
6598;2042;Timothy;Powell;1992-02-05;944-567-47;robyngross@example.com;New Shaneberg;Moldova
1869;3714;Deanna;Bell;1990-08-13;949-059-24;richardhernandez@example.org;Saraborough;Afghanistan
1322;3364;Deanna;Scott;1980-01-06;834-206-80;olsenpamela@example.com;Martinside;French Southern Territories
4114;2426;Katherine;Snyder;2003-02-05;596-321-50;drichardson@example.com;Wadeview;United States of America
1714;537;Daniel;Mosley;1997-11-20;150-724-01;lhernandez@example.net;Jeffberg;Dominica
6424;1428;Julia;Cunningham;1997-10-03;660-832-20;gclark@example.org;Dustintown;North Macedonia
4018;3548;Christopher;Floyd;1995-02-06;461-657-18;monica91@example.net;Patrickburgh;Cameroon
1429;1408;Brett;Amanda;1975-07-19;450-727-34;etrujillo@example.com;Port Jenniferfort;Gabon
4483;1722;Matthew;Cook;1995-11-18;572-440-12;katrina90@example.com;Morriston;Andorra
6148;1478;Steven;Hill;1975-09-30;287-959-13;mary22@example.org;Lake Matthew;French Polynesia
3818;2803;Julie;Andrade;1981-11-23;783-691-48;lnolan@example.com;East Roberthaven;Afghanistan
3253;1973;James;Byrd;1963-08-04;530-693-29;birdcurtis@example.com;West Joshua;Bosnia and Herzegovina
6079;4173;Daniel;Wade;1982-10-30;469-297-62;joshuahill@example.net;Robinsonmouth;Wallis and Futuna
3876;2214;Alexander;Hayes;1986-08-08;804-084-78;mccoynancy@example.com;Rodriguezland;Martinique
1809;2894;Sarah;Alvarado;1977-10-21;447-644-38;johnbarrett@example.net;Lake Darrell;Pitcairn Islands
4022;2940;Lisa;Marks;1992-05-24;177-123-66;ramirezstephen@example.com;East Katrinatown;Yemen
3577;2043;Brian;Floyd;1968-12-06;759-839-65;trose@example.com;North Teresa;United Kingdom
2839;2328;Dr.;Meyer;1985-01-29;149-117-21;april80@example.com;Jenniferberg;Serbia
6351;2240;Rachel;Schmidt;2000-04-28;242-222-40;savagejanet@example.org;Hillside;Kuwait
4914;4025;Miguel;Gonzales;1996-03-07;525-652-76;masonkellie@example.com;Castrobury;Uzbekistan
5715;2237;Renee;Bailey;1971-02-12;650-883-67;simondeanna@example.org;New Jeffreytown;Timor-Leste
2177;1224;Beverly;Weber;1986-01-15;453-939-60;jrasmussen@example.org;Cameronberg;Ireland
5355;3617;Daniel;Ramos;1983-09-15;843-966-42;mcknightthomas@example.net;North Lorichester;Italy
2982;1285;Sandra;Brown;1966-03-11;638-427-87;andersonjessica@example.net;West Andremouth;Saint Kitts and Nevis
3790;2854;Kevin;Kim;1987-08-29;717-678-20;jennifer48@example.com;Palmershire;Saudi Arabia
3155;3939;Elijah;Orozco;1998-07-07;871-111-43;gonzalespaula@example.net;Port Kaylaberg;Belgium
4940;779;Scott;Higgins;1977-08-24;384-477-91;hglass@example.com;South Kyleberg;Pitcairn Islands
3875;1678;Hannah;Carter;1964-02-16;341-376-73;kirbynicholas@example.com;South Michaelbury;Vanuatu
2861;920;Dean;Moss;2003-03-10;300-223-69;westmarcus@example.org;New Denise;Antarctica (the territory South of 60 deg S)
5449;2578;Desiree;Wagner;1989-03-07;545-251-51;kayla67@example.org;Ashleyton;Saint Kitts and Nevis
2554;4014;Judy;Taylor;1999-12-06;261-267-02;sarah52@example.org;East Carriefort;Estonia
1075;1855;Nicholas;Wood;1973-08-15;327-530-43;gallegosdonald@example.org;New Tanyamouth;Chad
1669;2780;Alexis;Brown;1964-02-21;819-949-16;jonathan01@example.org;Adamsborough;Tunisia
3317;1056;Benjamin;Anderson;1993-12-21;169-055-46;natalieleonard@example.net;South Kevinchester;Zimbabwe
2354;4280;Joyce;Young;1990-03-22;647-651-19;eryan@example.org;Tamaraville;Latvia
5414;1010;Benjamin;Nelson;1995-10-16;490-160-88;tonyasmith@example.net;Samanthamouth;Belgium
2156;2121;Tracy;Doyle;1968-09-25;115-508-90;martinsantos@example.net;Brittneymouth;Denmark
1350;508;Shawn;James;1975-09-18;657-088-11;dawnguzman@example.net;South Jamesport;Peru
5315;605;Rhonda;Gonzales;1998-08-10;960-317-01;carrolljohn@example.com;North Jessicaview;Haiti
5892;3728;Teresa;Joseph;1963-05-30;528-409-37;reederic@example.org;Roachfurt;Oman
1508;2644;Matthew;Stanley;1993-02-10;646-524-40;johnsonmichael@example.net;South Michaelhaven;Sweden
1829;1796;Anna;Huff;1990-09-14;341-959-97;pflores@example.net;South Traceyland;Belgium
6147;2733;Kimberly;Simmons;1991-06-08;570-060-34;gkrause@example.com;Maryfurt;Eritrea
5035;3720;Tonya;Pratt;1979-11-20;928-623-95;sara14@example.net;Cobbport;Mexico
3180;3254;Erik;Collins;1984-09-19;582-730-18;jamie09@example.org;West Brandon;Botswana
4326;948;Lauren;Lee;1999-09-17;396-414-06;andrew28@example.com;Jonathanhaven;Cayman Islands
4120;630;Nicole;Thomas;1980-12-01;739-282-50;ythomas@example.org;Port Paul;Peru
1720;3924;Molly;Douglas;2000-02-27;858-059-81;youngalan@example.com;Amyside;United States of America
2971;3100;Brandon;Alvarez;1972-03-31;817-375-63;sburton@example.com;Pamelabury;Guernsey
5389;3598;Jo;Lutz;1967-10-02;925-584-99;deleonamy@example.net;Evansberg;New Caledonia
1684;1681;Larry;Robbins;1979-04-24;975-697-89;colton98@example.net;East Vanessafort;Peru
6451;1434;Thomas;Howard;1988-12-15;802-960-19;john08@example.org;New Johnhaven;Saint Barthelemy
1308;1676;Susan;Maddox;1989-07-16;567-972-20;daymarcus@example.org;Heathfort;British Virgin Islands
5035;3630;Kelly;Mejia;1988-08-03;169-745-39;raykiara@example.net;Danielfort;Nauru
6630;1426;Daniel;King;1998-12-16;972-624-13;christinawilkins@example.org;Judithhaven;Uruguay
4876;1838;Michelle;Gutierrez;1977-07-17;381-347-30;susanbarrera@example.com;North Sarah;Senegal
5796;3666;Chris;Wilson;1980-08-09;341-471-54;henry97@example.com;Brownview;Tanzania
2557;4265;Victoria;Hawkins;1965-11-06;568-650-31;thompsonjessica@example.org;Lake Jeremy;Gibraltar
2828;2970;Amy;Hoffman;1983-09-21;891-200-74;perezjennifer@example.org;West Derek;San Marino
2946;3226;Joseph;Anderson;1964-04-19;485-229-76;pereztamara@example.org;East Zachary;Guyana
4262;4028;Sarah;Maynard;2002-07-25;806-378-19;anthony09@example.org;Justinton;Greece
2533;1552;Michael;Robinson;1990-11-19;869-547-34;kristy58@example.com;Port Sophia;Chile
2653;513;Martin;Lee;1998-03-08;333-415-70;edwardsullivan@example.org;Jacquelineburgh;Monaco
3197;1818;Andrea;Reynolds;1982-02-03;169-925-32;anthony81@example.com;South Stephanie;Bhutan
5770;4057;Elizabeth;Carter;1978-10-03;662-597-18;michaelrichardson@example.com;North Karenburgh;Lithuania
4848;2527;Cameron;Zavala;1988-09-14;502-794-12;dustinmurillo@example.net;Robinsonville;Grenada
5919;3947;Emily;Clark;1985-09-08;500-779-99;patricianguyen@example.net;Lake Timhaven;French Guiana
2887;2646;Wanda;Cherry;1992-11-09;159-546-37;taylor18@example.net;Romerobury;Sweden
3243;3559;Glenda;Carson;1969-12-10;124-838-04;jonathanmitchell@example.org;Lake Sharon;Jordan
1918;3320;Tyler;Edwards;1963-05-20;757-260-90;thompsoncheryl@example.com;Shelbytown;New Caledonia
1190;2871;Megan;Delgado;2003-06-04;112-629-44;maria03@example.org;Robertchester;Honduras
2940;3461;Robert;Brewer;1985-05-17;875-095-66;zacharysantiago@example.org;Rossburgh;Tajikistan
3705;3903;Julie;Hampton;1966-06-18;896-602-90;wburke@example.org;New Rachel;Cyprus
2619;3896;Tina;Blackburn;1999-05-07;397-435-88;leontara@example.net;Bakerview;Qatar
4020;4482;Kathy;Phillips;1976-01-18;219-269-57;joychen@example.org;East Jeffreyville;Equatorial Guinea
3230;2334;Mrs.;Romero;1993-01-13;760-768-69;alexandercarl@example.com;West Michaelside;Montserrat
1294;2983;Christopher;Clark;1976-11-21;828-531-40;cantuparker@example.org;New Brandi;Norway
4583;844;Corey;Garner;1980-10-23;670-557-61;tiffany82@example.org;Travismouth;Timor-Leste
4487;3104;John;Lewis;1998-11-04;358-321-59;danieljohnson@example.com;South Isaacland;Aruba
2073;2811;Michelle;White;1966-09-28;856-518-57;guerrerokelsey@example.org;Donaldview;Northern Mariana Islands
3180;2372;Dakota;Lopez;1989-07-16;574-818-14;perezjorge@example.net;New Molly;Central African Republic
2246;4657;Mr.;Hayden;1992-12-25;870-496-71;tim46@example.com;New Coreyberg;Puerto Rico
1432;1371;Emily;Campbell;1962-09-25;644-214-65;ronald24@example.org;Kevinside;Honduras
2458;2600;Matthew;Simmons;1990-01-06;433-293-91;bergamanda@example.net;North Christopher;Slovenia
1752;1426;Sarah;Hurst;1996-02-23;190-698-43;zacharytaylor@example.com;Paigetown;Israel
2085;4425;Paul;Wallace;1969-05-02;894-770-27;dnelson@example.com;New Ryanview;Liberia
2191;4081;Kevin;Simmons;1964-03-13;426-201-64;richardnorton@example.org;Gregoryville;Australia
3898;3260;Janice;Hoffman;1988-06-18;376-166-72;emmasimmons@example.com;Lake Samanthafurt;Suriname
3084;2271;Linda;Carroll;1967-02-23;538-000-00;sherri32@example.org;North Victoriaburgh;Uzbekistan
6285;4284;Dr.;Russell;1996-11-05;952-827-18;costajeremy@example.net;West Gregory;Germany
4904;1501;Nicole;Liu;2002-04-24;837-218-15;jenniferwoodward@example.net;Lake Samanthatown;Congo
5071;1357;Richard;Hill;1979-06-24;146-136-65;gailjennings@example.net;South Charles;Guinea
2817;3983;Leslie;Weaver;1971-07-26;894-116-36;jeffrey32@example.org;Travisshire;Slovakia (Slovak Republic)
3899;2477;Jake;Johnson;1991-11-25;284-270-90;christopher28@example.net;North Wendybury;Libyan Arab Jamahiriya
6415;1116;Matthew;Schultz;1987-08-04;698-816-95;summerwalton@example.org;Hallburgh;Uruguay
1369;4187;Cindy;Duncan;1983-04-01;416-961-28;tdonovan@example.net;Port David;United Arab Emirates
3202;3036;Gary;Ingram;1983-07-25;618-693-85;fmiles@example.net;North Joseton;Qatar
1463;1899;Sarah;Garcia;1986-04-17;121-381-80;stevenmills@example.net;Lake Latoya;Bahamas
3295;2368;Grace;Carroll;1990-02-05;199-053-57;wilkinsbruce@example.net;Leeton;Nepal
6051;1198;Andrew;Erickson;1985-07-12;637-276-35;shelbyriley@example.org;West Paulmouth;Austria
2666;4366;Lisa;Mitchell;1969-05-24;548-225-03;taylormatthew@example.org;Greenechester;Gambia
1597;4473;David;Chan;1970-08-29;304-779-78;bperez@example.net;New Christina;Martinique
5133;3387;Jeremy;Cunningham;1975-07-17;177-585-35;leslie37@example.org;Kellymouth;Saudi Arabia
4390;4616;Gregory;William;1962-07-11;866-918-94;phillip55@example.org;Port Stephen;Pakistan
1872;2818;Nathan;Nash;2003-05-15;563-087-04;mooneyrichard@example.org;West Heidiville;Bulgaria
3826;2662;Justin;Torres;1976-10-11;784-108-33;olopez@example.org;Port Stephanie;Norway
2419;2084;Kari;Perez;1975-09-23;905-448-51;dennisjohnson@example.org;Ashleyland;Palau
4320;3643;Tanya;Wright;1982-11-19;201-065-04;acevedobrenda@example.org;East Emilyview;Cote d'Ivoire
1324;4231;Melissa;Martinez;1987-09-27;136-365-22;davidgomez@example.com;New Markbury;Cambodia
3928;546;Cory;Skinner;1993-01-26;691-347-87;crystal24@example.org;Jessicashire;Botswana
2945;1629;Victor;Fleming;2001-08-07;898-558-81;amyingram@example.com;East Karenville;Pitcairn Islands
2796;3125;Jeanne;Andrade;2002-11-23;769-965-39;bradbradley@example.org;Williamstad;United Arab Emirates
1408;1431;Gregory;Wells;1979-08-30;629-487-64;holly17@example.com;Carrollville;United States Minor Outlying Islands
5996;2830;Tammy;Martinez;2003-08-30;459-493-24;olsonlouis@example.com;East Amanda;Morocco
6457;848;Melvin;Buckley;1983-02-02;732-866-59;sotobrittany@example.com;Sarafurt;Puerto Rico
5523;4405;Jennifer;Williams;1992-02-23;957-646-67;dthomas@example.org;East Deborahshire;Azerbaijan
6031;2521;Laurie;Blanchard;1964-08-22;960-583-08;jacob71@example.com;East Priscillaland;Mauritius
3610;4149;Dr.;Bernard;1978-06-14;454-100-68;larry94@example.net;Bryantport;Guatemala
6024;3236;Taylor;Richards;2002-12-27;994-732-72;carpentertimothy@example.org;Lake Robertfort;Maldives
3994;1061;Lauren;Woods;1982-10-06;155-244-48;vrasmussen@example.com;East Grant;Finland
2401;3871;Tammy;Martinez;1978-10-01;824-841-42;shelleyrobinson@example.org;North Mariamouth;Turks and Caicos Islands
4003;2000;Dawn;Harris;1967-03-17;938-098-42;brendasalinas@example.com;Bergerchester;Norfolk Island
2905;2006;Bianca;Berry;1991-10-21;520-473-95;christina60@example.org;Lake Molly;Seychelles
1923;2088;Ronald;Boyd;1999-11-14;261-302-61;amberstone@example.org;West Drewstad;Anguilla
4391;1656;Michael;Taylor;1965-10-06;156-726-06;emilylee@example.net;Lake Loganview;Equatorial Guinea
5103;4581;Steven;Davis;1988-03-31;567-737-38;michael60@example.net;Edwardshaven;Senegal
6022;597;Elizabeth;Schmidt;1991-09-23;268-990-47;vincentphillips@example.net;South Latoyaburgh;Aruba
2595;1573;Kimberly;Fisher;1973-02-13;586-525-89;perkinskathleen@example.com;Davisfort;Belarus
6373;707;Peter;Bean;1982-08-21;349-471-13;justinjackson@example.net;Cherylfurt;Cyprus
2662;1195;Jeremy;Miller;2002-11-08;980-037-74;rebeccahowe@example.net;North Sarahburgh;Guam
5928;4462;Ivan;Martinez;1993-04-05;256-063-65;jonesmartin@example.com;West Oliviamouth;Suriname
5552;2482;Kenneth;Hunter;1966-10-19;824-048-10;erika80@example.net;Jerryburgh;Equatorial Guinea
4503;1136;Bryan;Flores;1967-04-28;735-222-57;andreahernandez@example.com;Lake Jessica;Gibraltar
1928;3249;Alexander;Smith;2000-05-29;381-893-15;paulgardner@example.net;North Matthew;Guadeloupe
4626;4341;Wyatt;Benitez;1970-07-16;579-320-01;rodriguezkevin@example.org;Janetshire;Turks and Caicos Islands
1084;3824;Bryan;Huber;1967-05-30;203-283-86;wendy98@example.com;Port Mariabury;Cameroon
5425;958;Stephanie;Davis;1972-06-11;672-771-99;millermelissa@example.org;South Lauren;Nicaragua
1538;1015;Ashley;Myers;1977-07-23;414-087-32;hendersonholly@example.net;Gonzalesburgh;Netherlands
2548;2813;John;Jackson;1963-05-26;266-242-78;hsanchez@example.org;Andrewsfort;Iran
4895;1939;Angela;Duran;2002-08-14;443-136-67;rebeccanguyen@example.net;Port Amyshire;Kenya
3543;4316;Colleen;Wright;1967-12-05;111-813-69;ostafford@example.com;Port Tammyport;Russian Federation
2526;3123;Howard;May;1993-01-18;622-952-15;wmiles@example.net;Piercefort;Malta
3492;1587;Tyler;Mcmillan;1989-08-01;297-283-13;bhanson@example.com;East Ryanhaven;Algeria
2042;2893;Jeremy;Johnson;1973-12-20;303-642-14;khill@example.net;Crystalhaven;Mozambique
6516;1868;Gregory;Stanley;1978-12-12;698-653-89;scottjessica@example.net;West Benjamin;Palestinian Territory
5321;1621;Angela;Sanders;1982-12-02;136-352-00;taylorblair@example.net;Michelleborough;Austria
2178;3918;Ellen;Douglas;1990-04-07;342-334-36;zcarroll@example.org;Espinozastad;Botswana
4322;4516;Gary;Young;1967-09-20;172-995-73;joseph19@example.com;South Katieberg;Kyrgyz Republic
3120;3535;Kristin;Thompson;1979-11-06;754-003-96;reynoldsdavid@example.org;West Theresa;Liechtenstein
3910;1988;Justin;Mueller;1984-10-04;990-873-36;heather11@example.org;Cookton;Saint Lucia
3446;2000;Alan;Perez;1998-01-31;892-601-71;millslauren@example.net;Port Davidburgh;Mauritania
3247;3085;Daniel;Allen;1970-10-23;435-662-06;krista84@example.org;South Clairestad;Guadeloupe
4866;3763;David;Butler;2001-02-18;562-925-63;larry74@example.net;West Andreatown;Norway
2211;753;Nathan;Lowery;2000-08-01;568-520-25;kendra23@example.net;Gonzalezbury;Honduras
5607;4424;Nancy;Sloan;2002-11-26;161-550-76;cooklauren@example.net;East Nancy;Netherlands Antilles
5639;1605;Joseph;Martin;1994-01-22;174-813-69;sean20@example.org;South Evanbury;Bangladesh
3143;1787;Christy;Sparks;1975-12-25;616-617-21;robertavillarreal@example.org;New Corey;Italy
3093;1827;Samuel;James;1987-04-23;777-220-20;hcarter@example.com;Richardfort;Jordan
2857;533;Valerie;Wright;1992-06-27;911-609-78;debra32@example.com;West Jenniferside;Montenegro
4053;4371;Bryan;Vazquez;1987-08-16;984-603-58;adamskayla@example.org;West Stacy;Malta
3221;1556;Colleen;Brown;1988-09-27;558-208-47;lowerydouglas@example.com;North Melissaberg;Switzerland
2794;1945;Barbara;Martin;1962-02-09;918-270-30;gregoryduncan@example.org;Kaneland;Bermuda
5236;1655;Frank;Griffith;1971-07-07;915-018-91;doughertyrodney@example.com;Bradleymouth;Croatia
6011;4053;Melissa;Sherman;1967-06-16;539-494-56;robertblack@example.net;South Manuelfurt;Libyan Arab Jamahiriya
5319;661;Megan;Moore;2003-04-13;477-638-04;xtaylor@example.net;Lake Lindsaystad;Maldives
2198;1710;Marisa;Jones;1986-12-14;622-815-62;mark86@example.net;Jessicaborough;Chad
2294;1611;James;Rosales;1962-03-01;849-740-73;iancastro@example.org;South Whitneytown;Kazakhstan
4201;1401;Jessica;Hancock;1975-09-23;972-031-48;mark42@example.com;Roseburgh;Namibia
4274;2931;Sara;Gates;1972-07-26;807-425-98;armstrongeric@example.com;East Theresaborough;Saint Vincent and the Grenadines
2475;1310;Danielle;Jones;1986-11-23;287-905-79;mannmatthew@example.org;South Michelle;Montserrat
5105;968;Warren;Rogers;1969-04-14;132-912-36;ngonzales@example.com;New Zacharyhaven;Papua New Guinea
3488;3968;Sabrina;Hernandez;1988-09-15;533-613-66;zcooper@example.org;Gordonmouth;Croatia
3729;3252;Gary;Jones;1990-05-16;719-496-07;stevenbailey@example.net;Kingshire;Reunion
1940;3799;Christopher;Guerrero;1968-08-21;512-766-84;thuerta@example.org;East Gregory;French Polynesia
4509;3050;Erik;Davis;1995-03-07;893-322-21;connierose@example.net;South Kathleen;Liberia
5072;1015;Ashley;Wilson;1986-10-13;647-454-80;suzanne41@example.net;East Jackshire;Australia
3381;3889;Taylor;Cain;2001-09-06;750-778-96;andersonrobert@example.com;Matthewborough;Namibia
6346;4325;Alex;Dennis;1966-03-01;142-600-75;john12@example.org;Zacharyville;Cameroon
2994;2601;Bethany;Rodriguez;1985-06-14;233-508-42;kimberly06@example.com;Anthonyborough;Bahrain
5951;3729;Anthony;Collier;1975-08-22;148-893-80;jonesmiranda@example.org;Lake Jessicamouth;Kenya
4867;2450;Anna;Martin;1964-04-01;405-092-38;ophillips@example.net;North Mark;Sao Tome and Principe
1858;707;Desiree;Day;1982-04-25;624-650-48;nfoster@example.org;North Katieberg;Mali
3530;1066;Gary;Hudson;1965-04-18;740-017-24;dwayneduncan@example.org;West Jessica;Austria
5756;3941;Lori;Ortiz;1984-11-09;609-177-68;davisroger@example.com;West Scott;Mayotte
3575;1161;Diana;Moore;2002-03-28;870-573-81;lauriefisher@example.org;Rodriguezchester;Comoros
2428;2267;Joseph;Meyer;1989-02-07;539-541-03;mark60@example.net;Lake James;Zimbabwe
2090;553;Shawn;Patricia;1979-04-25;317-808-80;tvargas@example.net;North Aaron;Senegal
3007;1358;Casey;Lozano;1999-03-28;615-393-92;brooke56@example.net;Harperstad;Tanzania
4697;4694;Kara;Buckley;1990-02-13;664-478-55;qmack@example.com;East Maria;Mexico
4751;2391;Sherri;Boone;1975-09-03;133-330-48;amandabradley@example.com;Lake Phillip;Jersey
2647;661;Wesley;Hale;1980-04-25;975-913-14;rrichards@example.net;Christopherfurt;Georgia
5384;1968;Amy;Wallace;1996-11-18;494-480-94;brooksashley@example.net;Brownport;Afghanistan
2252;1199;Emily;Rodriguez;1964-05-29;866-265-39;jeffery06@example.net;South Ericshire;Mayotte
2010;4336;Randall;Thomas;1992-11-18;681-207-33;jasminedavidson@example.net;New Teresahaven;Barbados
5152;4615;Ashley;Bishop;1967-11-14;774-626-68;hnewton@example.net;Hoffmanview;Saint Pierre and Miquelon
5230;2346;Peter;Wilson;1967-08-05;114-011-92;phillip30@example.org;Port Donnaside;Heard Island and McDonald Islands
3373;2183;Daniel;Tyler;1968-02-24;812-998-07;joanrogers@example.org;North Chadland;Myanmar
2640;2675;John;Stevenson;1973-11-24;236-602-88;lhendricks@example.org;Garciaport;Colombia
3308;2420;Stuart;Hoffman;1998-11-26;810-015-74;darrelllawson@example.com;Port Jamesstad;Guyana
4777;1496;Alison;Morris;1975-03-21;928-362-07;hfernandez@example.org;Port Renee;Mongolia
2973;1866;Jacqueline;Castaneda;2001-06-30;431-664-63;stephen13@example.com;Lake Thomasside;Kiribati
5763;4331;Matthew;Franklin;1962-08-31;335-953-92;smithjonathan@example.net;Port Mark;Italy
5247;4628;Tyler;Shepherd;1984-04-05;679-279-22;smithlaura@example.org;West Thomas;French Southern Territories
3270;1278;Melissa;Evans;1971-02-13;445-254-77;jasongraves@example.com;New David;Nigeria
5785;574;Daniel;Shaw;1986-04-07;946-955-02;laura19@example.org;Masonborough;Saint Kitts and Nevis
2984;2616;Sabrina;Mckinney;1992-04-18;243-574-01;angela77@example.net;Lake Brittany;Niger
2942;1401;Anthony;Terry;1987-08-14;764-760-88;mbrooks@example.org;Cummingston;Holy See (Vatican City State)
4774;3862;Natasha;Martin;1979-01-17;762-512-67;jasmine38@example.com;Jamesland;Angola
2675;1051;Jim;Wright;1993-09-09;906-330-99;kingdenise@example.net;Blairton;Poland
5711;2104;Rachel;Singh;2002-04-27;914-534-68;raymondkelly@example.org;Shawton;Aruba
5862;2742;Tammy;Becker;2002-02-27;569-437-80;sarahlyons@example.org;East Susanmouth;Burkina Faso
6271;1602;Maria;Wagner;1973-11-02;421-451-21;jessicakelly@example.net;Kellyview;Swaziland
5600;855;Kayla;Schaefer;1984-12-23;741-894-87;annadavis@example.org;Lake Andrew;Jamaica
6116;3696;Stacy;Carroll;2002-05-22;420-053-49;glopez@example.org;East Theresa;Liberia
1283;4439;Gloria;Sanchez;1968-01-14;747-517-39;dylanlong@example.org;North Brittany;Philippines
5636;3211;Jennifer;Koch;2002-09-24;951-306-88;michaelrodriguez@example.com;North Kevin;Botswana
6399;2275;Brian;Gray;1977-09-15;389-605-37;smithmark@example.org;Lake Catherine;Tonga
5885;3981;Dustin;Anderson;1967-02-02;802-602-56;tbuchanan@example.com;Carsonmouth;Singapore
5764;4178;Lisa;Cantu;1980-08-15;416-592-35;mitchellbrian@example.org;Colonmouth;Congo
4047;3902;Cheryl;Reed;1980-02-16;172-193-78;qspencer@example.com;West Ashleyberg;Iran
6062;3566;Arthur;Parker;1966-09-01;239-830-73;tpatel@example.com;East Christopher;Tanzania
1874;4279;Nathan;Cunningham;1972-03-06;867-413-70;ysanford@example.net;Petersonshire;Reunion
6442;1592;Tyler;Ford;1999-10-25;901-309-73;hmeyer@example.net;Smithview;Saudi Arabia
5308;3112;John;Grimes;1979-01-26;204-827-13;dmorris@example.com;Connorchester;Peru
5249;2282;Megan;Delacruz;2003-03-24;669-249-92;christopherstokes@example.com;Dianehaven;Afghanistan
1918;4303;Jeffrey;Blake;1985-09-09;559-529-53;murrayharold@example.net;Port Elizabeth;Colombia
5721;2597;Charles;Gomez;1978-10-19;319-881-55;rmercer@example.net;Kellyside;India
5935;3036;Mackenzie;Tyler;1977-11-23;795-753-73;rhonda29@example.net;Theresashire;Kenya
5205;723;Robert;Garcia;1979-01-05;990-531-70;morrisbrandy@example.com;New Thomas;Netherlands Antilles
2316;4041;Emily;Thomas;2001-07-24;369-427-93;storres@example.com;Kevinport;Samoa
4450;4184;Jessica;Clayton;2000-05-02;536-921-84;shane26@example.com;Patelshire;Belgium
3844;1105;Laura;Gibson;1974-12-06;930-801-34;philip37@example.com;Michaelburgh;Madagascar
1036;1472;Samuel;Hess;1985-12-24;470-331-92;dianaperez@example.com;Howellshire;Lebanon
1334;548;Teresa;Wright;1989-07-05;485-619-02;crystalmccormick@example.net;Port Christopher;North Macedonia
5755;2197;Carl;Conway;1996-07-09;941-364-58;antonioevans@example.org;Lake Larry;Oman
3011;1100;Marie;Ramos;1980-04-18;434-590-19;emiller@example.org;Port Thomastown;Puerto Rico
4598;839;Bradley;Gilbert;1996-10-14;801-085-37;tdavis@example.net;Andersonstad;Congo
2343;3859;Darlene;Adams;1995-11-28;169-755-45;gsmith@example.org;Port Melissa;Niger
3996;3805;Steven;Sullivan;1987-06-06;767-202-68;fletcherbrian@example.net;Kellytown;Slovenia
3727;694;Lee;Nash;1969-08-25;709-776-12;brendaortega@example.com;Lake Anna;Niue
6584;1526;Kevin;Desiree;1982-11-06;260-138-85;shanespencer@example.net;Johnbury;Kuwait
5327;3570;Ashley;Nichols;1967-12-26;931-421-91;hpaul@example.com;West Steven;Monaco
6464;3050;Maria;Conley;1962-08-23;495-944-06;shawnarasmussen@example.com;Roweburgh;Tajikistan
6233;4172;Amber;Ramos;1988-03-05;916-614-51;breynolds@example.net;West Brittanyland;Falkland Islands (Malvinas)
2006;1779;Karen;Martin;1966-01-20;132-425-58;charlesburton@example.net;Samanthamouth;Kiribati
2095;1890;Latoya;Wilson;1993-06-03;654-630-96;umills@example.org;Lake Robertville;Guernsey
2787;637;Brandon;Benton;1986-03-06;194-293-79;nrowland@example.org;Port Emily;Isle of Man
4677;606;Charles;Pearson;1990-02-13;174-594-72;bryanweaver@example.com;South Cheyenne;Seychelles
2380;4606;Todd;Zimmerman;1991-04-23;523-495-25;robinsonsophia@example.org;Port Jessicamouth;Burundi
5240;804;Susan;Manning;1998-09-14;641-424-33;diazmaria@example.net;North Suzanne;Vanuatu
1247;2787;James;Daniel;1965-02-19;879-479-92;mhenderson@example.org;Joshuatown;Uzbekistan
4798;4510;Blake;Hill;1968-07-30;456-864-58;alexander45@example.com;New Kelly;Bulgaria
1198;3659;Rebecca;Hernandez;1985-10-21;168-175-86;sextondavid@example.org;Ramirezhaven;Suriname
6380;2875;Andrew;Bennett;1984-09-15;353-932-18;kfernandez@example.com;Christianport;Bahamas
1682;4325;Joanna;Hernandez;1998-05-14;214-084-51;dale34@example.org;East Alexmouth;Gambia
2587;976;Andrew;George;1998-11-07;252-998-87;michael97@example.org;East Sherry;Ireland
4155;2975;Heather;Gibson;1993-03-18;609-526-10;brian44@example.net;Katherineborough;Uganda
6172;3328;Lisa;Barton;1990-02-12;618-963-54;adam83@example.com;Frederickburgh;Indonesia
6409;3399;Katie;Frank;1988-08-11;635-399-48;kathy41@example.net;Josephton;Northern Mariana Islands
2570;2729;Kimberly;Haas;1986-04-07;783-386-32;qacosta@example.org;North Elizabethview;Pakistan
6586;584;Diane;Martin;1990-06-23;356-513-87;meyerrachel@example.org;South Thomas;United States Virgin Islands
5031;4331;Joseph;Ramos;1994-07-28;259-730-02;jessetorres@example.com;New Suzannemouth;Anguilla
3433;550;Chad;Shah;1975-09-15;282-875-71;jenniferclarke@example.com;Port Holly;Egypt
5371;1917;Michael;Drake;1965-04-01;104-174-39;owendaniel@example.net;New Andrewtown;Bolivia
6354;3242;Chloe;David;1993-05-17;983-956-95;samuel05@example.com;South Heidi;Jersey
4633;1833;Mrs.;Roberts;1981-05-01;257-222-45;madams@example.com;Ritterfurt;Armenia
6063;1522;Ashley;Johnson;1986-11-21;132-100-27;josephbennett@example.org;Markport;Martinique
4868;2460;John;Garcia;1962-11-22;329-252-88;haneykatherine@example.net;East Jamesside;Burkina Faso
4190;4569;Mary;Mcknight;1968-09-24;845-503-90;judy70@example.org;East Matthewville;Mexico
4800;4696;Amanda;Moreno;2000-07-19;202-275-39;vincent61@example.net;North Michele;Central African Republic
5122;3351;Katherine;Stewart;1988-08-01;223-361-90;kandrews@example.net;Jamesland;Iceland
5415;787;Chris;Hamilton;1983-04-22;819-856-72;megangreen@example.org;South Brettstad;Latvia
5919;4056;Catherine;Jones;1968-10-07;740-503-38;ccolon@example.com;Jaimeshire;Georgia
6595;1895;Dominique;Lopez;1982-07-21;954-133-42;kylegiles@example.org;West Courtney;Niger
4313;2119;Bryan;Walker;2002-09-10;776-806-55;robinsoncrystal@example.com;Danielview;Djibouti
1104;3318;Morgan;Prince;1991-04-04;248-626-68;tyang@example.net;New Jason;Senegal
4738;2248;Dr.;Watkins;1980-08-27;155-003-16;jamesmary@example.com;Lake Brandontown;Oman
5524;3937;Kristy;Villanueva;1998-04-22;832-319-02;josephgarza@example.org;Erichaven;British Indian Ocean Territory (Chagos Archipelago)
3482;1002;Nancy;Bell;1985-06-03;413-944-89;taguilar@example.net;Steveside;Martinique
6603;3141;Victoria;Clark;1963-06-22;667-379-81;qdavis@example.com;Lake Brandon;Swaziland
4471;991;Vanessa;Schultz;1991-01-03;134-634-83;greerkayla@example.com;Leebury;Tajikistan
6427;2363;Patricia;Thompson;2000-03-21;978-952-20;bfoster@example.com;Briannashire;Peru
2201;2915;Courtney;Martinez;1972-11-25;993-491-58;zyoung@example.net;New Patrickbury;Egypt
5439;3237;David;Mejia;1999-02-19;356-227-76;cathy05@example.com;Brightbury;Rwanda
2334;2099;Tyler;Harris;1984-04-08;882-803-42;blee@example.net;Rossshire;Italy
2750;1444;Luis;Brown;1986-07-11;526-531-14;vhernandez@example.org;Lake Patrick;Yemen
1687;1351;Jessica;Cohen;1968-03-08;325-010-21;stephaniebrown@example.net;East Paultown;Panama
1297;1698;Michelle;Griffith;1963-11-21;885-776-98;ibenitez@example.org;Carpenterland;Canada
4250;3571;Scott;Nelson;1992-06-02;173-748-74;harpermichael@example.net;North Scott;Greenland
6701;595;Lori;Wu;1994-10-19;237-949-57;yortiz@example.com;West Leonardton;Congo
2268;2713;Austin;Davis;1989-05-23;128-977-57;stevenparks@example.com;North Stephanie;South Africa
3448;2298;Joseph;Harmon;2003-01-30;137-001-17;ericfletcher@example.com;Alejandraville;Cocos (Keeling) Islands
6175;4327;Monique;Allen;1982-08-30;104-307-68;durhamtiffany@example.org;Robertview;Indonesia
3453;3843;Adriana;Ramos;1995-03-10;143-568-40;opowers@example.com;Mejiatown;Norfolk Island
2710;3490;Charles;Hughes;1995-01-08;476-078-37;mark90@example.com;Ralphville;Niue
5268;4097;Pamela;Porter;1994-03-11;157-731-83;jacob67@example.org;East Mary;Montenegro
2130;4684;Shirley;Rubio;1997-11-03;203-262-35;matthew79@example.com;South Karenland;Moldova
2136;1419;Charles;Reed;1983-10-15;612-128-70;jhanson@example.com;East Marcushaven;Equatorial Guinea
4721;1355;Benjamin;Herman;1984-02-19;778-803-21;ndiaz@example.com;Port Kathy;Denmark
3907;1759;Deborah;Smith;1962-12-17;433-297-05;gatessara@example.com;Port Anita;Uzbekistan
3571;1094;David;Alvarez;1994-03-03;244-628-35;lopezbrian@example.net;Tiffanyview;China
4027;1846;Daniel;Whitaker;1994-02-06;508-011-51;diane31@example.net;East Kevinton;Jordan
3933;4623;Caleb;Adams;1996-09-23;734-465-37;gregorynichols@example.com;South Erica;Saint Pierre and Miquelon
2023;2017;William;Krueger;1984-04-18;555-174-78;pittsjason@example.com;Owenshaven;Bolivia
2242;4125;Terry;Hughes;1973-01-20;735-113-50;tannersmith@example.com;Tabithaville;Tokelau
2387;2462;Matthew;Rogers;1997-10-22;217-115-43;holdenmonica@example.com;Port Christopher;Tonga
4419;2696;Martin;Swanson;1982-11-30;693-231-61;growland@example.net;Martinberg;Senegal
6125;507;Daniel;Reid;1984-04-20;224-933-28;scott53@example.org;Michaelmouth;Belarus
4724;4113;Allison;Shelton;1980-04-05;717-910-61;scottdanielle@example.org;Lake Amyside;Algeria
6551;507;Linda;Anderson;1976-07-02;556-470-62;samanthasimpson@example.org;Schaefershire;Nepal
6601;2081;Colleen;Hernandez;1974-04-17;217-547-12;williamschwartz@example.org;Port Jeremystad;Cyprus
5404;1594;Kristin;Jason;1977-07-17;471-285-91;fdavis@example.net;New Mary;Kuwait
6702;3608;Sylvia;Werner;1971-10-30;580-385-65;ashley89@example.org;New Jayside;United States Minor Outlying Islands
3443;2947;Donald;Price;1991-04-14;521-569-86;abbottgail@example.org;New Robertfurt;Djibouti
4830;1723;Catherine;Jensen;1986-12-10;579-776-25;manuel75@example.com;Matthewbury;Netherlands
2099;3862;Victoria;Jackson;1967-08-08;392-372-50;bryanjackson@example.com;East Rogerbury;Netherlands Antilles
6287;3357;Kim;Nguyen;1995-08-30;899-716-53;saraherickson@example.net;South Lindsey;Bahrain
3659;3480;Yvonne;Foster;1986-04-14;326-270-00;rmiller@example.com;East Andrew;Uzbekistan
1225;1090;Crystal;Morris;1972-12-21;560-934-96;edwardjames@example.org;Port Gabriel;Greece
1332;3116;Michael;Flores;1976-09-28;195-968-05;ann46@example.net;Milesview;Ecuador
5767;2872;Pamela;Nicholas;1985-01-29;110-499-55;stonenatasha@example.net;Payneview;Rwanda
5710;2425;Jennifer;Wright;1979-10-05;144-922-76;haleyrobin@example.org;Jessicamouth;Belarus
1469;4692;Linda;Jordan;1988-08-11;971-994-18;snielsen@example.com;South Bill;Guyana
1882;2718;Luis;Thompson;1968-03-02;589-257-32;amandawoodward@example.org;Bridgethaven;Timor-Leste
1961;4678;Richard;Bailey;1966-04-18;237-023-46;ewilson@example.org;North Joseph;Algeria
1296;3655;Haley;Perry;1976-11-16;643-605-63;mrobinson@example.org;Dustinbury;Switzerland
6679;2720;Tanya;Nicholas;1968-10-27;814-719-08;ygarcia@example.org;Karaport;Micronesia
3442;4636;Brady;Alexander;1975-07-29;520-974-19;jared55@example.org;Christopherhaven;Turkmenistan
6135;1405;Adam;Hunter;1984-01-02;714-283-56;larnold@example.net;East Vincent;Niue
3887;953;Meredith;Romero;1968-05-01;693-108-08;fbradley@example.org;West Ambershire;Cook Islands
1787;1094;Wesley;Davidson;1999-04-14;572-090-32;terri37@example.com;Williamsborough;Finland
2950;2359;Dawn;Guerrero;1995-08-24;353-705-84;peterwhitaker@example.org;Villaview;United Arab Emirates
5262;2569;Robert;Cooper;1981-09-13;190-681-89;qyork@example.org;East Kristen;Saint Martin
2428;4215;Christian;Castro;1981-10-01;608-909-81;xjohnson@example.org;New Joanburgh;Cote d'Ivoire
1601;3931;Chris;Flores;1975-10-11;644-010-59;mmeyer@example.net;South Jason;Belgium
2794;4178;Marcus;Arnold;1970-07-12;596-817-14;ufletcher@example.net;Graymouth;Finland
4777;1396;Edward;Ferguson;1981-02-20;625-220-36;vperez@example.org;Elizabethton;Greece
2213;2849;Danielle;Johnson;1990-03-13;600-381-83;mia88@example.com;Robbinschester;Latvia
2235;3411;Lisa;Harris;1992-08-18;638-042-05;leashley@example.org;West Brandon;Sweden
2199;1145;Sharon;Lam;1999-04-07;201-107-32;melvinwilliams@example.com;New Craig;Turkey
5627;1268;Jessica;Mcdonald;1982-02-22;309-061-62;christieschmitt@example.org;Grimesmouth;Kuwait
3645;528;Tiffany;Gutierrez;1999-12-16;472-577-86;jessica26@example.org;East Carl;Lebanon
2950;891;Cody;Archer;1970-11-01;416-650-17;cynthiathomas@example.com;New Jessicafort;Tanzania
2565;2393;Jody;Huff;2001-05-04;592-953-83;johnsonkatherine@example.net;Port Heather;Kiribati
3661;2165;Kimberly;Freeman;1982-07-23;766-608-13;vyoung@example.org;Denisefurt;North Macedonia
2299;1011;Mark;Gray;2003-05-14;670-958-25;madison24@example.org;Campbellshire;Costa Rica
1811;1625;Allison;Gamble;2000-02-11;885-043-60;derricknelson@example.com;Lake Amy;Slovakia (Slovak Republic)
6161;3610;Jessica;Meyer;1975-11-28;928-539-28;william07@example.net;New Anna;Bahamas
5627;1220;Virginia;Cole;1996-02-01;446-308-32;michael54@example.net;East Joanna;Libyan Arab Jamahiriya
1844;4678;Caroline;Peterson;1995-08-29;336-547-65;sdelacruz@example.net;Wilkersonberg;Greece
5828;1486;Andrew;Hoffman;1967-08-20;538-724-74;moyerjennifer@example.org;Henrybury;Turkey
2929;1078;Danielle;Carter;1986-06-25;495-768-37;broberts@example.org;Jenniferfurt;Czech Republic
1793;1128;Elizabeth;Carson;2000-03-31;175-473-09;michael48@example.com;Lake Melissabury;Kyrgyz Republic
5270;4188;Kaitlyn;Lester;1984-04-04;217-928-23;ramirezjoshua@example.org;South Michelle;Nicaragua
2061;678;Stephanie;Martinez;1979-09-29;374-863-48;eddiescott@example.com;Parkerburgh;Guinea-Bissau
4967;1448;Nicholas;Novak;1978-06-30;383-352-35;rcooper@example.org;Edwardsville;Moldova
4271;1058;Sarah;Greene;1994-10-08;143-065-29;karinamoran@example.com;Jeffreyville;Niger
2796;2208;Andrew;Small;1982-05-12;215-982-45;lisa25@example.com;South Katrinahaven;Lao People's Democratic Republic
3155;658;Jay;Miller;1973-02-15;911-942-73;theresa29@example.com;North Felicia;Turks and Caicos Islands
3654;3556;Scott;Williams;1976-06-26;211-073-11;svaldez@example.com;South Deanshire;Seychelles
4053;4625;Francisco;Cisneros;1974-07-21;982-935-79;greenamy@example.org;Lake Christopher;Latvia
3000;3347;Sarah;Stewart;1979-01-22;913-196-87;eric25@example.org;Shawnton;Morocco
3338;3204;Stephanie;Webb;1970-08-25;468-425-17;pamelajackson@example.org;Gardnerville;Netherlands Antilles
1117;1108;Julia;Phillips;1983-12-14;305-940-16;brandon71@example.com;South Tyler;United States Virgin Islands
1161;4367;Ryan;Brown;1989-08-02;847-381-15;josephlewis@example.net;Ericaberg;Burundi
5199;3311;Monica;Aguirre;1998-02-12;613-865-51;charles26@example.com;East Audrey;Belarus
1282;803;Paige;Moran;2002-04-18;293-649-13;xwright@example.org;East Christian;Antigua and Barbuda
2684;4609;Erik;Walker;1998-09-17;427-415-52;fmiller@example.com;Port Alan;Luxembourg
1980;3573;Rachel;Skinner;1995-03-07;256-647-35;jasminesteele@example.net;North Marymouth;French Polynesia
3123;4159;Luis;Morrison;1996-08-01;517-005-51;larsenthomas@example.org;East Staceyland;Antarctica (the territory South of 60 deg S)
1516;3088;Jack;Morrison;1962-02-17;540-391-03;theodoregreen@example.net;Annshire;Micronesia
1311;4179;David;Smith;1986-05-27;615-922-92;trevinoryan@example.com;Christinaside;Niger
1484;742;Mike;Berry;1983-01-14;853-878-96;camposscott@example.net;North Michaelside;Saint Lucia
5012;3496;Barbara;Salazar;2000-12-12;468-891-11;williammartin@example.com;Raymondshire;Palestinian Territory
1211;896;Jacob;Flowers;1966-04-16;944-682-48;steve84@example.org;Danielshire;Jersey
5447;1797;Eric;Houston;1985-06-16;697-194-26;martinjose@example.net;Lake Tamaratown;Sri Lanka
4422;3833;Julie;Lopez;1989-03-27;520-527-91;mckenzie51@example.org;North Johnfurt;Congo
1418;1628;Steven;Arellano;1986-11-11;505-276-03;michaelhill@example.org;West Ericmouth;Georgia
6298;4120;Joshua;Mckenzie;1966-03-27;724-654-65;jessicavelez@example.org;South Lance;Mozambique
1067;4394;Rebecca;Wilson;1996-06-06;876-635-77;mark40@example.org;Aprilburgh;Lithuania
1765;3786;Nicholas;Davis;1998-01-18;597-795-55;evanskelsey@example.net;North Sharonborough;India
2771;4229;Jeremy;Cordova;2003-01-15;611-273-41;bethany33@example.net;Brianside;South Georgia and the South Sandwich Islands
3062;3612;Kayla;Brock;1994-06-24;181-908-46;hurleymichael@example.com;Mooreville;Venezuela
3632;3206;Madison;Smith;1981-02-26;837-563-40;egraves@example.net;Lake Mark;Cape Verde
3580;3843;Denise;Blanchard;1968-04-15;209-374-20;bethcox@example.com;New Keithstad;Fiji
5797;4016;Diana;Graham;1993-10-04;869-975-76;uacosta@example.net;Fowlerbury;Switzerland
1238;1426;Scott;Smith;1987-09-20;535-353-20;whitejennifer@example.com;Griffithton;Gambia
6475;3762;Ryan;Walsh;1966-08-09;318-638-06;diana08@example.org;Lake Michael;Georgia
1299;1992;Matthew;Garner;1989-09-15;442-745-65;chavezcarol@example.com;East Kristinahaven;Saudi Arabia
3300;3852;William;Lynch;1986-03-16;909-534-10;spencernicole@example.com;Doyleville;Colombia
5725;4636;Leslie;Trujillo;1987-12-20;352-176-28;salazareugene@example.com;New Richard;British Indian Ocean Territory (Chagos Archipelago)
4933;4090;Nathan;Johnson;2002-08-12;327-654-98;dawnjones@example.org;New Emily;Burkina Faso
6585;2834;Virginia;Tyler;1975-04-17;188-376-55;marthadominguez@example.net;Donnamouth;Monaco
1467;1744;William;Fowler;1975-06-27;559-511-89;joseph70@example.net;North Brian;New Caledonia
4982;1236;Lisa;Palmer;1974-11-10;162-373-28;qgonzalez@example.net;West Madeline;Iraq
5071;3230;Leah;Callahan;1988-03-13;758-185-50;nwarren@example.net;Amandaside;Nicaragua
5852;2018;Dwayne;Evans;2002-06-10;223-501-26;smithkristen@example.net;Lake Jacqueline;Dominica
6519;1164;Scott;Valenzuela;1989-05-14;364-681-84;romerostephanie@example.com;North Christopher;Thailand
2388;1903;Kyle;Wells;1965-08-18;288-879-52;stoutcassandra@example.net;North Joseph;Turkey
2777;1826;Jacob;Snow;2001-11-23;630-316-58;iconrad@example.com;New Susanview;Bahamas
2533;1316;Benjamin;Thomas;1979-02-18;681-626-57;vickilester@example.org;Port Mariachester;Somalia
5302;1859;Jeffrey;Lucas;2000-02-21;340-906-81;tara50@example.com;Acevedomouth;Switzerland
2491;4311;Robin;Sanchez;1979-06-28;813-011-82;nicholasgarcia@example.com;Savannahville;Mozambique
6205;1749;Brian;Thomas;1987-02-26;931-860-47;derrickzuniga@example.net;Danielstad;China
2762;2566;Richard;Rivera;1970-12-23;590-714-79;yatesjennifer@example.net;South Andrewton;Chad
2741;2330;Jennifer;Green;1973-11-04;755-011-90;oconnellwalter@example.com;West Amberfort;Kenya
1202;4293;Kara;Bates;1982-10-23;684-565-49;aanderson@example.org;Melissaville;Iceland
3491;849;Alexandra;Smith;2002-01-29;939-103-80;tparks@example.com;Johnsonmouth;Niue
1237;2861;Sharon;Sanders;2000-09-28;909-059-84;michael08@example.net;South Charleston;Gabon
2308;1386;Chris;Weiss;1973-02-09;680-252-81;nathanhines@example.com;New Ryan;India
1931;4041;Andrea;Lisa;1989-07-19;638-453-78;zmunoz@example.net;East Heatherburgh;Kenya
5944;828;Bradley;Flores;1996-02-01;777-383-02;fhernandez@example.org;Robertsfurt;Ghana
3803;2501;Michele;Johnson;1984-03-24;787-382-67;davidsmith@example.net;Heathermouth;Christmas Island
3427;840;Mark;Stewart;1969-06-11;967-677-89;eburch@example.com;Freemanside;Malaysia
5046;3145;Jamie;Jackson;1971-10-02;149-693-51;wtorres@example.org;East Amandafort;Ecuador
5361;3204;Angela;Thomas;1985-12-04;773-855-30;wgrant@example.com;South Thomas;Japan
5516;2128;Michael;Cruz;1964-09-10;898-972-39;vcastaneda@example.org;Robinsonfort;Italy
5898;3522;Rachel;Scott;1988-02-19;150-680-48;lbest@example.com;Beckyview;Botswana
2832;3502;Devin;White;1999-05-26;331-739-38;elijah58@example.com;Olsonview;Greece
2768;1183;Hunter;Henry;1994-09-20;726-170-60;davisjames@example.com;Port Jessica;Turkey
3335;4262;Heidi;Hickman;1966-06-17;101-010-52;belldale@example.net;Port Lynnton;Saint Helena
6046;3663;Pamela;Thomas;1997-12-13;115-351-60;vgonzalez@example.com;West Courtneymouth;Guinea
2943;2324;Derrick;Moreno;1977-12-07;938-714-61;omeyers@example.net;West Michael;Moldova
6563;3286;Patricia;Cruz;1977-07-17;216-829-54;robertsparks@example.org;Tracyport;Uzbekistan
3455;1818;Robin;Daniels;1981-08-23;427-941-89;carrilloronald@example.org;Austinport;Morocco
5008;3535;Ashley;Miller;1989-12-19;266-240-85;kevin45@example.net;West Troy;Germany
1268;2853;Nicole;Fleming;1987-01-11;492-010-94;briggstheodore@example.org;Michaelfort;Ukraine
6520;1801;Travis;Macias;1977-12-22;767-045-25;miranda26@example.net;Calebmouth;Montserrat
2922;1593;Dr.;Bradford;2001-08-04;149-922-39;clucas@example.com;East Kellyhaven;Kyrgyz Republic
3623;2958;Robert;Wright;1975-09-14;542-332-38;okent@example.com;Montgomerytown;French Guiana
3997;2238;Amber;Anderson;1976-01-14;584-493-74;hernandezdonald@example.net;West Heather;Antigua and Barbuda
4640;2911;Allison;Ramirez;1973-08-12;230-950-85;hortonbryan@example.com;Heatherview;San Marino
2546;3345;Stacey;Kane;1992-08-20;980-810-64;uhunter@example.net;South Amandaborough;Tokelau
1726;3622;Jessica;Miller;1978-09-14;824-196-50;david65@example.org;Lake Tonyaport;India
2401;4040;Mark;Russell;1975-09-29;535-457-68;mcdanielbrandy@example.org;Port Emily;Bouvet Island (Bouvetoya)
3894;2907;Dennis;Simmons;1965-07-06;127-966-62;erin05@example.org;Clarkmouth;Cambodia
2852;803;Sean;Payne;1972-07-01;529-129-35;bvalenzuela@example.org;South Kimchester;Svalbard & Jan Mayen Islands
5216;2925;Lisa;Spencer;2000-10-30;289-348-81;grantaaron@example.com;Cynthiashire;Korea
5928;1563;Kimberly;Smith;1999-01-13;395-267-35;kimberly68@example.org;West Brandonfort;Latvia
3482;4023;Gilbert;Mitchell;2001-05-20;753-591-85;colin13@example.net;Allisonburgh;Belgium
4430;4560;Diana;Smith;2001-06-09;776-056-47;amy52@example.net;North Paulport;Malaysia
6355;614;Erin;Schneider;1988-04-05;574-577-00;susan58@example.org;Jonesburgh;United States Minor Outlying Islands
1070;4519;Kaylee;Richmond;2003-07-06;265-650-33;jeremy62@example.com;East Yolanda;Macao
2443;4093;Ann;Nguyen;1976-09-30;992-720-47;jacob18@example.org;Maynardhaven;Malaysia
4163;2722;Julie;Parker;1995-12-03;136-311-58;clarknathan@example.com;Linton;Taiwan
3020;3670;Jessica;Anthony;1977-02-01;837-748-36;amanda41@example.org;Austinberg;Zimbabwe
2504;979;Jessica;Ball;1986-10-22;162-508-20;darrenbrown@example.com;South Christian;Antarctica (the territory South of 60 deg S)
1333;4604;Laura;Garcia;1984-05-11;233-818-99;brooke37@example.com;Davenportmouth;Ukraine
1609;2637;Michael;Galloway;1996-02-04;424-041-92;gmcbride@example.com;Justinport;Bouvet Island (Bouvetoya)
1699;2303;Mary;Frey;1979-04-04;555-888-19;amy44@example.org;South Jacobtown;Andorra
5850;1877;Victoria;Benson;1992-12-07;559-737-87;sbutler@example.org;Aliciatown;Japan
2427;768;Gabriel;Henderson;1968-07-19;248-172-34;mmontgomery@example.org;Danielbury;Ghana
3823;2978;Matthew;Leblanc;1966-04-07;498-339-75;tracy65@example.org;Port Brianhaven;Israel
3011;1237;Benjamin;Campbell;1986-10-23;993-064-45;david23@example.com;Hopkinstown;Lebanon
1240;1116;Christopher;Sanford;1972-06-03;113-073-82;ambermiles@example.net;Sheppardton;Brazil
2815;3949;Katrina;Brown;1999-11-11;592-400-26;jenna11@example.org;Lake John;Bulgaria
5118;3214;David;Myers;1973-09-09;910-905-57;kevinryan@example.com;Port Dawn;Guernsey
4173;2323;Jennifer;Lee;1991-04-17;829-534-30;fosterzachary@example.net;Brianfurt;United Arab Emirates
4527;4355;Amy;Edwards;1978-07-28;855-627-66;josepittman@example.org;North Veronicaport;Swaziland
2945;1179;Glenda;Nichols;1991-10-27;986-998-95;freemanjanet@example.net;East Jeffrey;Zambia
2685;2777;Michael;Thompson;2002-05-26;227-300-98;dylanroman@example.com;East Robin;Madagascar
3378;4633;Melissa;Hunter;2003-07-25;788-341-70;jennifer07@example.com;Caldwellstad;Tonga
5461;3452;Danny;Frost;1989-03-12;178-673-02;miguellloyd@example.net;Peterton;United States of America
4025;2317;Laura;Simpson;1978-12-15;339-678-63;andrewschmidt@example.com;New Davidmouth;Costa Rica
4864;3943;Gordon;Hicks;1976-06-23;436-079-26;tayloralan@example.net;Timothystad;Bulgaria
1753;3647;Jasmin;Turner;2002-06-15;869-265-61;jaclynwest@example.net;North Christine;Falkland Islands (Malvinas)
1419;3416;Teresa;Gomez;1979-12-14;558-447-83;schoi@example.net;Saundersberg;New Zealand
5730;3754;Patrick;Scott;2003-04-30;152-395-45;leahhenderson@example.net;East Larryfort;Italy
1093;3222;Julie;Lin;1990-03-15;818-404-95;baileypowell@example.com;Port Michaelchester;Kyrgyz Republic
2253;2631;Jeffrey;Bender;1991-04-13;403-326-70;jasonowens@example.net;New Lukehaven;Zimbabwe
6049;3760;Elizabeth;Haley;1991-04-19;876-379-39;whitneypowell@example.org;West Nichole;Bolivia
3160;597;Christy;Murillo;1985-02-21;603-650-78;sullivansusan@example.net;Harrischester;Sweden
1738;2238;Tyler;Hayes;1962-09-11;613-327-87;garrettronald@example.net;Andersonmouth;Niue
6716;2804;Cynthia;Ramos;1979-12-25;519-769-39;brandon03@example.com;Port Tarachester;Algeria
6583;3632;John;Moon;1981-09-03;133-709-46;brianparsons@example.com;Lake Jenniferfort;Marshall Islands
2773;3242;Jorge;Wood;1997-09-23;438-273-94;markhawkins@example.org;East Williamburgh;Australia
1606;3977;John;Jones;1980-08-30;216-816-52;richardgoodman@example.net;New Daniel;French Southern Territories
2864;1552;Justin;Dunn;1978-10-24;316-399-64;edwardsjesse@example.com;Kingville;United Kingdom
5682;2984;Michelle;Morales;1970-06-03;414-721-53;gonzalezchristine@example.net;Vanessamouth;Saint Martin
2182;3540;Dorothy;Weaver;1979-07-18;100-335-58;danielsluke@example.org;Patriciashire;Central African Republic
6014;4428;Angela;Johnson;1975-10-02;128-392-00;justin47@example.org;Tammyport;Romania
5087;931;Brenda;Reed;1973-04-10;417-966-36;ktownsend@example.com;Andreafort;Moldova
2619;1800;Mrs.;Morgan;1971-08-23;176-165-01;patriciadavis@example.com;Turnerborough;Holy See (Vatican City State)
2925;1082;Dr.;Hess;1997-06-03;145-126-80;sparksmatthew@example.org;South Emily;Pakistan
1363;3019;Amy;Franklin;1981-02-05;279-503-83;kimberly70@example.org;Brucemouth;Cambodia
5269;1478;Mark;Sanchez;1975-01-28;922-940-94;thomas00@example.com;Micheleside;Trinidad and Tobago
2498;1720;Taylor;Schultz;1977-10-20;144-481-44;ehoover@example.org;North Wanda;Sierra Leone