provider_id;employee_id;provider_name;debt;provider_phone;provider_email;provider_city;provider_country
Pr7670;1760;Fernandez-Brown;38211;588-219-59;timothyortiz@example.net;Patrickport;Honduras
Pr7893;2700;Davis and Sons;40445;384-293-83;heathersimpson@example.org;West Janetown;Bouvet Island (Bouvetoya)
Pr8017;3998;Malone- Evans and House;48818;464-846-85;samanthaingram@example.com;Millerburgh;El Salvador
Pr8030;3279;Smith Inc;43287;477-499-31;pluna@example.net;Armstrongbury;Swaziland
Pr7793;876;Adams-Nguyen;36951;763-372-95;obishop@example.org;Hobbsfurt;Morocco
Pr7190;1264;Mckinney Inc;23045;210-296-13;ashley97@example.com;Luceroport;Egypt
Pr7587;920;Clay LLC;26344;758-895-34;mjohnson@example.net;West Michael;Iraq
Pr7024;4208;Park- Swanson and Jones;47826;956-514-93;nelsonhannah@example.org;South Cathyhaven;Bangladesh
Pr8003;3460;Lawrence- Baker and Sutton;35466;822-632-48;nicholscharles@example.org;East Matthewhaven;Reunion
Pr7846;2281;Beck- Jones and Lopez;31506;578-026-28;sanchezvictor@example.com;New Keithburgh;Algeria
Pr8022;1889;Hanson Ltd;30632;101-801-58;cookmichael@example.com;Port Patriciashire;Kyrgyz Republic
Pr7352;2478;Williamson-Lowe;40583;216-239-43;bedwards@example.org;Collinsview;Dominica
Pr7485;4091;Bullock LLC;42029;589-779-13;hansonanthony@example.com;Matthewside;Netherlands Antilles
Pr7212;2007;Ford-Adams;16630;495-149-99;casesandy@example.net;Snyderburgh;Mongolia
Pr7589;2799;Patel-Koch;36335;670-719-71;amandawillis@example.net;Lake Caitlinmouth;Gabon
Pr7066;4003;Miller-Boone;26183;227-299-79;shawncampbell@example.net;Millsside;Holy See (Vatican City State)
Pr7732;2393;Moore-Evans;34744;668-240-95;hernandezsean@example.net;Jacquelineport;Macao
Pr7096;2274;Calhoun-Moore;40394;827-144-50;williamwebb@example.com;South Elizabethfurt;Poland
Pr7598;1402;Torres- Washington and Graves;47449;630-610-70;benjaminowens@example.org;Webbstad;Malaysia
Pr7026;3227;Glover- Holloway and Page;22966;457-429-10;kenneth17@example.org;Ramirezstad;Czech Republic
Pr7022;1197;Little- Edwards and Baldwin;49943;395-255-17;robinsonjohn@example.org;Lake Ashley;Tokelau
Pr7434;1380;Williams- Jones and Porter;38084;219-615-23;joneskatherine@example.com;South Joseview;Qatar
Pr7582;4466;Horn Ltd;18130;809-471-43;hvelasquez@example.net;Clarkefort;North Macedonia
Pr7843;3387;Walters- Schultz and Ponce;27690;186-534-82;sara72@example.net;Jennifershire;Saint Helena
Pr7910;1271;Crawford LLC;39584;122-996-46;jennifer34@example.net;Port Barryland;Nigeria
Pr7589;4366;Thompson-Rogers;21104;332-557-77;amanda35@example.net;Calhounshire;Comoros
Pr7497;1592;Bell-Brown;28263;169-974-59;dboyer@example.org;Garciaport;Liberia
Pr7685;1596;Henry Inc;25133;349-646-60;smithpaul@example.org;Brownshire;Cape Verde
Pr7650;1533;Stewart- Gilbert and Rodriguez;34685;460-749-43;john12@example.net;Evansland;Georgia
Pr7780;1702;Erickson-Martin;41958;204-595-90;kgutierrez@example.org;Baileyhaven;Suriname
Pr7149;1596;Hill PLC;32919;504-591-19;jose43@example.net;Port Shannon;Afghanistan
Pr7394;918;Mcgee- Robbins and Dunn;38489;172-109-26;zperry@example.net;Kennethport;Portugal
Pr7603;4329;Castro-Sanders;49584;313-623-43;smithryan@example.org;Staceyport;Sao Tome and Principe
Pr7754;3591;Higgins- Kelley and Lam;30417;772-499-36;mark22@example.org;East Amberville;Guyana
Pr7326;3299;Sanders Inc;30754;427-668-39;tramirez@example.com;Christophertown;Iran
Pr7870;3611;Bryant- Bowman and Perez;35453;927-204-85;paulaharmon@example.com;West Shellyside;Italy
Pr8110;4409;Castro- Crane and Evans;22607;193-320-79;hendrixjohn@example.org;Tracyport;Tanzania
Pr7322;3550;Murray-Lopez;47715;517-380-45;manningjoseph@example.org;South Sara;Nepal
Pr7559;1193;Miller Ltd;19758;619-334-46;laura80@example.org;Grimesland;Greenland
Pr7018;670;Small- Yu and Torres;46330;912-258-50;seansmith@example.com;North Jonathan;Turks and Caicos Islands
Pr7950;1316;Rios Group;27402;795-098-21;michael45@example.net;North Arielfurt;Wallis and Futuna
Pr7019;1193;Walker-Johnson;23914;212-422-42;christopherprice@example.com;Georgeside;French Polynesia
Pr7440;1527;Lin-Drake;42150;483-155-31;woodardtracy@example.org;Port Nicoleburgh;Eritrea
Pr7090;3231;Petty-Rodriguez;17570;438-862-63;kaylacarpenter@example.net;Scottville;Faroe Islands
Pr7835;4578;Chambers Ltd;47121;413-546-59;amy92@example.net;Johnview;Ghana
Pr8159;1937;Rogers LLC;19257;572-453-74;sbarry@example.net;Whiteport;South Georgia and the South Sandwich Islands
Pr7875;4048;Fisher- Young and Dixon;38171;665-105-02;vincent36@example.org;West Jamesmouth;Lithuania
Pr7145;3748;Mendoza- Becker and Thomas;32325;866-557-45;dennisnathan@example.net;Lake Gregorystad;Pitcairn Islands
Pr7845;1258;Curtis-Moody;24305;966-304-33;erin55@example.net;Mccoyton;Vanuatu
Pr7073;1229;Robertson Inc;16274;919-861-18;velezvictor@example.org;North Steven;Albania
Pr7330;3881;Scott-Munoz;47682;652-582-83;kaisernathan@example.com;New Tracy;Paraguay
Pr7482;4125;Garcia-Mckinney;21898;682-082-32;amandamorgan@example.net;Bennettbury;New Caledonia
Pr7025;2272;Garcia- Wilcox and Thomas;40209;173-924-35;mitchellmichael@example.net;South Brianberg;United States Minor Outlying Islands
Pr7646;2587;Soto-Parks;40583;796-731-20;ramirezdawn@example.net;Mcguirefurt;Liberia
Pr8167;2683;Garcia- Wright and Harris;40309;847-381-33;anadunn@example.net;Boydmouth;Hong Kong
Pr7698;4018;Ramsey-Gross;41174;630-283-15;mcclurepamela@example.org;Port Carlabury;Wallis and Futuna
Pr7529;2514;Peterson- Martin and Mckee;44972;994-550-21;dnorris@example.org;Carrietown;Finland
Pr7845;4256;Pope-Navarro;44219;682-291-74;john08@example.net;West Michael;Czech Republic
Pr7836;1823;Rodriguez Ltd;49348;852-037-94;tina36@example.org;South James;Andorra
Pr7223;3272;Gray- Moyer and Payne;48127;844-196-86;gwendolyn24@example.net;Port Timothyhaven;Saint Martin
Pr7239;555;Simon- Thomas and Ferrell;29013;293-952-70;naguirre@example.com;Austinmouth;Cambodia
Pr7548;3440;Carter-Murphy;16137;157-586-76;anthonystokes@example.org;Markfort;United States Virgin Islands
Pr7414;810;Harris Ltd;49621;674-996-75;douglascampbell@example.net;Sheppardchester;United Kingdom
Pr8063;1653;Nguyen and Sons;49034;454-271-71;rbutler@example.com;Sherrystad;Korea
Pr7328;3825;Brown-Carpenter;40269;102-028-36;danielguzman@example.net;Port Michaelborough;Bolivia
Pr7404;1899;Johnson PLC;33274;407-022-05;brooke81@example.org;Seanstad;Paraguay
Pr7391;4244;Davis Inc;36501;520-289-35;john16@example.net;New Joseph;Kyrgyz Republic
Pr7889;3859;Parker-Mullins;30813;707-256-12;mevans@example.net;North Ginamouth;Panama
Pr8000;1063;White Group;41710;419-280-40;joyce33@example.org;Perryland;Philippines
Pr7459;4057;Gonzalez-Burton;23387;893-564-91;patrickdavid@example.net;Christophertown;Afghanistan
Pr7957;1967;Conrad- Johnson and Irwin;21405;437-513-78;nkennedy@example.com;Lake Jenniferview;Saint Pierre and Miquelon
Pr8000;583;Ruiz-Dillon;28234;479-573-24;stoutjoseph@example.org;Danielleburgh;Saint Vincent and the Grenadines
Pr7137;2388;Eaton PLC;42648;170-400-19;davidmorrow@example.com;Nelsonside;Christmas Island
Pr7493;2818;Rodgers Group;25672;924-583-64;reneephillips@example.com;New Matthewton;Monaco
Pr8002;4443;Martinez-Miranda;43402;314-507-83;melissaspencer@example.net;East Margaret;Egypt
Pr7399;922;Foster-Davis;42086;127-592-16;glovertroy@example.net;Greenburgh;Vanuatu
Pr8138;1453;Smith- Lawrence and Davis;41645;793-725-19;victoringram@example.net;Barkerstad;North Macedonia
Pr7759;4260;Waters-Moyer;28642;480-582-14;elizabeth75@example.net;New Leslie;Jordan
Pr8069;1064;Schmidt Inc;43339;239-612-75;hwood@example.org;Baileymouth;Guadeloupe
Pr7293;4099;Smith Group;44619;629-182-82;sarahwood@example.net;East Robertville;Poland
Pr8053;3151;Castro- Martin and Olsen;17052;758-077-96;andrea87@example.com;Jacquelineborough;Cape Verde
Pr7985;2284;Kane Group;23138;640-215-00;isimon@example.org;Patelmouth;Cayman Islands
Pr7693;4291;Washington Inc;24317;869-957-10;melinda45@example.com;Cindyton;Saint Kitts and Nevis
Pr7407;3482;Powell- Hart and Herrera;18168;203-710-72;caitlinsmith@example.com;Stantonburgh;Kiribati
Pr7411;4364;Whitney- Erickson and Kemp;32009;975-782-09;blairjoseph@example.org;Amberfurt;Kenya
Pr7017;3352;Lopez-Spencer;39780;939-531-42;qball@example.org;Smithton;Niue
Pr7970;3985;Flores- Garcia and Cooper;21843;923-277-89;rsims@example.net;Melissaside;British Indian Ocean Territory (Chagos Archipelago)
Pr8001;3683;Mejia- Thomas and Morgan;28384;836-424-94;rebecca79@example.com;Port Stephanieborough;Cape Verde
Pr7551;1554;Smith- Conrad and Holder;18071;554-413-28;rnorris@example.com;Port Traci;Tanzania
Pr7829;1204;Knight-Smith;34000;895-634-69;jason82@example.net;Sarahbury;Germany
Pr7875;581;Lee Group;27900;179-393-09;knichols@example.org;Angelashire;Fiji
Pr7105;2965;Garcia Inc;31911;453-368-88;jessica82@example.com;Floresmouth;Philippines
Pr7523;926;Stewart-Bennett;25267;191-151-95;alicia89@example.org;West Williamview;Seychelles
Pr7516;3157;Pratt-Reynolds;16995;901-336-15;stephanie36@example.org;North Jonathanport;Nepal
Pr7599;2474;Mills and Sons;30551;222-697-92;sanchezjeffery@example.org;Lynchfort;Mali
Pr8195;996;Miles-Jones;49249;677-060-60;rosejuan@example.net;West Robin;Puerto Rico
Pr7244;2089;Johnson- Harris and Gates;29340;907-822-05;gabriella23@example.com;Lauraton;Congo
Pr7998;2076;Carter PLC;37066;316-475-27;valeriealexander@example.net;New Allisonmouth;Tajikistan
Pr7219;1423;Buchanan-Walker;20348;415-361-31;ashleywest@example.com;Port Valeriebury;Congo
Pr7560;2261;Brown- Zimmerman and Stevenson;19952;610-869-69;millervictor@example.org;South Robert;Reunion
Pr8105;3707;Coffey- Wright and Norman;20417;319-238-01;yvette49@example.net;Kennethfort;Lao People's Democratic Republic
Pr7151;2021;Payne- Myers and Everett;22707;287-366-98;xgray@example.net;West Carlos;Namibia
Pr7372;3421;Davidson LLC;18257;275-381-21;raymondcampbell@example.org;Lopezbury;Singapore
Pr7074;634;Jenkins- Sloan and Myers;29370;727-648-46;davisheather@example.org;Troytown;Falkland Islands (Malvinas)
Pr7076;3479;Casey Ltd;42152;814-814-41;joeevans@example.net;New Vanessa;Iraq
Pr8096;3342;Carpenter- Stevenson and Harris;31525;132-350-87;derekparker@example.org;North John;Christmas Island
Pr7536;2969;Sellers Group;43433;142-060-68;johnrosario@example.net;Bradleyland;Martinique
Pr7346;1141;Hill-Graham;23195;383-846-28;lyonscody@example.org;Woodsshire;Liechtenstein
Pr7325;4608;Jackson-Flores;32237;166-541-88;howardalicia@example.net;Chapmanmouth;Antarctica (the territory South of 60 deg S)
Pr7560;2729;Banks Inc;42555;158-009-40;rtaylor@example.org;West Richardmouth;Comoros
Pr7189;2177;Rivas and Sons;40159;414-063-40;david85@example.net;East Jill;Lesotho
Pr7124;4250;White-Collins;30879;788-515-86;lwang@example.org;West Danny;Gibraltar
Pr7353;3530;Ross LLC;41097;760-485-42;zperez@example.net;East Tracy;Israel
Pr7442;3928;Perez-Carr;38922;580-421-93;matthewslisa@example.org;Lake Hector;Thailand
Pr8012;3001;Carter-Reed;37359;190-862-18;thomas87@example.com;Lucasside;India
Pr7133;1731;Fleming-Sweeney;19494;320-317-85;bcook@example.org;New Nancy;Lithuania
Pr7283;2899;Myers-Coleman;23802;144-778-75;simmonsronald@example.org;New Williamtown;Vanuatu
Pr7701;3305;Matthews-Robertson;47118;615-553-53;kendramclaughlin@example.net;New Jacobbury;Uzbekistan
Pr7599;4650;Berry- Phillips and Mcdaniel;35073;559-480-39;richardarcher@example.net;Garciafort;Monaco
Pr7574;2351;Silva Group;43428;322-939-78;lucas93@example.net;East Tracistad;Mongolia
Pr7738;1228;Morris- Bryant and White;28242;676-797-33;fyoung@example.net;South Charles;Kiribati
Pr7329;2395;Burns-Payne;36484;123-626-04;teresa57@example.com;Rosebury;Jamaica
Pr7357;2250;Brooks- Miller and Lawrence;48796;485-230-75;tlopez@example.net;North Alexanderbury;Senegal
Pr7002;1786;Baker- Allen and Nichols;30579;643-111-44;rickymendez@example.com;Garychester;Western Sahara
Pr8164;2262;Giles Group;42943;787-203-34;barrettbrent@example.net;Port Amy;Rwanda
Pr7369;3865;Rocha-Castillo;36686;922-746-29;angelica88@example.com;New Stevemouth;Finland
Pr7723;4165;Powell- Johnston and Wright;45029;394-937-86;susangarcia@example.org;Port Jason;Kuwait
Pr7159;2155;Jefferson- Day and Hess;28434;864-377-41;dwilliams@example.com;Lake Ronald;Equatorial Guinea
Pr7279;1211;Tran Inc;44584;301-533-37;tamara18@example.org;Mcguireburgh;Portugal
Pr7311;2216;Valentine- Miller and Ball;24635;960-550-40;sheenapotter@example.com;West Samuelbury;Dominican Republic
Pr8107;596;Garrison LLC;22854;886-493-22;smithlaura@example.org;Ariashaven;Israel
Pr7978;4233;Brown- Hayes and Scott;40946;440-712-65;fespinoza@example.org;New Sherry;Togo
Pr7641;3099;Johnson-Wiley;48342;191-704-19;peter50@example.net;Grahamfurt;Canada
Pr7690;945;Bailey-Nguyen;37519;653-663-58;ufrey@example.net;Johnnystad;Honduras
Pr7076;4651;Shaffer Ltd;41172;181-970-20;ujacobs@example.com;Wrightport;Saint Kitts and Nevis
Pr7093;2093;Nicholson and Sons;35156;813-105-41;schambers@example.org;North Becky;Bahrain
Pr7052;2770;Kirk-Johnson;45916;942-969-74;hunterkelly@example.net;Port Christina;Guyana
Pr7367;745;Gardner- Bennett and Craig;41828;745-291-36;fieldsbrian@example.net;East John;Denmark
Pr7835;4233;Walters LLC;16333;861-446-43;heather32@example.com;Danielside;Lao People's Democratic Republic
Pr7669;4524;Underwood- Moses and Garrett;36125;969-168-59;taraknight@example.org;South Heidibury;Falkland Islands (Malvinas)
Pr8052;3740;Morris and Sons;20718;369-535-72;salazarnicholas@example.org;Edwardshaven;Lithuania
Pr7763;1086;Brown-Garcia;42992;265-396-63;vperry@example.net;Lake Juliestad;Latvia
Pr7756;1662;Lopez LLC;16050;838-036-98;michelle98@example.net;North Carl;Tanzania
Pr7815;2275;Cooper-Vasquez;36229;711-326-35;lberger@example.net;Ramosberg;Iraq
Pr7836;2239;Johnson Inc;47175;934-508-19;cynthiarivers@example.com;Stewartport;Togo
Pr8169;2203;Richards- Medina and Wallace;39768;548-764-02;pamela77@example.com;New Brandon;Mongolia
Pr7012;3656;Garcia-Estrada;15832;951-794-45;heatherbrooks@example.org;North Scott;Lithuania
Pr7401;766;Lane- Anderson and Sims;35725;444-747-15;tammyaguilar@example.net;Lake Amanda;Vietnam
Pr7152;3808;Herring PLC;29704;787-820-01;brownpamela@example.net;Billyborough;Christmas Island
Pr7569;1166;Robinson- James and Ayala;38216;599-217-62;ngillespie@example.net;Bennettside;Northern Mariana Islands
Pr7871;2647;Cruz-Pope;38852;727-960-27;yvette80@example.org;Johnnyborough;Guyana
Pr7386;2831;Ortiz-Crawford;46469;185-252-57;tracy06@example.net;New Karen;Micronesia
Pr7929;3771;Golden- Owens and Harrington;30381;393-314-36;dennisjason@example.com;North Jenna;Malawi
Pr7337;2683;Ruiz-King;28266;307-498-37;wilsondaniel@example.org;South Michaelport;Nepal
Pr7620;3181;Green Ltd;40419;367-346-68;brooke32@example.com;East Amandaland;Saint Barthelemy
Pr7594;3238;Williamson- Glover and Hart;16008;999-208-71;kevinkim@example.com;Ashleyburgh;Guinea
Pr7779;1157;Parker-Wood;44479;775-992-05;davisbradley@example.net;South Baileymouth;United States Minor Outlying Islands
Pr7631;3307;Hart- Krueger and Weaver;34578;967-699-60;nicholas89@example.org;Campbellborough;Albania
Pr7967;3957;Castro-Munoz;43157;496-552-71;matthewcabrera@example.com;Danielleborough;Northern Mariana Islands
Pr7443;3107;Holmes-Trevino;15739;375-428-88;whiteadam@example.org;Smithfurt;Burkina Faso
Pr7614;2600;Roberts-Choi;46426;669-105-37;johnsoto@example.com;Port Timothy;Cote d'Ivoire
Pr7897;3900;Garcia- Hunt and Werner;19755;686-394-91;floresdavid@example.com;Herreratown;Montserrat
Pr7013;1756;Newman- Miller and Lambert;18899;706-144-00;emilyrios@example.com;Bullockshire;Croatia
Pr7373;1494;Holland-Stone;21167;186-432-75;nsmith@example.org;Port Michaelburgh;Fiji
Pr7400;1258;Cruz-Ward;42954;596-888-87;tcox@example.org;New Matthewberg;Faroe Islands
Pr7254;507;Case-Melendez;41431;626-315-76;toniallen@example.com;East Alexanderview;Benin
Pr7722;2354;Harris PLC;32483;584-865-14;pagemargaret@example.com;South Morganside;Vietnam
Pr8193;1971;Lawrence and Sons;40107;610-175-61;karenking@example.net;Alexanderfurt;Greenland
Pr7526;4303;Morales Inc;45983;528-136-91;wmacias@example.org;New Victor;Bangladesh
Pr7968;1294;Morgan- Davis and Sanford;16038;130-833-66;morrisondaniel@example.org;West Angela;Guam
Pr7832;3899;Jimenez- Burns and Hale;20224;525-988-87;wthornton@example.net;West Derekmouth;Nigeria
Pr7782;1020;Collins- Murphy and Eaton;32812;800-177-16;davidharrell@example.com;New Kennethmouth;Niger
Pr7556;804;Warren-Delgado;23868;120-427-35;elizabeth85@example.com;Richardmouth;Norfolk Island
Pr7114;734;Jones- Baxter and Harrison;17589;871-264-89;michaelwood@example.com;New Nicholas;Guatemala
Pr7494;4022;Sanchez-Brown;36992;120-693-91;davidacosta@example.com;South Kendrafurt;Libyan Arab Jamahiriya
Pr7613;1859;Baker-Grant;43558;675-370-68;jenniferhouston@example.com;Hughesland;Burkina Faso
Pr7564;3257;Dalton LLC;33540;123-694-49;jason57@example.org;East Isaacshire;Kazakhstan
Pr7501;2337;Ruiz PLC;31389;153-415-93;camerongabrielle@example.org;Cruzport;French Guiana
Pr7157;2853;Hill-Peck;34366;154-289-54;ernest11@example.com;North Katrinaborough;India
Pr7213;1580;Hernandez-Dawson;41049;434-402-34;kayla28@example.net;Stewartshire;Netherlands Antilles
Pr7009;1485;Brown Ltd;21417;840-118-64;lucerosamantha@example.org;Port Dominiqueland;Mongolia
Pr7146;4170;Obrien Ltd;17254;321-212-31;kristina05@example.org;West Vanessachester;United Kingdom
Pr7342;1287;Graham-Mack;15638;654-343-66;thomaspope@example.net;Jesushaven;Rwanda
Pr7732;4201;Stewart-Caldwell;26870;425-568-51;johnsonashley@example.com;Willisland;Sri Lanka
Pr7048;3330;Mathis- James and Walker;30642;980-939-20;tiffany79@example.org;West Jessicafort;Argentina
Pr7667;2066;Lee- Long and Kelley;49888;103-312-96;stephenburton@example.org;Perezton;Pakistan
Pr7273;807;Villegas-Freeman;36727;717-659-98;dmorgan@example.net;North Michelle;Finland
Pr7402;3909;Smith LLC;27480;257-439-72;rodrigueznatalie@example.net;Nicolefurt;El Salvador
Pr7036;2757;Ellis-Miller;42685;395-969-92;webstercalvin@example.org;South Jill;Netherlands
Pr7137;2238;Gomez PLC;38059;914-505-42;qcochran@example.net;Richardberg;United States Virgin Islands
Pr8119;4514;Torres and Sons;32412;370-305-94;coledana@example.org;Kendraport;Turkmenistan
Pr7219;1976;Molina-Smith;46147;432-247-47;meyerelizabeth@example.com;New Davidfort;Gibraltar
Pr7075;3630;Molina Inc;35224;865-627-93;qbauer@example.net;North Natalietown;Paraguay
Pr8044;4071;Schwartz PLC;43362;143-879-45;hburton@example.net;East Patriciaton;Northern Mariana Islands
Pr7041;2692;Shelton- Wilson and Swanson;35243;462-840-14;lisa39@example.com;Patriciashire;Somalia
Pr8186;993;Mcknight Ltd;40311;271-274-01;gromero@example.com;Michaelchester;Falkland Islands (Malvinas)
Pr8182;571;Ramirez-Burke;27664;534-852-46;michael19@example.net;East Maureen;Mauritania
Pr7611;4230;White Group;49789;781-835-45;matthewpitts@example.net;Moranstad;Guinea
Pr7049;2368;Gomez-Mullins;33951;101-729-11;sgriffin@example.org;West Christopher;Andorra
Pr7535;1985;Adams Inc;38827;853-006-86;williamsstephanie@example.com;New Jeffreytown;Cape Verde
Pr7500;2255;Ballard-Gonzalez;34189;920-559-06;xwarner@example.net;Cathyton;Estonia
Pr7073;1540;Davis-Murray;49586;785-124-18;timothypearson@example.com;New Daniellebury;Libyan Arab Jamahiriya
Pr7853;663;Mayo- Jones and Armstrong;27136;255-420-31;russellwise@example.com;New Natalieborough;Philippines
Pr7553;3906;Johnson Ltd;23121;686-486-05;simonsamantha@example.com;Lauriehaven;Timor-Leste
Pr7526;1075;Murillo- Dyer and Fletcher;37200;992-716-64;jerry05@example.net;East Alexanderside;Reunion
Pr7376;1382;Chavez LLC;19425;207-140-92;folsen@example.org;Pamelafurt;Senegal
Pr7907;3170;Johns- Singleton and Sanchez;24900;118-315-97;mendozajesus@example.com;West Kevin;Jordan
Pr7789;1486;Smith-Williams;31778;178-448-16;arivera@example.com;Christyland;Turkmenistan
Pr7465;632;Ortega- Rowland and Landry;15573;113-267-55;sarahanderson@example.org;Lake Madison;Mayotte
Pr7039;1173;Munoz- Harris and Snyder;41371;340-450-17;rachel72@example.com;New Ashleyview;United Kingdom
Pr7359;3678;Cox-Jordan;31792;292-760-59;jeffersonkatrina@example.com;Lutzmouth;Uzbekistan
Pr7215;1303;Morse Group;39223;555-016-22;qgoodwin@example.com;New Jonathan;Montserrat
Pr7914;2096;Holder-Ballard;23016;542-393-73;fosterdennis@example.com;North Mary;Eritrea
Pr8118;2554;Villegas- Lane and White;28323;113-374-53;vaughanjoseph@example.org;Mcgrathville;South Africa
Pr7118;3702;Morgan-Johnston;29389;469-087-68;colliervalerie@example.com;East Jason;Bahrain
Pr7377;3240;Jones-Adams;43959;345-305-10;bwilliams@example.net;Huangton;Monaco
Pr7960;4038;Knight- Phillips and Zavala;42451;250-841-35;jake46@example.com;Grantchester;Estonia
Pr7231;1307;Baker PLC;20217;862-613-07;owilliamson@example.net;Adamsberg;Timor-Leste
Pr7502;1505;Page-Reynolds;18579;743-652-06;james67@example.org;Lake Matthewton;Kenya
Pr7297;581;Byrd-Bailey;19576;144-621-29;millereric@example.org;Lake Miguelchester;Iraq
Pr7101;1259;Benton LLC;49913;606-042-92;greenjeffrey@example.org;Chloestad;Congo
Pr7202;2692;Moore Group;26109;403-607-01;jermaine54@example.com;Camposhaven;Gabon
Pr7270;3397;Travis-Miller;40072;364-102-29;qcurtis@example.com;Davisland;Greenland
Pr7938;3715;Johnson- Lewis and King;38487;745-979-32;kramerrita@example.net;Lake James;Swaziland
Pr7838;3773;Howard- Nicholson and Smith;43575;502-649-56;andrewpratt@example.org;Jeffreyland;Saint Helena
Pr7886;1264;Parker Group;29136;518-388-48;james29@example.com;Georgeborough;Sudan
Pr8041;1619;Brown-Vargas;19627;731-948-30;garciayvette@example.com;Howardville;Pitcairn Islands
Pr8034;2598;Odom- Harper and Elliott;42004;574-484-02;alex75@example.net;Carterhaven;Martinique
Pr7098;3968;Curry Ltd;49948;355-972-08;jessica44@example.com;Lake Kenneth;Panama
Pr7099;1234;Guerrero- Marsh and Scott;42354;730-394-38;michelle32@example.com;East Frederick;Norfolk Island
Pr7297;1246;Schmidt Group;30622;858-167-55;jessicasmith@example.net;Williamhaven;Northern Mariana Islands
Pr7750;1180;Rojas- Strickland and Parks;43175;200-639-06;vlawson@example.com;North Michele;Northern Mariana Islands
Pr7724;4150;Jackson- Medina and Foster;15660;221-507-52;stevenhanson@example.net;Port Juliafurt;Gibraltar
Pr7199;1749;Thomas- Dougherty and Rodriguez;22704;463-041-79;qmason@example.org;Andrewmouth;Guinea
Pr7598;3786;Kirby-Jones;43142;653-204-03;patriciakelly@example.org;Merrittburgh;Guadeloupe
Pr7490;2805;Richmond- Williams and Mcintyre;24861;813-476-81;shelby19@example.com;Weissstad;Kazakhstan
Pr7807;3231;Valencia- Rodriguez and Wilkins;21946;660-225-53;johnlane@example.org;Matthewshaven;Samoa
Pr8002;1749;Mora- Thomas and Bass;46623;745-052-09;william71@example.org;Clayland;Nigeria
Pr7393;4680;Aguirre- Raymond and Sanchez;33650;710-795-49;brett72@example.org;Alisonshire;United States Virgin Islands
Pr7909;2170;Thornton Ltd;18125;968-716-51;elizabeththompson@example.com;New Dawntown;Antarctica (the territory South of 60 deg S)
Pr7538;2718;Chen- Johnson and King;43516;724-645-20;deborah15@example.net;East Markside;Congo
Pr7485;1816;Webster PLC;26846;458-582-97;xjackson@example.org;Davenportville;Samoa
Pr7168;2214;Reyes PLC;39204;605-145-60;teresaduffy@example.org;Melissaland;Egypt
Pr7170;1835;Durham- Espinoza and Patel;23657;495-581-33;jrice@example.com;Staceychester;Timor-Leste
Pr7216;509;Martin- Guzman and Rivera;40589;756-087-53;garciaandrea@example.org;South Jason;San Marino
Pr7170;3736;Campbell-Brown;40741;209-588-92;dbrown@example.com;Lake Kevintown;Togo
Pr7232;1570;Wood-Carrillo;24118;706-012-65;brianlarson@example.org;Lake Andrewberg;French Guiana
Pr7070;1879;Swanson Inc;17468;640-494-05;rsmith@example.net;Paynechester;Timor-Leste
Pr7504;909;Fowler-Cook;30098;864-254-95;ogonzalez@example.net;Kochfort;Malawi
Pr7937;3510;Frye-Wolf;35711;187-214-82;mauricelee@example.org;Lake Thomas;Italy
Pr7994;4589;Dawson LLC;42200;790-838-04;cherylmartin@example.org;West Carolhaven;United Arab Emirates
Pr7173;2092;Wells- Whitehead and Cooper;24333;682-848-71;evansjames@example.com;Alishafort;Dominica
Pr7377;3760;Schwartz- Richardson and Williams;29124;729-322-00;michaelbrown@example.com;Reesestad;Slovenia
Pr7832;1860;Green- Robinson and Ingram;20467;610-231-88;wmccoy@example.com;West Crystaltown;Brunei Darussalam
Pr7936;2136;Mays- Williams and Johnson;32683;313-363-54;angelicathomas@example.org;Moodyberg;United Arab Emirates
Pr7757;4539;Stanley-Houston;37861;208-763-94;tammyjohnson@example.org;Hayesfort;Montenegro
Pr7801;3811;Washington and Sons;15986;136-819-67;ggood@example.com;East Robert;Reunion
Pr7199;836;Harris- Prince and Arnold;28735;315-740-94;osantos@example.net;Martinmouth;Syrian Arab Republic
Pr7353;4076;House-Aguilar;48163;329-508-61;william03@example.org;Parkerchester;Turks and Caicos Islands
Pr8082;2447;Wall- Banks and Harper;26350;899-871-16;longjames@example.net;South Catherineview;Niue
Pr8120;3412;Morgan Inc;48043;617-805-53;petersrichard@example.net;Fordstad;Ethiopia
Pr7311;2781;Cohen Group;32718;999-448-87;uwilson@example.net;Victoriashire;Ukraine
Pr7689;3541;Schmidt-Taylor;33234;253-501-14;jamesjones@example.net;West Kendraland;Cote d'Ivoire
Pr7916;3252;Ward- Nelson and Cooper;46440;833-448-83;kendrarodriguez@example.net;North Michael;Peru
Pr7513;4458;Smith- Whitney and Fitzgerald;45389;895-340-91;sstevens@example.org;Christopherbury;Guadeloupe
Pr7216;3407;Kim Inc;31233;821-080-62;bbecker@example.org;Ramosshire;Comoros
Pr7111;2436;Wright- Salas and Turner;30303;167-105-82;amanda17@example.org;Jenniferbury;Mali
Pr7492;2189;White-Davis;44549;980-923-80;garcialance@example.com;Suttonchester;New Zealand
Pr7165;2771;Taylor-Anderson;45038;528-129-47;brandonhernandez@example.net;Gibsonstad;Cape Verde
Pr7853;790;Oconnor- Robinson and Bennett;47853;353-038-75;brendaoliver@example.net;West Shawn;Lesotho
Pr8133;1515;Santos Ltd;38353;912-557-03;sara08@example.net;Pierceburgh;Serbia
Pr7568;525;Herrera PLC;31992;138-436-32;davidsondana@example.com;North Lisa;Christmas Island
Pr7235;3092;Briggs Group;45444;354-661-13;gflores@example.org;Thomastown;Sri Lanka
Pr8178;2980;Hopkins-Carpenter;35510;147-531-14;charlesregina@example.net;Douglasview;Saint Pierre and Miquelon
Pr7468;3232;Mckenzie- Walter and Brown;32136;500-353-21;jasminnguyen@example.net;Rileyside;Portugal
Pr8102;1264;Dillon- Davis and Johnson;47275;697-060-98;vclark@example.com;Lake Ronaldmouth;Saint Pierre and Miquelon
Pr8081;945;Blackwell- Mcdowell and Quinn;35094;173-734-94;roy79@example.com;South Jacqueline;Guyana
Pr7215;4563;Anderson- Neal and Villa;42622;238-604-31;jklein@example.org;Richardstad;Algeria
Pr7294;1851;Patterson-Gilmore;47225;838-651-50;jspencer@example.com;East Karen;United States Minor Outlying Islands
Pr7828;1553;Garcia-Mclaughlin;45723;938-708-98;woodskaren@example.net;Pattersontown;Cocos (Keeling) Islands
Pr7552;2308;Ramirez- Robinson and Hughes;47922;190-901-47;davidsontodd@example.com;Port Christopher;Jamaica
Pr7894;960;Jones PLC;45499;518-357-44;jacqueline37@example.net;Dannychester;Chile
Pr7189;1624;Anderson PLC;17578;532-876-99;coxgregory@example.com;South Tracychester;Vietnam
Pr7417;4022;Young-Reed;24172;115-068-85;rebecca74@example.com;Kevinfurt;Yemen
Pr7162;1799;Zimmerman-Palmer;43645;989-332-06;oabbott@example.com;New Michael;Montserrat
Pr8174;4165;Henry-Johnson;17605;811-647-85;ginasanchez@example.com;Leblancberg;Italy
Pr7163;1828;Taylor- Hart and Skinner;48690;743-643-45;patrick63@example.net;South Andrew;Tunisia
Pr7039;3029;Thompson PLC;40895;690-589-69;courtneyperez@example.com;Rhondafurt;Tajikistan
Pr7243;4334;Hunt- Oliver and Nguyen;46536;966-024-77;aaron88@example.net;Chaseton;Andorra
Pr7547;3463;Bryant-Williams;25534;798-571-95;nadams@example.org;West Leslieberg;Pitcairn Islands
Pr7555;1044;Simpson- Lawson and Duncan;40237;768-146-46;garrisonhenry@example.com;Port Derekstad;Swaziland
Pr7279;2665;Clark PLC;45175;274-112-65;jay28@example.net;Port Joyceland;Panama
Pr7112;2621;Sullivan-Armstrong;40367;577-653-71;kyle38@example.org;East Rebekah;Burundi
Pr7974;3029;Love-Henderson;16669;127-210-17;qclarke@example.org;East Reginaldfurt;Poland
Pr7648;3971;Hutchinson- Curtis and Fernandez;48395;160-473-47;mercerchristopher@example.net;Martinhaven;Finland
Pr7698;2791;Bass- Harris and Warren;37953;476-772-74;gloverjustin@example.org;North Rhondabury;New Caledonia
Pr7538;4106;Cook Group;34977;941-802-50;dustin54@example.net;New Kathytown;Montserrat
Pr7628;3932;Hall-Sanchez;36941;131-179-46;sierra45@example.net;Justinport;Lebanon
Pr7308;4566;Garrett- Baker and Chandler;23930;919-936-17;ramirezmark@example.com;Shaneside;Bolivia
Pr7417;4367;Sanchez LLC;47186;837-564-67;jason93@example.net;Clarkchester;Netherlands Antilles
Pr7902;2141;Guerrero- Lara and Long;32955;129-062-32;pschroeder@example.com;East Courtneyport;Chad
Pr8084;500;Wright- Harris and Key;29982;354-403-53;eddie18@example.net;East Chris;Serbia
Pr7997;3171;Stewart-Caldwell;31510;824-411-63;patriciadavis@example.org;Martinside;Maldives
Pr7481;4533;King- Beck and Robinson;40432;311-522-80;staceyburns@example.net;West Lynnbury;French Southern Territories
Pr7106;1222;Ward-Weber;16699;912-878-78;timothyjones@example.com;Port Julia;Nicaragua
Pr8037;2033;Espinoza- Frost and Norman;27549;322-648-53;kwelch@example.org;Lopeztown;Marshall Islands
Pr7237;527;Nixon- Perez and Taylor;47656;628-069-49;nsmith@example.org;Mosstown;Samoa
Pr7203;3640;Martin- David and Fischer;36092;933-224-16;michael91@example.net;Lake Hollymouth;Ecuador
Pr7257;511;Garza LLC;49432;791-519-92;rhondafritz@example.com;Jonesberg;Jordan
Pr7667;1876;Morris-Brown;20813;272-983-25;michael66@example.net;East Andrewton;Kiribati
Pr7017;656;Spencer- Bennett and Rodriguez;49080;511-518-25;kramererik@example.net;Lake Hayley;Congo
Pr7882;1308;Hanson and Sons;22727;769-069-49;craig13@example.org;Monicahaven;Egypt
Pr8015;1217;Morris and Sons;47193;733-167-57;kanderson@example.com;West Robert;Montserrat
Pr7886;3063;Mahoney-Lawson;31005;864-618-00;walter21@example.org;North Michaelbury;United Kingdom
Pr7139;3153;Sampson-Crane;23497;662-421-42;calvinjones@example.org;Crawfordstad;Cayman Islands
Pr7670;2644;Garza- Bates and Davis;21637;625-562-97;charles13@example.org;Darrellstad;Reunion
Pr7090;2160;Jones- Gregory and Grant;49306;570-059-00;vlara@example.org;North Feliciachester;Solomon Islands
Pr7703;4148;Todd PLC;33058;140-712-17;crystalphillips@example.net;Lake Sara;Kiribati
Pr7899;4284;Alexander- Bennett and Logan;34567;470-176-19;laura46@example.org;Lewisside;Seychelles
Pr7925;4063;Kline-Pham;24421;944-693-70;sarah90@example.net;Alejandramouth;Netherlands Antilles
Pr7968;1143;Martinez-Silva;15722;469-607-22;ronald83@example.net;West Michael;Philippines
Pr7161;2487;Arnold PLC;28369;599-298-71;nalvarado@example.com;East Stephenville;Austria
Pr7736;2076;Kennedy Inc;40328;423-095-96;christopherlong@example.com;Port Derek;Tonga
Pr7012;3995;Howard-Miller;46904;381-091-29;davidnielsen@example.com;North Susan;Nicaragua
Pr7854;3659;Stevens Group;29065;635-801-55;kimberlyjacobs@example.org;Harthaven;Eritrea
Pr7285;1389;Smith-Marquez;32925;888-147-86;emora@example.net;Deleonfurt;Antarctica (the territory South of 60 deg S)
Pr8037;573;Hill PLC;28216;383-750-81;walshpamela@example.com;New Kevin;Lithuania
Pr8159;2828;Stone PLC;48392;355-258-56;uhughes@example.net;Lake Jerome;Saint Barthelemy
Pr7823;3126;Miller-Hopkins;16363;882-919-96;christopherwade@example.net;Smithburgh;Ecuador
Pr7092;3307;West-Gonzales;35255;804-938-42;georgecynthia@example.com;West Melanieton;British Virgin Islands
Pr7261;1976;Bruce- Townsend and Scott;18540;516-841-35;charles98@example.com;Lake Christophermouth;Madagascar
Pr7195;4267;Rose LLC;40134;929-104-19;randy11@example.net;Lake Emily;Oman
Pr8005;3198;Leon- English and Cook;49473;125-226-42;laurenjennings@example.net;North Kennethberg;Macao
Pr7275;3931;Grimes- Chen and Wilson;46606;943-404-00;andersonmichael@example.com;Elliottton;Macao
Pr7701;1053;Richards-Dougherty;46030;949-003-66;ahoward@example.net;South Samanthaside;Saint Pierre and Miquelon
Pr7099;3726;Pollard-Douglas;27940;502-423-20;carolynburch@example.com;North Juliefort;Bouvet Island (Bouvetoya)
Pr7925;4028;Gilbert- Fox and Jimenez;28098;491-791-22;kara05@example.com;Miguelburgh;Somalia
Pr7686;3803;Sanchez- Black and Bates;28077;700-308-20;lfrancis@example.net;East Jennifer;Panama
Pr8147;4698;Melton- Garcia and Haynes;49229;557-725-43;rblanchard@example.net;South Briannaton;Tunisia
Pr7798;3046;Murillo Group;39988;686-118-65;jlove@example.com;Jonathantown;British Virgin Islands
Pr8162;4346;Evans Group;41022;549-491-23;michaelgonzalez@example.net;Chungview;Niue
Pr7063;1417;Torres-Sanders;29080;473-417-61;paulmoreno@example.net;Williamsbury;Saint Pierre and Miquelon
Pr7569;3919;West- Stevens and Hines;21529;692-675-19;susandiaz@example.org;Christinemouth;Lao People's Democratic Republic
Pr7957;661;Henry Group;27419;279-594-91;andrewmurphy@example.net;South Scott;Greenland
Pr7383;4179;Ramos-Calderon;33517;976-067-68;rflynn@example.org;Lake John;Aruba
Pr7326;1619;Brewer Inc;17495;612-436-69;lisaroach@example.com;West Jack;Seychelles
Pr8136;3461;Smith- Terry and Conway;31154;785-851-16;cameron23@example.com;Benjaminfurt;Finland
Pr7486;2661;Nguyen- Stevens and Barker;16159;966-688-88;gordonhaley@example.com;Patriciaborough;Haiti
Pr8138;1372;Leonard-Cummings;45026;151-973-93;johnsonkari@example.com;New Brandon;Japan
Pr8000;3792;Bishop LLC;15531;810-441-88;michaelweber@example.com;New Thomas;Cayman Islands
Pr7379;1502;Randall-Schneider;19649;925-954-56;jenniferphillips@example.com;Lake Ronald;Luxembourg
Pr7342;3838;Hayes- Roberts and Ibarra;32457;622-009-10;twright@example.org;Newmanshire;French Guiana
Pr7987;999;Medina- Miller and Jones;34119;753-308-96;mlewis@example.com;Port Patrickmouth;Brazil
Pr7235;3008;Meyer-Morales;35175;221-752-67;michaelhahn@example.net;Buckleyfurt;Ireland
Pr7923;1255;Villa-Lambert;37599;922-659-95;jacquelinewilson@example.com;North Garybury;Algeria
Pr7799;2997;Garcia- Sanders and Levy;38302;183-259-92;caldwelltina@example.net;Port John;Cape Verde
Pr8072;2234;Garner-Foster;43347;942-047-55;michael70@example.com;Matthewberg;Mayotte
Pr8139;3749;Wagner- King and Parker;44597;500-798-06;jeffreywhite@example.com;Leeton;Norway
Pr7817;1454;Santiago-Torres;23358;452-877-12;meredith35@example.net;Port Yvonnestad;Austria
Pr7040;2457;Holmes Inc;35462;676-299-26;sterry@example.com;Port Soniaport;Brunei Darussalam
Pr7359;3016;Robinson- Cunningham and Bailey;40680;893-038-69;larryhansen@example.org;South Thomasborough;Croatia
Pr8031;2749;Smith-Boone;29509;289-836-94;matthew92@example.com;Erinbury;Turkey
Pr7134;4109;Bishop- Lee and Santiago;24543;144-647-54;abarry@example.com;Michaelton;United States Minor Outlying Islands
Pr7980;1907;Ortiz- Hughes and Foster;30136;962-291-30;mdixon@example.org;Jamesshire;Netherlands
Pr7876;3545;Ford Inc;26148;620-408-60;charlesklein@example.org;Beckerville;Suriname
Pr7957;2191;Weiss- Bryant and Anderson;21557;730-819-53;psilva@example.net;Martinport;Sierra Leone
Pr7401;2407;Callahan-Thomas;20491;292-813-93;kristina66@example.com;Piercebury;Burundi
Pr8033;2727;Walton Inc;25524;244-761-45;wilsonmichael@example.net;Callahanfort;Belize
Pr7109;1696;Pittman Inc;44889;842-725-96;brian87@example.net;New Madeline;British Indian Ocean Territory (Chagos Archipelago)
Pr7902;2034;Chan-Mills;25446;814-223-06;howardrebecca@example.org;Daniellehaven;Togo
Pr7941;4200;Evans-Lloyd;43194;859-670-16;kherrera@example.org;South Jeffrey;Afghanistan
Pr7486;4255;Webster-Williams;27644;389-442-54;amber46@example.com;Brownhaven;Lithuania
Pr7347;2766;Clark- Martinez and Wood;17323;123-290-96;lambertmichelle@example.com;South Mackenzieton;Ukraine
Pr7377;2683;Miller-Allen;37712;424-286-35;washingtonlarry@example.com;Wrightbury;Djibouti
Pr7516;1904;Haynes- Singh and West;42244;667-133-01;blairphilip@example.net;Port Melissa;Dominican Republic
Pr7538;4131;Flores-Gomez;49441;589-133-15;julie35@example.com;New Patriciafurt;Mongolia
Pr7756;813;Burgess- Waters and Romero;39382;440-926-58;melissahale@example.net;Chaseview;Benin
Pr7927;3922;Foley- Lee and Austin;22500;729-924-48;brianbrown@example.org;Lake Michaelfurt;Togo
Pr7777;4062;Griffith Group;30891;112-813-73;oedwards@example.org;New Suzannetown;Hungary
Pr7344;1836;Marshall Inc;18555;878-193-23;stephanieclark@example.com;West Ashleyfurt;Austria
Pr7886;3830;Brooks LLC;30737;141-854-91;loriwhite@example.com;Jamesshire;Armenia
Pr7126;1548;Stephens-Reeves;49925;973-746-26;brendacurry@example.com;Lake Summer;Finland
Pr7068;697;Gill- Jones and Ford;29085;408-094-42;wilsonjohn@example.net;Chambersfurt;Niger
Pr7718;2739;Quinn Group;44754;554-190-76;lisa60@example.org;Jessicaberg;Qatar
Pr8160;1091;Wheeler-Calderon;17607;422-585-44;thomas80@example.com;East Sarah;Greenland
Pr7350;4565;Morgan-Pruitt;22503;625-519-82;georgeporter@example.net;Christopherhaven;Botswana
Pr7915;688;Chang-Richard;46293;239-750-45;maguilar@example.net;Charlesville;Madagascar
Pr8058;2252;Diaz PLC;37736;605-723-48;coxkelly@example.net;Cristinaborough;Italy
Pr7008;1179;Hamilton-Rose;49983;915-319-02;carterrobin@example.net;East Sara;Suriname
Pr8076;3144;Blankenship- Harper and Gordon;31792;974-356-15;anthonygutierrez@example.com;Jessicafurt;Antigua and Barbuda
Pr7446;3014;Wong-Mccoy;29703;950-605-58;jonesjennifer@example.net;East Louis;Turkey
Pr7600;936;Butler Inc;28163;327-314-10;adam74@example.org;Tracybury;Iran
Pr7107;2328;Coleman Ltd;19287;458-205-57;stephanie81@example.org;Gillton;Hungary
Pr7273;1880;Cooley-Mccoy;38956;526-111-57;taralin@example.org;South Daleland;Timor-Leste
Pr7201;1256;Bradley- Hicks and Johnson;31649;314-835-16;daviddeleon@example.org;Shannonton;Heard Island and McDonald Islands
Pr7685;949;Jacobs- Smith and Schaefer;34855;441-231-32;kellydennis@example.org;Brendamouth;Bahamas
Pr7576;3694;Williams-Green;27172;799-457-39;gcole@example.com;Richardberg;Bhutan
Pr8177;3830;Meyer-Washington;33566;279-340-95;lwashington@example.com;North Josemouth;South Georgia and the South Sandwich Islands
Pr7185;3498;Lawrence- Velasquez and Smith;18940;362-698-60;whitecolleen@example.com;Clarkshire;Fiji
Pr7407;715;Zamora-Pierce;26795;752-417-74;emiles@example.org;Baileyville;Togo
Pr7924;3692;Brady- Petty and Reeves;40200;434-487-29;shawnward@example.org;Port Jeffreychester;Guatemala
Pr7115;788;Stevens- Murphy and Mitchell;19106;562-353-73;darren38@example.net;Weberside;Chile
Pr8016;4103;Jenkins-Bishop;45312;856-024-66;xmills@example.net;New Michaelchester;Kyrgyz Republic
Pr7809;3421;Hernandez and Sons;17456;637-491-46;jessica46@example.com;New David;Nigeria
Pr7644;4433;Wright-Jones;28146;227-571-53;aaron20@example.net;Nicholasland;Belarus
Pr7399;4652;Kim- Mason and Lewis;26469;203-269-29;garnerjohn@example.com;East Connor;Bangladesh
Pr8127;3313;Baker Inc;38956;349-122-36;mkaufman@example.net;South Andrew;Grenada
Pr7254;2082;Wilson LLC;31196;311-770-92;nicholaspatterson@example.com;New Angela;Libyan Arab Jamahiriya
Pr8105;1931;Adkins- Burton and Hamilton;42760;590-743-18;danielreid@example.com;Ortizborough;Maldives
Pr7277;3059;Walker- Brady and Bennett;30447;481-743-39;pamelabeard@example.com;Proctorfort;United Arab Emirates
Pr7228;3823;Henry-Scott;25187;899-018-91;elizabethbrown@example.com;West Jeromemouth;Sao Tome and Principe
Pr7440;2042;Price- Vasquez and Mitchell;41340;915-777-20;lrobbins@example.org;Deniseville;Bolivia
Pr7024;3714;Baker-Charles;45781;883-810-78;mark51@example.net;Williamsside;Congo
Pr7249;3364;Fuller Ltd;45422;712-618-99;turnerashley@example.net;Graystad;French Southern Territories
Pr7341;2426;Allen-Wright;25778;399-550-24;michaelbaker@example.com;Lake Jeremy;Equatorial Guinea
Pr7126;537;Johns- Huang and Owen;20168;714-361-59;kochelizabeth@example.org;Jonesmouth;Vietnam
Pr7059;1428;Moore- Andrews and Thompson;35908;251-985-70;martinezamy@example.com;Mckinneymouth;Marshall Islands
Pr7116;3548;Jones- Rice and Rojas;30123;965-741-14;dawnjohnson@example.org;Port Laura;Nauru
Pr7928;1408;Brown-Scott;46968;734-891-81;obriensara@example.net;Wardfort;Belize
Pr7932;1722;Sanders- Evans and Kramer;31208;844-084-02;keith87@example.org;West Matthew;Singapore
Pr7001;1478;Garcia- Taylor and Thomas;36441;649-055-41;patriciarowe@example.com;New Michael;Iran
Pr8137;2803;Mccarthy-Parrish;25215;836-052-86;brianna42@example.net;Lauriefort;North Macedonia
Pr7581;1973;Cisneros Ltd;46652;177-602-55;kaylaclark@example.org;South Doriston;Kenya
Pr8045;4173;Phillips- Cunningham and Schultz;34357;787-644-31;hholmes@example.org;Kingtown;France
Pr7881;2214;Parks Inc;25930;267-253-54;watsonmatthew@example.org;Lake Mary;Indonesia
Pr7568;2894;Pineda-Gray;33713;132-121-00;murphydennis@example.net;Lebury;Samoa
Pr7950;2940;Evans-Lindsey;34971;731-002-77;shariburton@example.org;North Maryland;Bosnia and Herzegovina
Pr7303;2043;Rosales-Bryan;38171;852-058-22;djackson@example.net;Jimenezport;Northern Mariana Islands
Pr8082;2328;Johnson Group;48499;362-288-72;michaelpeterson@example.org;Gonzalezborough;Lesotho
Pr7625;2240;Banks- Hernandez and Ortiz;34704;913-851-45;courtneywilliams@example.com;Mariechester;Cocos (Keeling) Islands
Pr7790;4025;Martin- Shaffer and Tucker;48584;909-428-49;sierrabrown@example.com;Smithmouth;Netherlands Antilles
Pr8179;2237;Garcia Ltd;38878;682-970-62;csmith@example.org;Ryanland;Iceland
Pr7997;1224;Hall-Schneider;47896;976-939-73;aburns@example.com;Jensenhaven;Tonga
Pr7904;3617;Hess-Lam;43983;980-599-57;heatherarmstrong@example.net;Alvarezberg;South Africa
Pr7254;1285;Gallegos- Parker and Carpenter;32249;987-100-35;valenciakristina@example.com;South Jesseberg;Seychelles
Pr8017;2854;Turner-Perez;22918;269-734-80;grace05@example.com;Griffinport;Algeria
Pr7882;3939;Barajas and Sons;41085;517-129-79;ballamber@example.org;Sheenamouth;Martinique
Pr7026;779;Ray-Ramirez;36392;306-605-90;stephensgarrett@example.org;Elizabethbury;Algeria
Pr7963;1678;Hawkins- Flynn and Thompson;15768;740-429-44;mschroeder@example.net;North Christopher;Finland
Pr7861;920;Powers PLC;25001;831-795-80;laurabautista@example.org;North Joseph;Central African Republic
Pr7077;2578;Richardson- Brown and King;38128;616-382-75;pauljones@example.net;West Hollyborough;Namibia
Pr7142;4014;Shelton-Ramirez;32843;158-217-57;vsantana@example.com;Toddmouth;Saint Barthelemy
Pr8052;1855;Patel-Hudson;19971;254-316-45;suzannerodriguez@example.org;New Matthewstad;Norway
Pr7076;2780;Chan Ltd;44727;242-744-05;osmith@example.net;Skinnerborough;Georgia
Pr7191;1056;Miller- Waters and Martinez;16459;635-430-16;millerjustin@example.net;New Phillipfort;Mayotte
Pr8122;4280;Jones- Vasquez and Johnson;20935;573-986-89;cantrellfrank@example.net;East Angelatown;Aruba
Pr8167;1010;Baxter-Wood;39447;549-246-69;cmitchell@example.net;Port Donald;Antarctica (the territory South of 60 deg S)
Pr7525;2121;Vaughn- Martinez and Anderson;18764;299-212-15;tking@example.net;Lisamouth;United States Minor Outlying Islands
Pr7055;508;Chandler- Smith and Brown;26917;362-845-37;nbenton@example.net;Martinezland;Lesotho
Pr7236;605;Knight- Wilson and Lucas;43634;122-736-70;ggonzalez@example.org;Stewartton;Nepal
Pr7395;3728;Webb- Cooke and Wilson;48462;124-722-70;muellerjohn@example.net;New Deborahmouth;Anguilla
Pr7213;2644;Ritter- Wong and Hinton;38040;725-900-57;adam96@example.net;Port Michaelbury;Ecuador
Pr7389;1796;Hansen and Sons;33029;254-924-26;brooksamanda@example.com;South Dennisbury;El Salvador
Pr8123;2733;Ward- Richardson and Ward;17910;496-761-92;katherineroberts@example.net;Port Hectormouth;Kenya
Pr8142;3720;Morris-Mahoney;47104;754-807-57;rachel06@example.net;West Jennifer;Tokelau
Pr7169;3254;Moore Inc;34180;254-648-03;jefferyjones@example.org;Lake Cynthiachester;India
Pr7913;948;Lee Inc;42346;260-462-73;anne68@example.com;Port Barry;Tunisia
Pr7529;630;Rios and Sons;28008;359-842-11;lisahayes@example.org;Roberttown;Singapore
Pr7656;3924;Lozano and Sons;42466;399-067-74;jason51@example.com;Lake Kellyburgh;Guyana
Pr7979;3100;Garner LLC;23677;228-654-35;emilybird@example.net;Ryanside;Kazakhstan
Pr7855;3598;Jackson- Mitchell and Perkins;17844;561-056-78;william52@example.com;East Sherry;Belgium
Pr7221;1681;Goodwin- Houston and Smith;38583;908-334-30;fpacheco@example.com;Rebeccabury;Rwanda
Pr7573;1434;Warner- Benjamin and Williams;21583;125-143-49;carolynriley@example.net;Lake Brendabury;Sri Lanka
Pr7971;1676;Flores-Hartman;39387;817-559-97;jfreeman@example.org;Morrisbury;Dominican Republic
Pr7047;3630;Payne-Cortez;17894;141-410-62;bgalloway@example.org;North Ianton;Saint Pierre and Miquelon
Pr7953;1426;Garcia-Garcia;47194;966-335-66;rlewis@example.org;Hallfurt;Indonesia
Pr7410;1838;Young-Santiago;48943;729-833-25;tonyacameron@example.net;South Laurenton;New Zealand
Pr7462;3666;Gonzalez- May and Marshall;34660;858-418-62;wperry@example.org;West Karenville;Seychelles
Pr7776;4265;Soto- Smith and Edwards;20177;283-204-99;kbrown@example.net;Andersonside;Bolivia
Pr7274;2970;Mclaughlin- Hernandez and Cox;33603;537-650-77;maddenwendy@example.com;North Tina;Brazil
Pr7797;3226;Guerrero and Sons;21628;331-095-85;lcunningham@example.net;Higginsfurt;Dominican Republic
Pr7461;4028;Dillon- Anderson and Baker;23013;728-392-00;kevinhutchinson@example.org;Walkerberg;San Marino
Pr7894;1552;Cordova-Stafford;36076;515-999-94;aaron90@example.net;Wolfechester;Congo
Pr7577;513;Bryant- Graham and Cochran;33419;274-908-70;eharrison@example.com;Harringtontown;Brazil
Pr7169;1818;Gates-Smith;42880;641-031-60;pottskatherine@example.com;Ericport;Belize
Pr7963;4057;Young Inc;40745;690-337-95;derrickwillis@example.org;Evansborough;Taiwan
Pr7663;2527;Sanchez- Meadows and Bray;32426;322-060-30;thorntonjanice@example.org;South Steven;Mauritius
Pr7699;3947;Horton Group;34630;365-693-00;davisdiane@example.net;Lake Thomas;French Southern Territories
Pr7573;2646;Boyd LLC;18846;984-696-78;michaelbailey@example.net;Lake Vincent;Mexico
Pr7827;3559;Munoz- Johnson and Morgan;37245;440-927-83;nicholasallen@example.net;Bankstown;Congo
Pr8199;3320;Smith-Crosby;39334;851-158-73;jimlloyd@example.org;South Martintown;Brazil
Pr8177;2871;Hughes-Marshall;45352;754-146-79;shawnrichardson@example.org;Lake Mary;Jordan
Pr7072;3461;Glover- Aguilar and Mccall;20754;704-381-50;jennifer57@example.com;Port David;Saint Helena
Pr7633;3903;Jackson- Martin and Carlson;20127;876-377-30;taylorlarson@example.org;Port Sarahland;Antigua and Barbuda
Pr7569;3896;Lee-Hawkins;15670;952-019-75;manningandrew@example.net;Lake Rogerhaven;Jamaica
Pr7834;4482;Reed-Foster;24519;687-844-15;taylornicole@example.com;Fieldshaven;Venezuela
Pr7853;2334;Parker Ltd;36277;227-324-61;karencannon@example.com;Josefort;Turks and Caicos Islands
Pr8100;2983;Arias Group;18574;203-999-85;robertsingleton@example.org;Silvamouth;Tanzania
Pr7940;844;Welch Ltd;34007;150-951-95;jodihunter@example.org;Caseystad;Guyana
Pr7162;3104;Zavala LLC;44549;156-121-67;breannajohnson@example.org;Devinview;Israel
Pr7754;2811;Parker and Sons;29604;484-764-36;sandra80@example.org;Mcdonaldfort;Tokelau
Pr8016;2372;Le and Sons;34291;982-796-27;nmorris@example.org;New Meganmouth;Madagascar
Pr7461;4657;Orozco and Sons;46397;903-916-74;eduardo20@example.org;Petersonfurt;Lithuania
Pr7405;1371;Owens-Glenn;29598;528-493-44;mannjames@example.com;Mitchellchester;United States of America
Pr7337;2600;Harrison- Hernandez and Dean;48529;428-817-50;william15@example.com;Patriciashire;Norfolk Island
Pr7231;1426;Bowen Inc;21763;432-450-11;hscott@example.org;Richardchester;Togo
Pr7056;4425;Ballard- Johnson and Jones;47509;748-400-93;mckenziemichael@example.com;East Johnny;Northern Mariana Islands
Pr7949;4081;Delacruz-Lucero;19823;997-397-40;karenchambers@example.org;Jerrymouth;Malawi
Pr7021;3260;Jones- Stokes and Walker;26957;983-050-57;david82@example.org;Hannahmouth;Niue
Pr8091;2271;Berger- Burch and Hurst;20589;568-338-29;robert99@example.com;Rayview;Anguilla
Pr7037;4284;Kelly- Harrison and Harmon;35782;256-227-21;john79@example.net;West Dylanside;Korea
Pr7157;1501;Smith-Fisher;40654;662-358-26;rmiller@example.com;Sanchezfort;Bosnia and Herzegovina
Pr8096;1357;Hawkins-Kline;22010;436-102-48;robertparsons@example.org;Ericfurt;Tokelau
Pr7762;3983;Garcia- Sloan and Patton;38486;422-732-68;rachael76@example.net;Hernandezview;Nigeria
Pr7621;2477;Salinas-Glover;26393;271-054-12;mholmes@example.net;North Micheal;Turkey
Pr7699;1116;Young PLC;25569;831-485-98;kimleach@example.com;Amybury;Saint Lucia
Pr7679;4187;Nelson Inc;32515;211-376-97;ilopez@example.com;South Derrick;Jersey
Pr7274;3036;Allen Group;26840;614-990-72;dixonsteven@example.com;Port Michaelshire;American Samoa
Pr7634;1899;Johnson PLC;43080;905-459-34;uzavala@example.com;East Kevinfort;Aruba
Pr7854;2368;Day- Henry and Perez;33740;700-562-73;qadams@example.org;Burnsbury;Martinique
Pr7409;1198;Luna-Costa;17539;317-934-87;esolomon@example.net;East Margaret;Gambia
Pr7055;4366;Kaiser PLC;33916;540-539-46;alejandromejia@example.org;South Charlesborough;Cook Islands
Pr7131;4473;Green Ltd;39949;571-702-08;galvarado@example.org;Lake Heathertown;Mali
Pr7372;3387;King PLC;48783;435-723-37;kristy88@example.net;Millsview;Indonesia
Pr8045;4616;Taylor-Olsen;23735;431-036-71;djames@example.net;Lake Carol;Yemen
Pr7172;2818;Nguyen- Maynard and Harvey;38787;968-431-42;melissacase@example.com;Duartemouth;Saudi Arabia
Pr7226;2662;Jones- Diaz and Stewart;30097;756-402-93;spittman@example.net;Taraland;Macao
Pr7685;2084;Dominguez-Collier;45772;532-359-32;csullivan@example.com;North Johnview;North Macedonia
Pr7624;3643;Gonzalez-Robertson;30755;116-461-03;helen76@example.net;New Hayleyfurt;Finland
Pr8188;4231;Palmer-Chavez;42124;649-695-73;christopher26@example.net;North Jeremiah;Saint Pierre and Miquelon
Pr7483;546;Jackson Inc;47591;102-230-17;samuelserrano@example.net;Elizabethmouth;Sweden
Pr7579;1629;Carter- Nichols and Kerr;22962;264-164-33;carterrandy@example.com;East Jasmine;Nigeria
Pr7057;3125;Frank- Rodriguez and Thompson;37762;134-993-10;websterwesley@example.com;East Scottburgh;Mozambique
Pr7983;1431;Boyd- Gilbert and Meyers;26410;549-960-03;stephaniedillon@example.com;Dannybury;British Virgin Islands
Pr8076;2830;Ballard-Weber;23925;289-509-48;julie94@example.org;Lake Levichester;Micronesia
Pr7050;848;Lane Inc;24201;891-107-05;johnsonmatthew@example.com;South Jennifer;Turks and Caicos Islands
Pr7488;4405;Tucker Group;42875;657-057-85;ogibson@example.org;Dorseyfurt;Palestinian Territory
Pr7477;2521;Lopez- Thornton and Ford;24011;829-848-45;eric35@example.net;Lake Julie;Puerto Rico
Pr7937;4149;Mitchell-Peterson;17453;100-365-41;kbarnett@example.net;Hernandezfurt;Morocco
Pr7128;3236;Hammond Inc;38000;836-600-41;spearsolivia@example.org;East Marissa;Monaco
Pr7341;1061;Richard Ltd;17627;671-562-30;shannon29@example.com;Lake Brandon;Congo
Pr7130;3871;Lewis- Kelly and Bailey;27226;119-675-37;patelmary@example.com;New Robin;Suriname
Pr7258;2000;David-Thompson;42899;750-506-80;thomas86@example.net;Robertschester;Cape Verde
Pr8044;2006;Dudley-Mitchell;34712;258-058-60;kevinfigueroa@example.org;Port Samuel;Estonia
Pr8105;2088;Briggs- Smith and Barr;44705;221-069-67;johnjackson@example.net;West Ronnie;Bahrain
Pr7991;1656;Diaz Ltd;42644;546-684-24;whiteheadsarah@example.org;Lake Howard;Zambia
Pr7227;4581;Mccall Ltd;20925;871-985-64;tonyclark@example.com;Lake Stacy;Philippines
Pr7713;597;Cox- Watkins and Conley;36299;497-035-13;mary24@example.com;South Shawnville;Micronesia
Pr7355;1573;Banks-Martin;22169;957-528-74;evanandrews@example.com;Port Jasonstad;Mauritius
Pr8054;707;Davis-Brown;29147;429-644-23;agarcia@example.org;Port Hannah;Belarus
Pr7635;1195;Bush Group;29848;352-854-19;charlottenorris@example.net;Lake Dakota;Philippines
Pr7728;4462;Gomez- Silva and Miller;48148;509-823-32;umitchell@example.com;West Craig;Kazakhstan
Pr8134;2482;Robinson- Frank and Bryant;35577;552-187-17;deborahmurphy@example.com;Kristinstad;North Macedonia
Pr7891;1136;Ramos LLC;45011;204-477-01;gsimon@example.com;West Ericmouth;Malaysia
Pr7597;3249;Rice Group;42426;445-574-64;williamjackson@example.org;Lake Cody;Iran
Pr7632;4341;Hebert PLC;16509;452-863-36;alexander92@example.org;East Michaelview;Spain
Pr8112;3824;Watson-Freeman;24440;386-535-93;rachelwarner@example.org;Michaelburgh;Bolivia
Pr7271;958;Gilmore-Reyes;16559;985-666-64;craiggibbs@example.com;Tranfort;Portugal
Pr8073;1015;Martin-Edwards;39105;621-450-38;carriehill@example.net;South Davidmouth;Saudi Arabia
Pr8021;2813;Ball- Williams and Austin;28503;111-647-41;jenningsdavid@example.net;New Rachelbury;Samoa
Pr7572;1939;Hartman LLC;26889;506-892-58;acannon@example.com;Ferrellmouth;Faroe Islands
Pr7354;4316;Johnson- Pierce and Morris;38411;801-374-30;mcculloughphillip@example.com;Port Diamondtown;Montenegro
Pr8060;3123;Wheeler Group;48083;519-676-66;richard30@example.org;South Martha;Mozambique
Pr7083;1587;Williams-Lee;19698;512-448-87;barnesjames@example.net;North Sean;Korea
Pr7268;2893;Lopez PLC;39057;640-279-82;figueroamorgan@example.com;New Jonathanton;Cambodia
Pr7334;1868;Rhodes LLC;36182;147-331-80;anna03@example.com;Pooletown;Tunisia
Pr7814;1621;Silva-Davis;25881;299-450-62;jennifer26@example.org;Olsonberg;Lebanon
Pr8114;3918;Pham-Anderson;42533;508-034-03;brianna56@example.com;Port Nathanberg;Zimbabwe
Pr7251;4516;Lewis- Morgan and Singleton;46628;173-882-19;aadkins@example.com;West Joshua;Honduras
Pr7388;3535;Shaw Inc;39846;186-469-52;tammy87@example.net;Lake Kristentown;Guam
Pr8057;1988;Henry LLC;40115;187-020-90;marycasey@example.org;North Caseystad;Oman
Pr7190;2000;Miller-Walsh;37399;729-264-38;jessica49@example.com;North Mallorychester;North Macedonia
Pr7584;3085;Spencer-Perez;34153;690-376-27;randy65@example.org;Port Josephmouth;New Caledonia
Pr7793;3763;Diaz PLC;31393;833-292-42;urodriguez@example.net;Johnsonmouth;Kazakhstan
Pr7064;753;Conner LLC;34961;438-609-48;leedavid@example.net;South Larry;Saint Martin
Pr7305;4424;Liu-Wells;35412;558-069-09;bryan16@example.org;East Johnberg;Sao Tome and Principe
Pr7086;1605;Wagner- Larson and Sullivan;35255;831-468-63;sheaernest@example.com;Byrdburgh;Estonia
Pr7800;1787;Gonzalez-Powell;24612;886-619-26;daniellefisher@example.org;Taylorstad;Antarctica (the territory South of 60 deg S)
Pr7535;1827;Clark Group;32063;901-694-76;qlambert@example.org;North Elizabeth;Equatorial Guinea
Pr7421;533;Krueger- Graham and Hammond;19084;778-292-72;kristin77@example.com;Mccoyland;Denmark
Pr7673;4371;Evans-Grimes;22044;360-921-30;mphillips@example.com;West Sarah;North Macedonia
Pr7601;1556;Holt LLC;42657;677-676-48;oknight@example.com;Shelbytown;Botswana
Pr7062;1945;Garcia Ltd;29432;333-321-83;bholt@example.org;Jenningsshire;Ecuador
Pr7870;1655;Smith- Carlson and Shea;17963;417-255-54;sfoster@example.com;North Ianside;Brunei Darussalam
Pr7138;4053;Wiley PLC;40479;361-658-64;jeremy83@example.net;Michaelhaven;Georgia
Pr8016;661;Wells-Jordan;29197;339-314-30;miranda16@example.net;Lake Tarachester;Cayman Islands
Pr7836;1710;Wiggins Group;25670;827-642-48;kennedyteresa@example.org;Mercedesmouth;French Southern Territories
Pr8157;1611;Rodgers Ltd;37985;508-443-15;jwood@example.net;Lake Meganville;Tokelau
Pr8177;1401;Smith-Robinson;18746;103-965-27;gsimpson@example.org;West Cindy;Tanzania
Pr7434;2931;Smith LLC;43253;182-615-71;thompsonrobert@example.com;Bernardville;Bermuda
Pr7307;1310;Gallegos Group;39310;512-192-13;martinlori@example.com;Triciaberg;Iceland
Pr7252;968;Robbins- Cameron and Lee;33445;686-019-08;timothynelson@example.com;Wellsbury;Netherlands Antilles
Pr7651;3968;Lewis and Sons;44668;188-791-91;thompsonalan@example.net;East Donna;Guinea
Pr7036;3252;Bryant-Warren;27739;284-802-11;lance04@example.com;Heatherstad;Hungary
Pr7803;3799;Mills Ltd;23024;969-946-52;uneal@example.com;Alvarezport;Belgium
Pr7635;3050;Cook- Jackson and Bennett;25631;377-440-81;kimberlybarrett@example.net;Joycefort;Bermuda
Pr8186;1015;Johnson-Wright;47382;387-402-50;peterpittman@example.org;Alecside;San Marino
Pr7094;3889;Dorsey PLC;27044;647-288-85;parrishandrew@example.net;Pearsonborough;Malta
Pr7386;4325;Andersen and Sons;38533;788-996-23;nrandolph@example.com;Lake Davidton;Somalia
Pr7074;2601;Reyes- Navarro and Salazar;33272;205-841-25;mirandakaren@example.com;Salazarton;Malawi
Pr8015;3729;Lutz Ltd;39925;474-647-94;branchjillian@example.net;Lisastad;Seychelles
Pr7664;2450;Crawford Group;24631;721-741-27;curtisford@example.org;Chenfurt;Turks and Caicos Islands
Pr7485;707;Davenport-Price;33216;630-361-58;powersjennifer@example.org;Keithshire;Belize
Pr7149;1066;Ellis PLC;27724;437-599-72;barbara75@example.com;Williamland;Bouvet Island (Bouvetoya)
Pr7765;3941;Sanders-Lee;47784;939-916-14;tylerboyd@example.net;Port Robert;Luxembourg
Pr7947;1161;Mcbride-Adkins;19980;937-723-15;simontonya@example.org;Lauraland;Sweden
Pr7843;2267;Black- Jackson and House;47635;999-981-46;samuelevans@example.net;Berryside;Moldova
Pr7387;553;Griffin- Zimmerman and Parker;15657;415-719-24;smithkatelyn@example.com;East Richardchester;Puerto Rico
Pr7445;1358;Ford Ltd;37106;149-111-06;johnmendoza@example.net;Smithchester;Turks and Caicos Islands
Pr7029;4694;Weiss Inc;25786;635-002-50;sgarza@example.com;New Denise;Bolivia
Pr7620;2391;Martinez-Dennis;28484;814-192-48;lanegregory@example.org;West Linda;Dominican Republic
Pr8176;661;Mendoza Inc;27110;425-685-11;zlee@example.com;East Ashley;Saint Martin
Pr7472;1968;Sanchez and Sons;42027;578-154-91;fclark@example.net;Port Benjaminborough;Germany
Pr8074;1199;Johnson Group;43606;302-766-28;tinagraves@example.org;Rebeccaville;Belize
Pr7896;4336;Williams Inc;16765;174-661-99;nicholas85@example.org;West Jessica;Cyprus
Pr7761;4615;Jacobson- Santiago and Lewis;26207;786-378-58;david05@example.org;Cherylshire;Israel
Pr7319;2346;Hughes- Wiley and Espinoza;30322;306-724-03;bradyjames@example.org;Samuelchester;United Arab Emirates
Pr7555;2183;Martinez-Jennings;30353;299-955-33;kelleytheresa@example.net;Taylorport;Kiribati
Pr7698;2675;Guerra-Goodman;19541;982-991-33;john29@example.net;Julieland;Italy
Pr7950;2420;Johnston-Williams;39705;375-508-39;washingtonsarah@example.org;Fergusonstad;Marshall Islands
Pr7572;1496;Patterson- Neal and Castillo;29427;573-349-83;stacy24@example.net;Jessicaborough;Georgia
Pr7719;1866;Gomez-Hunt;43960;808-812-35;nwiggins@example.net;Staceytown;Wallis and Futuna
Pr7348;4331;Daniels- Ward and Thompson;34998;113-314-83;mcastillo@example.com;Michelebury;South Africa
Pr7708;4628;Sanders-Ellis;42343;779-450-34;lynchpaula@example.com;Wandaside;Montserrat
Pr7583;1278;Rollins- Foster and Mccoy;23628;417-071-38;karen43@example.com;West Paul;Sri Lanka
Pr8016;574;Murphy- Mcdowell and Osborn;38864;916-872-47;melissasmith@example.net;Port David;Philippines
Pr7348;2616;Mcdonald Inc;17134;486-497-19;sarah09@example.com;Garciaside;Christmas Island
Pr8010;1401;Roberts- Ward and Robertson;47285;394-144-63;kelleyronald@example.com;Courtneystad;Latvia
Pr7428;3862;Martinez- Ramsey and Clark;29608;539-865-33;alexisbryan@example.net;Port Adam;Solomon Islands
Pr7830;1051;Dyer- Pace and Dickerson;49732;144-693-12;margaretheath@example.net;Port Jamesmouth;Tonga
Pr8103;2104;Pacheco Ltd;25411;926-668-04;qhoward@example.org;West Danielleborough;Moldova
Pr7462;2742;Gomez-Ortiz;43390;688-294-64;colleen40@example.com;Jonesshire;Martinique
Pr7813;1602;Cabrera LLC;28534;420-510-17;richardhorn@example.net;Thomasmouth;Israel
Pr8051;855;Meyer-Sanders;47978;504-273-09;perry82@example.com;West Paula;Serbia
Pr8029;3696;Freeman-Hale;15596;439-433-57;cantrelljuan@example.org;Port Micheleville;Switzerland
Pr7675;4439;Brown-Anthony;41448;247-453-54;kcox@example.com;Markborough;Malawi
Pr7717;3211;Cox- Mitchell and Rogers;30651;867-060-25;ssantana@example.net;Clarkbury;Ethiopia
Pr7447;2275;Torres-Buchanan;44300;689-758-48;ochoadonna@example.net;Davidton;Morocco
Pr7290;3981;Robinson-Marshall;27341;249-881-13;abates@example.com;East Michael;Canada
Pr7050;4178;Estrada-Mitchell;26690;785-305-19;lgriffin@example.org;East Kimberlyshire;China
Pr8107;3902;Montgomery-Williams;31352;279-764-83;jacobsangel@example.org;Hubbardside;Lesotho
Pr7201;3566;Griffin Group;30891;456-891-07;kaufmanfelicia@example.net;West Michael;Italy
Pr7876;4279;Santiago and Sons;19818;617-448-47;barronlinda@example.net;South Laurenville;Egypt
Pr7861;1592;Wilson-Brooks;18084;537-127-44;nicholasali@example.org;Brownton;Micronesia
Pr8125;3112;Warren LLC;25111;523-462-80;nicholsmatthew@example.org;Jasonmouth;Romania
Pr7902;2282;Escobar Group;42181;735-314-88;gonzalesjuan@example.net;Johnsonbury;Bhutan
Pr7151;4303;Young PLC;28478;650-035-15;mackcarolyn@example.org;New John;Tunisia
Pr7307;2597;Ruiz-Le;32657;701-861-88;sanchezkimberly@example.com;South Kristenville;Indonesia
Pr7939;3036;Cole- Weber and Santiago;38910;831-836-74;enavarro@example.net;Danielborough;Azerbaijan
Pr7575;723;Martin Ltd;46168;225-689-74;dominguezomar@example.org;New Brianville;Somalia
Pr7100;4041;Rodriguez Inc;30565;371-575-07;mark71@example.org;South James;Solomon Islands
Pr7866;4184;Stafford Group;48453;238-987-59;xjones@example.org;Lake Jasonland;Guernsey
Pr7135;1105;Kirk- Mitchell and Mora;36719;692-690-39;christopher75@example.net;South Charlesville;Botswana
Pr7615;1472;Lang-Cooper;26012;148-158-52;shanestein@example.com;North Faith;Mozambique
Pr7945;548;Hughes LLC;38715;155-204-43;jasonjordan@example.com;Ellisfurt;Gambia
Pr7916;2197;Jennings- Richard and Mata;39613;426-173-76;delgadojoel@example.org;West Howard;Saint Lucia
Pr7254;1100;Hunter-Robles;15866;136-530-47;stephen56@example.net;Robinsonville;Vanuatu
Pr7264;839;Franklin-Harris;49874;456-098-46;brenda10@example.net;East Timothyhaven;Botswana
Pr8078;3859;Short Ltd;25144;236-912-45;kadkins@example.net;East Timothy;Guam
Pr8039;3805;Hudson- Clark and Ingram;31512;508-757-80;jsmith@example.net;West Alexaton;North Macedonia
Pr8064;694;Rose-Morse;29362;408-528-69;jeanettelamb@example.org;Lawsonstad;Czech Republic
Pr7989;1526;Martin-Morrow;17416;908-413-54;jacob61@example.org;West Dustin;Senegal
Pr7217;3570;Hess-Wells;27154;747-107-27;shawn80@example.com;South Lisafurt;Vanuatu
Pr7597;3050;Shea- Jenkins and Ortega;35647;869-299-39;hfrancis@example.com;West Timothy;Faroe Islands
Pr7187;4172;Nunez- Smith and Best;43900;509-772-40;thomasbarbara@example.net;Ronaldside;Guinea
Pr8023;1779;Brewer- Walker and Herrera;18797;961-931-15;hoopergeorge@example.org;Jessicaton;Mauritius
Pr7650;1890;Martin- Wu and Garner;39868;529-059-01;ashley87@example.net;North Ashley;Canada
Pr7000;637;Macdonald Inc;48283;342-860-68;eholland@example.com;Daniellechester;Gibraltar
Pr8044;606;Wright PLC;28372;521-587-67;lindsay89@example.com;Port Jessica;Senegal
Pr8104;4606;Boyer- Perry and Hensley;19112;273-811-74;srussell@example.org;New Paul;Kenya
Pr7668;804;Scott PLC;31437;815-794-19;baileybryan@example.org;West Carl;Jersey
Pr7161;2787;Huff Group;41208;415-762-26;lauren63@example.com;Jeffview;Martinique
Pr7477;4510;Anderson Ltd;36167;623-263-84;owatson@example.net;East Anna;Guadeloupe
Pr7804;3659;Thomas-Morgan;24243;685-812-20;bryan40@example.org;Paulstad;Saudi Arabia
Pr7166;2875;Cummings Inc;32986;752-176-84;etorres@example.com;Barkerton;Peru
Pr7125;4325;Bowman-Newman;31876;894-994-72;pamelascott@example.com;Aguilarchester;Bhutan
Pr7718;976;Turner and Sons;22253;225-493-89;tonimoore@example.net;East Brittney;Namibia
Pr7306;2975;Padilla Inc;15755;791-888-52;nayala@example.net;Josephland;Bhutan
Pr7899;3328;Garza Group;36154;223-809-37;stewartdonald@example.net;Lake Sharon;Israel
Pr7469;3399;Martinez Group;34027;620-080-43;pateldavid@example.net;South Michael;Croatia
Pr7622;2729;Smith- Oconnor and Boone;43705;767-232-10;leonardjohn@example.net;Fisherborough;Congo
Pr7391;584;Carter-Hall;34921;622-290-01;hstone@example.org;Lake Antonio;Reunion
Pr7929;4331;Crane- Clayton and Rodriguez;31033;804-827-68;ortegakayla@example.org;Jacksontown;United Kingdom
Pr7591;550;Walker Group;45052;933-778-47;christinacombs@example.org;Reidland;Guyana
Pr7701;1917;Bailey- Mitchell and Byrd;43311;209-594-52;gibsonkenneth@example.org;Huntmouth;Cayman Islands
Pr7706;3242;Williams-Caldwell;46670;665-194-18;qlee@example.org;Port Teresaberg;Saudi Arabia
Pr7561;1833;Wilson Inc;21854;637-082-28;james05@example.net;Robertsville;Uganda
Pr7736;1522;Smith Group;27889;553-652-45;ecaldwell@example.net;Port Julian;Ethiopia
Pr7338;2460;Goodwin-Grant;31408;925-425-94;gfigueroa@example.org;South Marc;Samoa
Pr7279;4569;Cox- Saunders and Allen;36514;624-703-47;zmcdowell@example.com;Ericaview;Grenada
Pr7776;4696;Shelton- Gonzalez and Mathis;18162;824-987-96;shepardsarah@example.com;Martinmouth;Central African Republic
Pr7634;3351;Lane-Rodriguez;32285;514-172-52;cervantesbrett@example.com;Parksmouth;Liechtenstein
Pr7870;787;Smith Inc;19162;103-689-09;geraldmorrison@example.org;Cummingstown;Morocco
Pr8012;4056;Edwards- Fritz and Campbell;40144;863-173-59;matthew58@example.org;Joshuaview;Montenegro
Pr7403;1895;Clark-Chandler;42851;352-625-65;deannamason@example.net;East Stephenport;Belgium
Pr7175;2119;Hill Inc;38968;966-186-25;julia30@example.com;Jacobfort;Spain
Pr7267;3318;Russell- Palmer and Ochoa;39692;245-233-12;zjones@example.org;North Charleston;Kyrgyz Republic
Pr7079;2248;Sullivan- Shaw and Henderson;34443;324-010-34;andrewstone@example.net;Lake Ericborough;French Guiana
Pr7528;3937;Cervantes-Carter;44932;231-458-03;sarahburton@example.org;Lake Christybury;Sudan
Pr7651;1002;Finley-Weaver;42132;755-279-33;moorekyle@example.org;Tammyview;Trinidad and Tobago
Pr7537;3141;Harris- Phillips and Miller;44320;739-076-79;kim04@example.org;East Thomas;Vanuatu
Pr7603;991;Reynolds-Garcia;20253;923-146-76;sandradyer@example.net;South Craig;Kyrgyz Republic
Pr8068;2363;Tate- Carter and Durham;31830;150-538-28;allenbreanna@example.net;Rodrigueztown;Martinique
Pr7927;2915;Chavez-Martinez;43719;344-129-48;gonzalezalyssa@example.net;Anthonyland;Christmas Island
Pr7880;3237;Hale-Vaughn;36357;382-047-29;latashalawrence@example.org;Gonzaleston;Hungary
Pr7885;2099;Sandoval- Barber and Rivera;48818;668-966-75;angelashea@example.com;Jenniferfort;Suriname
Pr7483;1444;Fernandez-Martin;21709;218-663-85;hernandezdawn@example.com;Davismouth;Estonia
Pr7741;1351;Kent- Jones and Yang;35993;465-112-81;stevencarr@example.org;Rodriguezport;Australia
Pr7970;1698;Wall Inc;33721;853-163-88;julia27@example.com;Hudsonchester;Korea
Pr7001;3571;Clark- Burke and Mcgee;49498;344-705-23;joshuagomez@example.org;Sheilaview;Somalia
Pr7257;595;Jordan and Sons;47580;762-298-14;rodriguezcarrie@example.net;South Lindsay;Niue
Pr7330;2713;Taylor- Ford and Lopez;36085;492-650-33;mckaykevin@example.com;East Melissa;Montserrat
Pr8062;2298;Adams-Bennett;38370;174-731-62;nsmith@example.org;South Michelle;Mongolia
Pr7862;4327;Bradford- Ingram and Eaton;29823;962-705-43;ybaker@example.org;West John;Northern Mariana Islands
Pr7149;3843;Deleon PLC;29296;588-608-67;goulderik@example.org;South Marisa;Turkey
Pr7766;3490;Weaver- Williams and Simpson;39025;996-339-63;zevans@example.com;Port Deborahview;Guyana
Pr7790;4097;Farrell- Diaz and Carroll;26310;870-871-44;kellysanders@example.com;Farrellburgh;Guinea-Bissau
Pr7605;4684;Atkins-Miller;20370;900-355-06;brewerkirk@example.net;East Josephbury;United States Minor Outlying Islands
Pr7112;1419;Mccoy- Green and Christian;17327;775-318-18;qwalker@example.net;East Donnaborough;Mauritius
Pr7873;1355;Reed- Bell and Jenkins;32198;596-466-59;marcus16@example.net;Jaredhaven;Western Sahara
Pr8071;1759;Davila Inc;17808;710-259-87;manningnancy@example.com;Danielburgh;United States Minor Outlying Islands
Pr7201;1094;Coleman PLC;18013;693-328-65;christopherrichardson@example.com;Andrewland;Malaysia
Pr7004;1846;Campbell-Lewis;23450;769-554-19;rrosario@example.org;Mcclureland;Finland
Pr8084;4623;Chapman- Simmons and Franklin;34481;173-566-06;qhuber@example.com;Conradton;Norfolk Island
Pr7288;2017;Jones- Clark and Chang;42874;271-840-74;yjohnson@example.net;North Dawnburgh;Micronesia
Pr7598;4125;Barrera Group;26732;299-310-29;james41@example.com;Davidfurt;Dominica
Pr7321;2462;Brown PLC;47413;613-161-71;michaelthomas@example.net;West Jaredmouth;Australia
Pr7721;2696;Robbins- Salinas and Kelley;16693;145-665-33;carterjoseph@example.com;Faithhaven;Comoros
Pr8120;507;Burns PLC;35302;648-030-87;cindy55@example.com;Kingfurt;Kazakhstan
Pr7726;4113;Ho LLC;26327;794-140-60;sanderson@example.org;Berrymouth;Austria
Pr7810;507;Owens- Johnson and Weber;37129;580-338-55;hernandeztiffany@example.org;East Luisborough;Montserrat
Pr7067;2081;Patterson-Hughes;22067;269-938-83;barbaragreen@example.net;Sanchezside;Seychelles
Pr7297;1594;Griffin- Walsh and Quinn;33216;320-277-52;pramirez@example.org;Knightchester;Cyprus
Pr7560;3608;Johnson PLC;38280;405-623-09;russelltony@example.org;Juliaborough;United Arab Emirates
Pr8032;2947;Sosa Ltd;38922;690-305-11;debraharris@example.com;Port Meagan;Tuvalu
Pr7128;1723;Hunter- Gonzalez and Brown;34147;498-377-72;brian54@example.org;Irwinfurt;Egypt
Pr7770;3862;Jones-Torres;47235;465-054-73;danielmyers@example.net;North Kara;Guinea-Bissau
Pr7599;3357;Collins- Robbins and Daniels;33073;538-284-27;ashleytaylor@example.net;West Josephland;Saudi Arabia
Pr7037;3480;Bowman-Lyons;35397;510-425-61;ekelly@example.net;Williamville;Bangladesh
Pr7681;1090;Estrada Inc;23969;945-089-65;mary90@example.org;Heathertown;Madagascar
Pr7839;3116;Holder-Reed;26147;675-432-26;tleon@example.org;Port Paul;Mauritius
Pr8024;2872;Phillips Group;25651;534-284-04;reillychristopher@example.com;Reneeshire;Ethiopia
Pr7275;2425;Hernandez-Kim;30624;615-196-50;wlawrence@example.net;New Dana;Palau
Pr8034;4692;Blair LLC;35041;710-561-16;sarahjames@example.org;North Kendraberg;South Africa
Pr7517;2718;Stevens- Brown and Rangel;29186;584-688-20;tommiranda@example.com;Brownville;Peru
Pr7459;4678;Lucas- Dodson and Perry;20667;591-880-66;proctordavid@example.org;Jessicatown;Albania
Pr8075;3655;Wade Group;47002;455-844-16;justinlandry@example.org;Lake Grant;Netherlands
Pr7505;2720;Pearson PLC;45493;417-047-67;mmiller@example.org;Bowenberg;Korea
Pr7008;4636;Vang Group;49147;914-490-78;michael82@example.net;Rogersport;Mayotte
Pr7491;1405;Luna PLC;38305;625-391-67;barrettashley@example.net;Lake Lucasbury;United Kingdom
Pr7277;953;Lyons-Padilla;46124;873-661-47;alexis67@example.org;Torresville;French Southern Territories
Pr7950;1094;Mcclain- Hoover and Johnson;32253;575-311-58;ashley49@example.net;Shellyfort;Angola
Pr7782;2359;Williams-Dixon;17264;729-795-39;burkeshaun@example.com;West Travis;Saint Lucia
Pr7295;2569;Alexander LLC;19253;991-814-38;ebonyhaas@example.com;Port Kimberlystad;Oman
Pr7871;4215;Mckenzie-Duffy;40478;317-508-15;jamesdougherty@example.com;New Amandabury;Angola
Pr7234;3931;Adams-Maldonado;37312;995-799-43;martinezmisty@example.org;Lake Jennifer;Isle of Man
Pr7717;4178;Chang Ltd;39487;141-082-69;anna52@example.net;Melanieborough;Dominica
Pr7344;1396;Faulkner- Delgado and Steele;28661;732-361-98;tward@example.net;Christinahaven;Mauritania
Pr7753;2849;Ramirez-Miller;43376;856-537-44;derekblake@example.net;West Angelaland;South Georgia and the South Sandwich Islands
Pr7883;3411;Bailey-Wu;45157;247-510-97;fconley@example.com;Holdentown;Puerto Rico
Pr8190;1145;Foster Ltd;32706;959-749-22;campbellalyssa@example.org;New Kellymouth;Saint Pierre and Miquelon
Pr7744;1268;Adams-Cortez;26452;603-249-72;harrisjoseph@example.com;Barbaramouth;Kiribati
Pr7191;528;Cortez- Harris and Bradshaw;16231;554-805-77;tracy43@example.org;Port Kristinafort;United States of America
Pr8070;891;Watson- Barker and Cummings;33778;718-927-29;bishopjames@example.net;Sellerstown;United States Virgin Islands
Pr7809;2393;Mason- Thomas and Barnes;49691;216-179-05;ctaylor@example.net;Alexachester;Burkina Faso
Pr7029;2165;Jones- Fletcher and Perez;30729;897-555-62;ortizanne@example.com;South Sandraville;Russian Federation
Pr7991;1011;Ellison-Woodard;40278;573-728-53;kbaxter@example.com;West Christian;Congo
Pr7893;1625;Lawrence-Castro;22407;811-880-35;georgegates@example.org;Lake Caseyshire;Tonga
Pr7068;3610;Osborne Inc;45103;283-250-13;colleen87@example.org;South Janetmouth;Indonesia
Pr7379;1220;Torres- Gallagher and Baker;33885;342-679-69;robertreynolds@example.com;Hollandville;United Kingdom
Pr7951;4678;Allen PLC;16495;257-787-17;kristenscott@example.com;New Meganchester;Iran
Pr7035;1486;Rogers-Henderson;34461;875-282-81;hansenchristina@example.org;Wilsonfort;Turks and Caicos Islands
Pr7652;1078;Walker Group;34934;761-263-47;smithlisa@example.com;North Theresastad;United States Minor Outlying Islands
Pr7730;1128;Lee PLC;16714;227-171-45;justin48@example.net;Port Abigail;Iceland
Pr7143;4188;Mitchell PLC;19313;159-417-36;porterjesus@example.org;Port Kellyhaven;Egypt
Pr7905;678;Adkins PLC;46624;906-477-15;catherinehart@example.net;West Erinside;Tunisia
Pr7056;1448;Walton- Cooper and Mitchell;33339;573-082-78;zschwartz@example.org;Port Joyside;Comoros
Pr7440;1058;Richard-Cooper;30311;192-489-15;newtonchristina@example.com;Laurachester;Georgia
Pr7508;2208;Sheppard-Williams;29303;572-773-23;suzanneayers@example.net;South Erica;Palestinian Territory
Pr7781;658;Scott- Anderson and Reed;16327;318-303-06;nixontyler@example.com;West Danielle;South Africa
Pr8070;3556;Ruiz- Williams and Vazquez;47116;403-987-36;michael45@example.net;Floresfurt;Brunei Darussalam
Pr7716;4625;Carter-Taylor;39794;149-452-14;dhernandez@example.com;Jacquelineville;Philippines
Pr7790;3347;Boyer- Sutton and Lopez;40623;415-356-16;kaylee25@example.org;Hancockstad;Tuvalu
Pr8195;3204;Beard and Sons;30348;679-832-55;hgomez@example.com;Ericaville;Jamaica
Pr7865;1108;Patel Ltd;27861;933-727-93;wwilliams@example.org;Stevenschester;Eritrea
Pr7614;4367;Gray-Chase;24100;398-847-33;sharpmary@example.net;East Carolshire;Pakistan
Pr7632;3311;Lee LLC;25695;496-380-41;imoore@example.org;Coxton;Guatemala
Pr7453;803;Walker-Sanchez;49738;832-710-82;harrisdylan@example.com;Port Sharon;El Salvador
Pr8118;4609;Scott PLC;42498;213-614-64;desireelarson@example.net;New Jocelyn;Congo
Pr7416;3573;Olsen-Reid;34542;484-676-08;hmclean@example.net;Floydhaven;Indonesia
Pr7123;4159;Torres- Orr and Espinoza;18580;289-636-25;miguelduffy@example.org;Braymouth;Sao Tome and Principe
Pr7788;3088;Brown- West and Flowers;37561;161-444-38;tjoseph@example.net;Jeffreyburgh;Liechtenstein
Pr7360;4179;Chambers Ltd;42760;832-685-61;tammymitchell@example.com;Russellshire;Jordan
Pr7244;742;Brown- Fernandez and Ramirez;19435;932-428-94;anthonybullock@example.org;Robbinsstad;Kenya
Pr7621;3496;Gill-Hester;42436;359-233-56;amanda89@example.net;Andersonport;Seychelles
Pr7136;896;Gomez PLC;47698;729-777-15;madelinemayer@example.net;Lake Kathryn;Belize
Pr7069;1797;Jones- Parker and Booker;39019;525-372-34;tracypatterson@example.org;East Carlastad;Argentina
Pr7570;3833;Ortiz-Dodson;47121;305-687-88;walterzachary@example.com;Lake Michael;Kyrgyz Republic
Pr7943;1628;Harris- Lane and Thomas;39358;322-019-12;sylvia73@example.com;New Jerryberg;Somalia
Pr7133;4120;Williams- Li and Parker;30332;386-584-51;mary74@example.net;Adamfurt;Barbados
Pr7130;4394;Jones Inc;28383;141-446-54;cantumatthew@example.com;North Jared;Andorra
Pr8200;3786;Clark and Sons;39417;189-788-74;nrice@example.org;Schaeferburgh;Gibraltar
Pr7155;4229;Rodriguez-Powell;38843;368-328-65;mitchellbeth@example.com;Adamsburgh;Liberia
Pr7699;3612;Woods- Lewis and Wright;28900;149-590-34;marioriley@example.org;North Patrick;Lebanon
Pr8182;3206;Marsh- Frank and Lawrence;32517;521-445-37;chase98@example.net;Espinozaport;New Caledonia
Pr8057;3843;Cabrera-Rivera;30441;582-137-90;gwhite@example.net;Port Rebeccabury;United States Minor Outlying Islands
Pr7687;4016;Cowan Ltd;23068;995-174-59;hrodriguez@example.net;South Joseph;Bahrain
Pr7544;1426;Wood- Smith and Flores;19344;124-186-48;joshuagutierrez@example.net;Port Matthew;Korea
Pr7538;3762;King PLC;35091;210-396-17;rachelhernandez@example.org;Matthewside;Monaco
Pr7267;1992;Baker-Hooper;19939;552-424-94;bradleycohen@example.org;North Alison;Myanmar
Pr7738;3852;Robertson-Harris;20574;964-772-45;julie89@example.com;Port Kelseymouth;Angola
Pr7135;4636;Mccann- Carey and Lewis;20341;632-643-87;jameswilson@example.com;Garciachester;Thailand
Pr7905;4090;Johnson-Perez;47686;640-701-90;marybarnett@example.com;Port Moniquechester;United States of America
Pr7959;2834;Garner Group;22551;326-812-74;lauradominguez@example.com;Kimberlyfort;Yemen
Pr7231;1744;Rivera- Garcia and Hamilton;31980;852-583-43;imoore@example.org;South Ariel;New Caledonia
Pr7570;1236;Torres-Doyle;24543;326-522-42;lporter@example.com;East Melissamouth;Iceland
Pr7629;3230;Lee-Gardner;29076;824-143-15;stephen03@example.com;Jefferyfort;Saint Helena
Pr7623;2018;Adams Inc;43657;892-385-84;gdavis@example.net;Maciaston;French Guiana
Pr7085;1164;Johnson Ltd;31104;389-421-22;brocklauren@example.org;North Pamview;American Samoa
Pr7526;1903;Keller-Booker;49714;147-333-64;joshuataylor@example.net;New Susanchester;Uganda
Pr7079;1826;Tate- Smith and Jones;35034;581-956-33;johnsonmindy@example.net;Barrettport;Barbados
Pr7292;1316;Harris Group;40061;663-537-41;mark77@example.com;Lake Marieside;Costa Rica
Pr7634;1859;Gordon- Crawford and Adams;31871;120-580-80;hernandezjohn@example.com;Mahoneyborough;Egypt
Pr7933;4311;Riley- Edwards and Hall;25576;588-724-53;dunndavid@example.com;Lake Gregory;Bahrain
Pr7004;1749;Mathis-Montgomery;32753;490-417-59;durhamjesse@example.org;Lake Frank;Myanmar
Pr8163;2566;Flores- Dickerson and Matthews;30966;821-758-68;sarah66@example.net;East Samuel;Sri Lanka
Pr7405;2330;Martin and Sons;24366;250-608-57;morgandebra@example.com;North Meganton;Mali
Pr7417;4293;Allen- Beck and Esparza;25909;987-330-15;michael62@example.com;South Jesse;Wallis and Futuna
Pr8120;849;Coleman Inc;44858;288-360-97;carlabrennan@example.net;New Jackville;Tajikistan
Pr7355;2861;Flores-Mitchell;28895;671-883-69;emorgan@example.net;West James;Uruguay
Pr7480;1386;Davis Inc;26120;525-201-31;rhondamoore@example.net;Davidborough;Zimbabwe
Pr7959;4041;Fox Inc;17623;993-493-94;vazquezdenise@example.net;Derekton;Antarctica (the territory South of 60 deg S)
Pr7221;828;Parker PLC;20370;468-136-36;taylorpeter@example.org;Brewerburgh;Peru
Pr7802;2501;Carroll Group;26594;387-551-07;barbermichael@example.org;Port Mark;France
Pr7804;840;Miller- Smith and Potter;25810;688-226-72;lorigallagher@example.org;Alexistown;Nigeria
Pr7981;3145;Jones- Miller and Curtis;40490;494-076-72;schmidtisaac@example.net;Port Kendraview;Eritrea
Pr7274;3204;Williams and Sons;22189;501-492-87;jeffery11@example.com;North Anna;Czech Republic
Pr7717;2128;Blevins- Massey and Hernandez;22048;861-452-43;tclark@example.com;South Richard;Nepal
Pr7907;3522;Martinez- Miles and Willis;22007;432-592-36;jeffrey44@example.net;Jenkinsmouth;Azerbaijan
Pr7814;3502;Bryant LLC;41253;963-090-92;calvarado@example.org;North Josephtown;Jersey
Pr7527;1183;Moore Inc;43078;641-511-44;scain@example.net;Mercedesborough;Senegal
Pr7865;4262;Jackson- Brown and Richardson;15801;900-503-97;amitchell@example.net;South Rebecca;Kazakhstan
Pr7877;3663;Reid-Vasquez;40738;291-398-57;abigailgrant@example.net;Cherylmouth;Timor-Leste
Pr7983;2324;Garcia Group;47566;752-494-08;eanderson@example.org;Danielchester;Finland
Pr7280;3286;Molina- Short and Martin;28164;495-046-65;sarahyoder@example.net;Rodriguezberg;Honduras
Pr7923;1818;Shelton- Rodriguez and Mora;37705;426-308-13;bpeterson@example.com;Lake Victoria;Somalia
Pr7056;3535;Barajas Group;46690;366-131-88;scarter@example.com;Kylebury;Portugal
Pr7184;2853;Lawson-Schwartz;40590;313-798-41;rojasrenee@example.com;East Kaylee;American Samoa
Pr7998;1801;Morales Ltd;36872;492-071-84;jtownsend@example.net;Lake Nicoleville;Micronesia
Pr7876;1593;Rodriguez Inc;28757;700-818-69;hmccoy@example.org;Bretthaven;Angola
Pr7755;2958;Chandler-Morris;28826;876-584-48;orivera@example.org;South Shawn;Christmas Island
Pr7367;2238;Bailey- Ortiz and Lowe;38454;203-774-62;wgonzalez@example.com;Fuentesfurt;Eritrea
Pr8183;2911;Roman- Mclaughlin and Thomas;15553;857-098-19;matthew40@example.com;New Carolyn;Latvia
Pr7875;3345;Ball PLC;46258;424-013-55;thompsonjoshua@example.net;South Brandon;Korea
Pr7713;3622;Adams Group;44641;549-342-91;jhiggins@example.org;Mariahton;Lao People's Democratic Republic
Pr7463;4040;Cooper-Mccarthy;20944;435-816-29;robert16@example.net;Jenniferbury;Malaysia
Pr7144;2907;Webb- Barber and Williams;39184;812-460-16;zimmermanscott@example.net;Kleinfurt;Peru
Pr7091;803;Webb-Brown;41853;436-124-63;zdavidson@example.com;Port Heatherhaven;Wallis and Futuna
Pr8144;2925;Wiggins Ltd;46192;677-983-51;thomas25@example.net;Rickyberg;Saint Helena
Pr7951;1563;Turner Group;19566;538-400-42;nmoore@example.com;Gonzalezmouth;Guadeloupe
Pr7841;4023;Kelly-Ramos;31858;785-660-93;dayjennifer@example.net;Hartville;Maldives
Pr7047;4560;Anderson-Kelly;46543;242-482-97;cflores@example.net;Debratown;Malta
Pr8147;614;Richards and Sons;40066;444-234-23;zjohnson@example.net;North Elizabethmouth;Guernsey
Pr7055;4519;Jennings-Levy;16867;586-892-96;maryyu@example.com;Heatherfurt;Guinea-Bissau
Pr7482;4093;Hooper- Warren and Duke;38549;449-430-56;imartinez@example.org;Joyburgh;Iran
Pr7582;2722;Crawford Inc;26507;739-021-38;wyattjackson@example.org;Jamesburgh;Azerbaijan
Pr7169;3670;Molina- Hayes and Wallace;27394;690-249-98;phillipsgerald@example.org;New Denise;Romania
Pr7429;979;Lewis LLC;25177;557-693-10;grayfrances@example.com;East Jeffreymouth;Syrian Arab Republic
Pr7906;4604;Williams-Smith;34434;452-401-36;michael07@example.com;West Darlene;Ukraine
Pr7450;2637;Day- Sanders and Turner;47366;866-106-98;bryanjoseph@example.net;Cardenasbury;French Southern Territories
Pr7713;2303;Berry-Wilson;22774;413-931-10;cody57@example.org;Russellmouth;San Marino
Pr7779;1877;Williams-Farmer;20261;854-573-26;jamescollins@example.org;New Tiffany;Sierra Leone
Pr7952;768;Brooks-Wilcox;29264;491-233-30;walter20@example.com;Royfurt;Gambia
Pr7037;2978;Pennington Group;37365;615-711-34;aroth@example.net;Johnchester;Bouvet Island (Bouvetoya)
Pr7960;1237;Adams- Smith and Hanson;44283;566-259-62;brooke67@example.org;Gregoryburgh;Yemen
Pr7820;1116;King and Sons;23606;997-160-10;khale@example.com;Jenniferburgh;Uganda
Pr7035;3949;Garcia-Bullock;34374;956-009-73;vconner@example.com;West Charlotte;Uruguay
Pr8109;3214;Phillips- Fuller and Willis;45540;671-094-71;bayers@example.net;North Jennifer;Suriname
Pr7966;2323;Holt-Mendez;41974;862-527-30;stephanie74@example.net;South Lauraport;Uzbekistan
Pr7561;4355;Adams Inc;28207;691-664-67;shannon32@example.net;Vanessaton;Ukraine
Pr7997;1179;Stanley-Frazier;47804;778-034-82;luislivingston@example.com;Emilymouth;Croatia
Pr7263;2777;Salazar Ltd;32078;924-086-08;franklee@example.org;West Andrew;Niger
Pr7323;4633;Reyes Group;30653;742-137-74;justinserrano@example.org;Thomaston;Guam
Pr8041;3452;Bishop Inc;28741;173-031-27;mariapope@example.net;West Robert;French Guiana
Pr7031;2317;Wheeler and Sons;20087;359-246-38;debbierosales@example.com;New Deborahborough;Martinique
Pr7810;3943;Chambers- Zhang and Payne;37559;578-036-19;nguyenadam@example.net;North Rachel;Austria
Pr7877;3647;Rivera-Smith;30808;554-603-40;carteremily@example.net;New Diane;France
Pr8117;3416;Cochran-Garcia;19567;632-402-65;jasongray@example.net;Justinchester;Eritrea
Pr7239;3754;Arnold-Thompson;36990;108-703-78;stephenshields@example.net;Ronaldburgh;Belgium
Pr7933;3222;Adams- Adams and Adams;40295;190-659-41;cgarcia@example.net;Nelsonmouth;New Caledonia
Pr8129;2631;Case-Acosta;37368;235-757-08;raymond29@example.com;Garrettstad;Azerbaijan
Pr7413;3760;Patel PLC;45132;363-380-39;stuartjohnson@example.org;Klinechester;Estonia
Pr7747;597;Johnson- Porter and Kent;34137;210-804-58;colinholloway@example.org;Jamieberg;United States Virgin Islands
Pr7046;2238;Walker-Smith;25480;231-109-85;janet14@example.com;Russellmouth;Panama
Pr7427;2804;Chapman- Hanson and Santana;21751;802-640-82;huertadeborah@example.com;East Wayne;Burundi
Pr7552;3632;Petty Inc;27711;120-490-20;zachary15@example.net;Lake Cathy;Haiti
Pr7494;3242;Thomas- Smith and Williams;34810;649-351-85;smithtimothy@example.net;South Willieview;United States Virgin Islands
Pr8107;3977;Sanford- Chen and Santos;49776;923-294-79;psmith@example.net;Lindsayfort;Indonesia
Pr7956;1552;Krause- Scott and Morrow;15582;723-092-69;christophergarrison@example.com;Shannonland;Guyana
Pr7596;2984;Miller-Hunt;15912;666-481-58;hudsonamber@example.net;Johnsonview;Peru
Pr7855;3540;Hale Group;35061;769-389-56;josephsara@example.org;Johnsonton;Panama
Pr7835;4428;Smith- Garcia and Perkins;35120;482-152-98;edwardmcgrath@example.com;South Aaron;Bolivia
Pr7722;931;Black-Ayala;29509;347-477-69;clarence64@example.com;Johnsonville;Italy
Pr7596;1800;Harrison-Richards;17664;483-210-77;melendezjohn@example.org;Port Ashley;Colombia
Pr7137;1082;Wilson and Sons;37852;494-215-67;johnsonrandy@example.net;Trevinoside;British Indian Ocean Territory (Chagos Archipelago)
Pr7953;3019;Dominguez-Gates;33207;565-917-80;maxwellbrown@example.com;New Jamie;Estonia
Pr7727;1478;Dickson-Jones;23918;372-675-88;donnahernandez@example.net;Port Francisco;French Polynesia
Pr7032;1720;Kelley-Mccormick;46679;193-792-05;kristen66@example.net;Jonesview;Uzbekistan