store_id;employee_id;store_name;store_phone;store_city;store_country;store_email;store_post_code
853;1760;Nelson  Wong and Thompson;579-673-37;Patrickberg;Paraguay;colemancathy@example.com;6287
1470;2700;Brandt LLC;928-962-02;Rebeccaland;Jordan;thomasluna@example.net;8524
1269;3998;Hughes-Williams;526-508-69;Jeffreyside;Central African Republic;mario66@example.org;8779
807;3279;Stuart-Lee;789-164-13;Angelicaside;Seychelles;rebeccamartinez@example.org;9637
973;876;Johnson  Powers and Chase;901-343-83;East Joshuamouth;Montserrat;susan89@example.net;6573
1333;1264;Miranda LLC;779-148-05;car;Cote d'Ivoire;john12@example.com;8489
1540;920;Rowe Group;909-934-56;Michelehaven;Norway;anthonyvincent@example.org;7245
1009;4208;Jones  Williams and Brown;375-323-75;North Alanbury;France;andersonseth@example.com;7642
1651;3460;Banks and Sons;682-229-59;South Caleb;Nauru;karen17@example.com;6756
1344;2281;Thomas-Walker;984-665-97;Port Ericfurt;Albania;briannajohnson@example.com;9396
982;1889;Mays-Espinoza;288-922-03;Port Michaelview;Vanuatu;qmaynard@example.org;9747
2000;2478;Wade Ltd;167-021-78;Davisview;Monaco;nhall@example.com;6746
1177;4091;Morris Group;367-903-25;West Lindsayberg;Liberia;dwelch@example.org;9021
777;2007;Paul-Carter;425-409-02;Hunterville;Northern Mariana Islands;xchandler@example.org;8398
1456;2799;Ford PLC;474-187-79;Amandaside;Syrian Arab Republic;tewing@example.net;8468
1017;4003;Wang  Henderson and Cooper;347-170-38;Greenebury;Honduras;kleinthomas@example.net;9095
1191;2393;Robinson PLC;378-878-98;Mccarthyville;Canada;kevin13@example.com;8512
1797;2274;Hammond-Bass;433-230-93;Darinville;United States Minor Outlying Islands;thompsondavid@example.net;9519
850;1402;Bailey-Decker;363-409-50;Tylerside;Liechtenstein;fwolf@example.org;9544
1581;3227;Shah Group;865-603-79;Carlside;Antarctica (the territory South of 60 deg S);thompsoncarla@example.net;9644
992;1197;Rodriguez Group;988-078-05;Alexandershire;Western Sahara;meaton@example.com;6892
1648;1380;Peterson  Greene and Jackson;977-031-96;Port Patriciahaven;Seychelles;timothy87@example.com;7483
1462;4466;Mclean-Wiley;838-051-42;Markland;Namibia;robertjohnson@example.org;8767
1511;3387;Mathis Group;760-116-48;Kramerfurt;Ethiopia;browngary@example.com;7985
1355;1271;Ball  Wheeler and Brown;999-089-51;Maryhaven;Brazil;qstanton@example.com;8959
1703;4366;Alvarez  Brewer and Black;559-159-82;Warrenland;New Zealand;joel33@example.com;8522
1974;1592;Obrien  Smith and Brady;437-416-61;North Jonathan;Niger;emily50@example.com;9695
1307;1596;Webb  Dean and Jones;898-860-35;South Annaton;Korea;thomasjoseph@example.org;7811
1565;1533;Tucker Group;947-401-45;Garciaport;Ecuador;blopez@example.org;8466
1455;1702;Johnson and Sons;108-707-48;Micheleshire;Bahamas;ashley73@example.org;7068
1296;1596;Brown-Reynolds;779-948-12;Bishopton;Chad;browningdenise@example.net;9751
1958;918;Doyle  Stewart and Olson;504-375-67;Pamelafurt;Cote d'Ivoire;brownsteven@example.org;9679
1884;4329;Rose  Rodriguez and Bowman;322-553-34;Carrmouth;Russian Federation;upierce@example.net;7734
894;3591;Spencer Inc;202-847-24;South Jeanne;Mongolia;thompsontracey@example.net;7942
1257;3299;White PLC;125-504-12;Ramosville;Monaco;nleonard@example.net;9781
1415;3611;Rice  Yu and Barnes;832-032-71;West Jenniferhaven;Hungary;kharmon@example.com;9286
874;4409;Howard Group;253-610-35;East Timothy;Ukraine;romancaleb@example.org;7012
1519;3550;Meyers  Fuller and Roman;413-035-70;New Victor;Netherlands;igrant@example.net;8273
784;1193;Jackson-Molina;996-371-44;Hillland;Slovakia (Slovak Republic);roachdavid@example.com;8700
990;670;Downs-Bailey;998-400-82;Susanmouth;Nauru;sarah41@example.net;7423
1175;1316;Elliott-Adams;484-415-28;West Amychester;Netherlands;william28@example.org;7088
965;1193;Young and Sons;986-854-57;Martinborough;Jersey;uestes@example.net;6371
1134;1527;Wilson-Phillips;660-043-47;Lake Paul;Zambia;stephaniehoward@example.org;8019
1270;3231;Mason  Tucker and Chambers;891-675-01;North Brandonfurt;Guyana;sarah46@example.org;6777
1425;4578;Johnson-Johnston;324-497-17;South Michael;Bolivia;dawnhiggins@example.com;7385
856;1937;Castro LLC;782-145-45;Jessicaton;Maldives;preed@example.com;6584
806;4048;Flynn-Gonzales;446-586-82;New Laurafurt;Dominican Republic;williamskaren@example.net;7009
1282;3748;Pratt-Harris;547-266-53;Martinhaven;French Southern Territories;dsullivan@example.com;9248
936;1258;Roy-Nash;205-478-46;West Steveton;Korea;logan55@example.net;8398
1918;1229;Rivera Inc;593-042-11;New Chelseaville;Croatia;cnguyen@example.org;9688
2015;3881;Mckinney Inc;432-792-14;Cherylburgh;Saudi Arabia;rachel35@example.com;6588
1473;4125;Holland  Tucker and Thompson;585-680-57;South Earl;Cyprus;paula98@example.org;6274
1082;2272;Richards Inc;579-450-69;North Evelynbury;Belgium;ericberg@example.org;6591
706;2587;George  Dawson and Woods;209-039-84;Pearsonside;Croatia;morrowelizabeth@example.net;6816
1660;2683;Flynn Inc;999-940-06;Port Anthony;Rwanda;juliacastillo@example.com;6804
1361;4018;Stephens-Cabrera;859-266-96;North Chad;Cuba;johnsonjoseph@example.com;9535
1616;2514;Chavez  Armstrong and Deleon;264-794-38;Rodriguezton;El Salvador;murphysherri@example.net;8894
1100;4256;Chandler-Lang;864-422-46;Oliviastad;Australia;annameyer@example.org;6276
1255;1823;Thompson-Nichols;925-829-95;East Krystalmouth;Guadeloupe;kimberlylowery@example.org;6525
1607;3272;Chen Inc;436-828-38;Rebekahbury;Somalia;duanehunter@example.org;8184
1594;555;Hunter-Morris;389-867-20;North Austinburgh;Malawi;kandrews@example.com;7691
840;3440;Thompson Group;432-530-61;South Mary;Costa Rica;davisthomas@example.net;7421
1546;810;Pittman Inc;735-169-07;West Catherine;Pakistan;vcarr@example.com;8754
1721;1653;Carpenter  Garcia and Hinton;783-406-09;Port Lauren;Romania;batesdustin@example.org;9745
1876;3825;Underwood-Clark;283-860-15;Phelpsport;Guyana;ytaylor@example.com;7190
838;1899;Butler-Cannon;288-761-71;Katherinefort;Sweden;grahamrobert@example.com;8035
1177;4244;Graves  Gibson and Roberts;137-044-39;Jacobport;Bahamas;sergio60@example.com;9031
843;3859;Carney  Chang and Goodwin;736-553-10;Williamsfurt;Eritrea;ochan@example.com;8689
1345;1063;Murphy  Lee and Hobbs;383-087-79;Barryhaven;Korea;chadpatterson@example.org;7486
1554;4057;Peck-Smith;911-588-51;New Danielville;Saudi Arabia;maryjackson@example.com;7122
1361;1967;Ramirez-Walker;225-777-21;Josephmouth;Cameroon;ovillarreal@example.net;7011
1004;583;Hernandez  Hughes and Smith;974-582-25;Maciasmouth;Mongolia;rosalescatherine@example.org;7959
1120;2388;Gardner  Moore and Harris;390-975-60;Cheryltown;Guinea;edward51@example.com;8110
1896;2818;Murphy  Watkins and Salas;303-258-24;East Lisa;Palau;franciscodavis@example.net;7821
1085;4443;Medina PLC;900-991-13;Murilloburgh;Romania;brenda27@example.org;8887
970;922;Baker-Scott;125-694-93;South Bernard;Saint Vincent and the Grenadines;vbrennan@example.net;8048
1342;1453;Howell PLC;933-614-75;New Justin;Rwanda;evanmontgomery@example.com;9478
898;4260;Hobbs-Carney;999-145-65;Timothyfurt;South Africa;danieljones@example.net;6658
779;1064;Moore  Mcgrath and Douglas;848-450-83;Peterhaven;Christmas Island;ryan57@example.net;9196
1126;4099;Shepherd Group;735-877-41;West Daniel;Heard Island and McDonald Islands;fbell@example.net;6505
1562;3151;Rubio  Brooks and Diaz;890-519-32;South Christopherville;Norway;lorettawatson@example.net;6618
1438;2284;Larson Inc;797-077-32;South Ashley;Belize;ytrevino@example.com;6532
1877;4291;Campbell  Garcia and Hunt;556-402-40;Bryantbury;Anguilla;jessicachavez@example.org;7914
1373;3482;Jones-Kelly;241-257-93;Joeborough;French Polynesia;reyessamantha@example.org;8683
882;4364;Mcpherson and Sons;324-804-75;East Joseph;Antarctica (the territory South of 60 deg S);turnertara@example.com;8370
1704;3352;Hebert  Meyers and Bowen;303-665-98;Lake Patrickstad;Nauru;anthonypreston@example.com;6895
795;3985;Pope  Marks and Adkins;979-593-36;New Daltonview;Guadeloupe;pamelamoyer@example.com;8847
1908;3683;Mckenzie-Gutierrez;577-092-49;East Pamelafort;Iraq;kenneth39@example.net;7216
1508;1554;Ward-Fleming;634-747-43;West Sarah;Cyprus;reyesanthony@example.com;9726
1890;1204;Yoder  Le and Holmes;508-585-58;Garciaton;Azerbaijan;caindavid@example.net;6864
1718;581;Hammond  Kelley and Padilla;106-311-17;Chambersbury;Iraq;nelsonharold@example.com;7287
1344;2965;Miranda-Cline;726-073-08;Hartmanland;Cambodia;campbelltimothy@example.org;8344
1171;926;Chang-Jones;212-022-18;Lake Nathan;Poland;aaronspencer@example.org;6534
906;3157;Conner Ltd;733-985-07;Churchberg;Canada;jessicachen@example.com;6836
1202;2474;Decker and Sons;310-474-96;Medinaburgh;Montenegro;gstrong@example.com;7323
1280;996;Adams LLC;729-663-11;Hoffmanborough;Faroe Islands;mreyes@example.org;7862
1390;2089;Brown PLC;722-628-46;Smithside;Vietnam;maryallen@example.net;7871
1773;2076;Howell  Carter and Sanders;699-737-24;Transtad;Libyan Arab Jamahiriya;browntravis@example.com;7162
1119;1423;Skinner-Davis;161-671-21;Johnsonshire;Holy See (Vatican City State);michellefischer@example.org;7687
856;2261;Owen-Vincent;254-915-96;Lake Michellestad;American Samoa;dglenn@example.net;6373
1822;3707;Ford Group;922-498-30;Port Courtney;Saint Lucia;lucasjones@example.net;6980
1535;2021;Ramsey Inc;468-994-90;Jerrymouth;Senegal;xmacdonald@example.com;9226
1000;3421;Jones-Short;870-132-88;Port Normaport;United States Virgin Islands;rrocha@example.com;9258
1947;634;Williams  Rose and Monroe;108-533-65;Port Jennifer;North Macedonia;johnsonjoshua@example.com;9373
1181;3479;Benson-Watson;973-735-95;Lake Brendaland;Kiribati;jensenmichael@example.net;7664
1879;3342;Colon  Ruiz and Medina;963-691-34;Josephborough;Sweden;richdaniel@example.net;7798
1366;2969;Young and Sons;841-326-05;Lake Kelly;Saint Vincent and the Grenadines;usmith@example.com;6483
1961;1141;Alvarez  Gonzalez and Foster;654-703-90;Brownmouth;Ukraine;jmontoya@example.com;7910
841;4608;Mcconnell  Wells and Burke;372-215-48;Garzamouth;Botswana;timothy28@example.net;7398
1591;2729;Anderson  Johnson and Diaz;348-389-57;Laurastad;Greece;xsmith@example.com;6764
1329;2177;Wilson-Webb;269-491-63;South Brendahaven;Swaziland;gordoncatherine@example.org;6860
1778;4250;Walsh-Morrow;122-388-24;Leachborough;Iraq;smithjohn@example.com;8665
889;3530;Hansen-Morgan;142-279-87;East Donald;French Southern Territories;anthonyharris@example.com;8651
1881;3928;Nguyen  Castro and Murphy;197-733-86;South Rodney;Martinique;laurachristian@example.net;9231
1648;3001;Robinson-Day;435-073-08;West Taylor;Mongolia;bhill@example.org;7196
1156;1731;Riley-Hebert;911-827-50;Coleshire;Norfolk Island;rdavila@example.net;7631
1103;2899;Kirk  Pitts and Cook;464-175-93;South Staceytown;Lao People's Democratic Republic;elizabethsmith@example.com;8622
1515;3305;Johnson  Watson and Graham;329-532-27;Ryanberg;Swaziland;eugene14@example.com;8651
1476;4650;Davidson-Rogers;235-140-54;Chasefurt;Finland;shelia49@example.com;7417
1120;2351;Hutchinson  Johnson and Thomas;479-962-76;North Jessica;Guadeloupe;parkerjacqueline@example.net;8386
1678;1228;Smith PLC;275-895-46;South Jonathan;Germany;zrios@example.com;7352
1026;2395;Walsh Group;355-055-46;Johnville;Pitcairn Islands;chelseamartin@example.net;6932
1576;2250;Harris-Montoya;634-106-66;Reedbury;Bolivia;lisamitchell@example.com;8562
1741;1786;Mays  Hammond and Floyd;654-456-56;East Stacie;China;rhale@example.net;8434
892;2262;Mckay LLC;118-756-76;Zacharyberg;Martinique;ysoto@example.org;6424
1989;3865;Lindsey  Rodriguez and Wright;882-480-54;Coleberg;Netherlands Antilles;mitchellmorgan@example.org;7290
1382;4165;Long-Davis;876-564-83;Lindashire;Bolivia;brittanybailey@example.org;7814
1191;2155;Donovan LLC;796-340-07;Lake Debra;Guyana;john56@example.org;8832
1151;1211;Woods-Sanchez;874-755-33;Port Jason;Vietnam;lauraburns@example.net;8055
1769;2216;Porter and Sons;904-879-05;South Cynthiaville;Lithuania;etorres@example.net;7607
1434;596;Carpenter-Baker;952-566-61;West Stephenville;Dominican Republic;sbenton@example.org;6704
1545;4233;Nelson  Nunez and Spencer;485-292-42;Wongstad;Northern Mariana Islands;andrewmiller@example.com;6690
1535;3099;Chapman Ltd;913-163-37;New Danieltown;Niue;davidburke@example.org;6303
767;945;Blake  Williams and Clarke;853-368-46;Kristinstad;Malawi;nathananderson@example.org;8568
1263;4651;Price-Carroll;637-096-15;Garciahaven;Jordan;gonzalezallison@example.com;8940
1587;2093;Shaw Ltd;963-698-02;Parrishmouth;Timor-Leste;christophersimmons@example.net;9368
1255;2770;Goodman  Johnson and Fox;892-270-77;South Jennifer;Somalia;baldwinanna@example.org;8106
1443;745;Walker LLC;881-067-10;Ambershire;Nepal;cynthialee@example.net;7248
781;4233;Reed  Jones and Miller;164-015-06;Stephenport;Belarus;michael97@example.com;7618
1953;4524;Moore  Murray and Wilson;872-605-41;South Victoria;Saint Helena;woodmary@example.org;6760
884;3740;Lopez Inc;220-856-62;Hermanfort;Burkina Faso;adrianthomas@example.org;8496
1331;1086;Soto  Santos and Benjamin;759-915-73;Maryfort;India;michelewilliams@example.org;7304
1591;1662;Morris-Thornton;526-011-92;Cervantesview;Hong Kong;potterbeth@example.com;8384
1424;2275;Lambert-Hawkins;196-749-38;South Donnabury;Tunisia;georgehall@example.com;9743
1375;2239;Monroe-Jackson;742-698-64;Glassville;Gambia;aclark@example.org;6900
1490;2203;Kim PLC;504-499-10;Lake Adamstad;British Virgin Islands;michelle07@example.com;9237
1850;3656;Smith and Sons;167-722-03;Smithburgh;Tokelau;blairlindsey@example.com;7054
1986;766;Carpenter Group;370-792-06;New Jeffrey;Bangladesh;hernandezconnie@example.com;7147
1431;3808;Parker-Aguilar;494-084-43;Lake Brianmouth;Guinea-Bissau;sara68@example.org;8150
2010;1166;Scott and Sons;649-164-67;South Linda;Pitcairn Islands;thompsonwesley@example.net;9289
1990;2647;Sanchez-Reyes;698-072-42;Port Samanthatown;Switzerland;jennifer50@example.org;8991
1983;2831;Mueller Ltd;115-374-81;New Cory;Mexico;austincoleman@example.com;8131
711;3771;Cummings-West;796-784-21;Port Kristiefort;Cambodia;wnavarro@example.net;8728
1431;2683;Mccarty  Richardson and Flores;295-986-64;Johnburgh;Norfolk Island;samantha59@example.com;6383
1804;3181;Gaines  Irwin and Guerrero;754-225-15;South Joshua;Belarus;jrosales@example.net;9025
1139;3238;Miller  Hodges and Powell;224-653-58;New Ninaview;Switzerland;pyoung@example.net;6958
1305;1157;Williams  Martinez and Clark;239-121-15;Kaylatown;Sao Tome and Principe;bakeralexander@example.org;8136
814;3307;Johnson  Richards and Hendricks;635-136-16;Jonestown;Ecuador;sharon31@example.net;6598
740;3957;King-Davis;238-233-71;Stephanieburgh;San Marino;bwilliams@example.net;6805
1740;3107;Fisher  Taylor and Howard;352-720-51;Smithshire;Czech Republic;troy74@example.org;8547
1951;2600;Joseph  Brown and Chandler;771-556-12;South Sophiamouth;Isle of Man;caleb16@example.com;9227
1719;3900;Brown-Pearson;604-263-57;West Melindaburgh;Congo;englishjason@example.com;8396
829;1756;Diaz Ltd;171-844-22;West Jillton;Uruguay;ruthflores@example.net;6629
802;1494;Jones Ltd;455-717-65;Simsshire;Korea;lheath@example.net;7681
865;1258;Vargas  Armstrong and Hernandez;649-799-84;Parkerburgh;Pitcairn Islands;xtaylor@example.org;7468
1477;507;Potter-Summers;694-812-93;Kathyview;Cote d'Ivoire;autumnramsey@example.net;9041
833;2354;Garcia PLC;920-033-46;West Bryan;Pitcairn Islands;jennifer04@example.com;8643
1972;1971;Garrison-Carlson;632-970-41;South James;Bahrain;danielscott@example.net;7600
1640;4303;Barry  Brown and Anderson;609-599-39;Wagnertown;Mayotte;devinblackburn@example.com;9018
842;1294;Snow Inc;629-213-24;Hawkinsview;Russian Federation;millererica@example.org;9667
808;3899;Wright  Johnson and Burke;935-496-66;New Jenniferfort;Suriname;hannah67@example.org;9523
1001;1020;Perez  Kramer and Brown;914-736-10;Lake Kevinshire;United Arab Emirates;evance@example.com;9601
1641;804;Reeves  Smith and Nichols;798-050-79;Martinhaven;Romania;wsharp@example.com;6257
1661;734;Banks-Walker;817-435-30;Alexashire;Myanmar;marymarshall@example.net;9481
1851;4022;Powell-Alexander;208-114-73;Mayerville;Israel;leslie86@example.com;9657
1808;1859;Martinez-Alvarez;222-891-21;Michaelfurt;Puerto Rico;michael14@example.org;9154
1784;3257;Casey  Mullins and Scott;193-023-51;Michaelmouth;Afghanistan;sandra83@example.org;7374
1074;2337;Martinez-Mcknight;123-381-25;Richardtown;Niue;davissophia@example.net;8036
855;2853;Stevenson-Manning;660-958-47;Jenniferport;Nigeria;jennifer76@example.com;9011
1140;1580;Floyd  Munoz and Ellis;787-119-32;Jessicaside;Azerbaijan;ecrawford@example.com;7407
1099;1485;Williams Ltd;200-939-70;Holmeschester;Cayman Islands;mgomez@example.com;8639
1825;4170;Ray Ltd;153-657-30;Lake Brandy;Greece;mckenzie98@example.net;9088
1391;1287;Smith Ltd;597-880-75;Bethanyfort;Norfolk Island;hallchristina@example.org;6649
1753;4201;Montoya  Luna and Hahn;441-741-21;Andrewfort;Guyana;ybartlett@example.net;7281
1494;3330;Smith-Guerrero;884-997-48;North Danabury;Romania;carpenterrobert@example.com;7987
1451;2066;Wong Group;187-832-76;Bensonchester;Korea;gonzalezmeghan@example.com;8279
1522;807;Bennett Ltd;854-772-76;East Holly;Oman;rachel33@example.net;6823
1789;3909;Bell-Martinez;875-654-95;Lake Jillborough;Tokelau;ygoodman@example.net;8594
1397;2757;Allen-Green;911-445-61;North Cindy;Isle of Man;tonya03@example.com;9356
1449;2238;Noble LLC;554-624-16;Mooreshire;French Polynesia;christopherkelly@example.org;6415
824;4514;Castillo  Barry and Hoffman;128-485-15;Port Candacehaven;Cote d'Ivoire;svasquez@example.com;8531
1449;1976;Zuniga-Beck;851-170-05;Saratown;Heard Island and McDonald Islands;seanguerra@example.com;9583
1042;3630;Kennedy  Harvey and Russell;537-948-41;South Travisburgh;Thailand;eric61@example.net;8201
1273;4071;George-Berry;169-058-57;Patelmouth;Guatemala;ephillips@example.org;9443
1173;2692;Bernard-Wilson;325-809-40;New Dianastad;United Arab Emirates;anita74@example.com;7753
1636;993;Cross PLC;995-729-44;South Craigstad;Moldova;williamssabrina@example.com;8447
1657;571;Good-Wallace;824-615-97;North Pamelahaven;Mauritania;williamsryan@example.net;7384
1213;4230;Kirby  Stein and Davis;270-479-82;Hallchester;Iceland;navarropaul@example.com;6525
834;2368;Marsh  Kim and Vargas;928-502-16;South Travisshire;British Virgin Islands;kellyperez@example.org;7407
1532;1985;Kelley LLC;245-472-90;Port Larry;Bhutan;jaclynpierce@example.org;8496
1852;2255;Harvey  Barrera and Ibarra;367-531-76;Lake Sheenahaven;Ireland;normanstephen@example.org;6480
1747;1540;Weaver Group;696-768-92;Dustinbury;Mexico;garykeller@example.com;9122
1942;663;Mcdaniel PLC;957-818-64;Williamside;Tajikistan;mwilliams@example.org;9636
1328;3906;Johnson  Johnson and Pineda;482-331-48;Arellanoborough;Saint Kitts and Nevis;walkerchristina@example.com;8742
1225;1075;Martin  Lowery and Garcia;491-474-53;Port David;Mali;christophermorales@example.org;7056
1272;1382;Jones Inc;657-992-77;Charlesmouth;Lebanon;dmarsh@example.com;7890
1667;3170;Wright-Mcintyre;469-834-30;Jorgeview;Tonga;mperry@example.org;8758
1716;1486;Thomas  Benjamin and Mccarty;369-025-34;Castroborough;Belgium;littlechristina@example.org;7596
1605;632;Daniels  Turner and Pena;943-215-23;Jasonborough;Chile;april28@example.org;9798
1080;1173;Ramirez-Macias;318-977-25;Wilkinsshire;New Caledonia;drew00@example.org;9706
731;3678;Lam-Andrews;693-775-72;Brownborough;Palau;macosta@example.org;6306
1272;1303;Lynch-Johnston;459-594-52;Vanessafurt;Lithuania;steineric@example.net;9385
1547;2096;Taylor  Wilson and Walton;729-179-43;Lucasfort;Chile;shanecook@example.org;7815
1941;2554;Neal  Black and Diaz;129-029-28;Laurahaven;Malaysia;paulreed@example.com;8940
1324;3702;King  Wilson and Allen;781-459-73;Kevinport;Ethiopia;teresa71@example.com;6537
1716;3240;Smith Inc;135-746-49;Deniseport;Maldives;matthewhoward@example.com;7909
1114;4038;Lopez  Taylor and Grant;793-634-32;South Charlesfurt;Maldives;wbender@example.net;7811
1240;1307;Ramos-Fowler;744-877-50;Arnoldfurt;Belgium;vsampson@example.org;7635
1222;1505;Fleming  Long and Bennett;791-753-09;Howellstad;Malaysia;rodriguezdiana@example.com;8383
1941;581;Pham  Black and Curtis;157-381-54;West Larry;British Virgin Islands;ambernelson@example.org;7947
1473;1259;Cole  Dunlap and Morris;577-288-27;Reedfort;Cyprus;christopher43@example.org;7336
1928;2692;Stewart  Price and Tucker;960-294-98;Patelmouth;Liberia;mataandrea@example.com;9854
1304;3397;Lyons  Mcdaniel and Butler;167-825-25;Jenniferfurt;Egypt;roberthart@example.net;9370
1849;3715;Barker  Flores and Grant;193-640-88;Tanyachester;Saint Barthelemy;hking@example.org;9610
1204;3773;Johnson-Alvarez;826-097-87;Taylorshire;United States Minor Outlying Islands;denisewebb@example.org;7666
1918;1264;Jones-Alvarado;561-593-94;Deleonland;Comoros;stephanie74@example.net;8034
1437;1619;Garcia Inc;508-000-35;East Williamview;Albania;lisa30@example.org;7611
1390;2598;Chung-Williams;287-629-14;Port Sheliachester;Denmark;nicholaskim@example.com;7500
1759;3968;Martinez-Garcia;208-176-13;West Elizabethmouth;Fiji;lewisbrittany@example.com;7455
1466;1234;Phillips  Williams and Cervantes;115-619-30;Jessicahaven;French Guiana;robertarroyo@example.org;7060
857;1246;Foster-Gray;403-828-95;North Mary;Argentina;alyssa26@example.org;7931
1192;1180;Carr-Bell;630-274-10;New Davidmouth;Greenland;ralphschneider@example.net;7200
751;4150;Glover-Le;571-858-70;Donaldview;North Macedonia;mccannmariah@example.org;8287
724;1749;Rogers  Odonnell and Hickman;445-600-11;North April;Switzerland;thomasdiaz@example.com;7395
1476;3786;Boyle LLC;113-295-83;Port Lucasburgh;Malaysia;michael14@example.net;7877
714;2805;Burns  Reynolds and Morris;152-321-87;East John;Libyan Arab Jamahiriya;mezawilliam@example.org;7174
1482;3231;Howell-Stephens;198-394-86;East Cassandrafort;Tokelau;shawn23@example.org;8856
1391;1749;Zimmerman-Robinson;403-630-91;Lake Jeffreychester;Norway;elizabethknox@example.com;6501
1865;4680;Vincent-Velazquez;507-441-39;New Richard;Uruguay;debra61@example.net;6334
1595;2170;Chan PLC;608-670-69;Lake Jasonville;Bahrain;hmartin@example.com;7532
1886;2718;Jones-Franklin;439-551-31;New Scottchester;Cocos (Keeling) Islands;jacqueline31@example.com;8191
1875;1816;Sanders  Frey and Moore;204-512-58;Tatestad;Zimbabwe;elizabeth06@example.net;9410
995;2214;Peters-Brown;475-507-64;Carlastad;Uruguay;hunterpaul@example.net;8417
1113;1835;Moore Inc;275-647-77;Suttonfort;Monaco;paul90@example.net;6484
1362;509;Wilkinson Group;482-707-44;Millermouth;Georgia;qnicholson@example.org;7373
892;3736;Bennett and Sons;453-539-45;Murrayborough;Guernsey;uhoward@example.net;8930
1590;1570;Owens  Sweeney and Taylor;515-312-37;North Nicole;South Georgia and the South Sandwich Islands;foxjacqueline@example.net;9000
1959;1879;Davis  Black and Murphy;280-812-39;East Yolanda;Israel;hallsusan@example.com;7647
1718;909;Lopez LLC;919-076-85;Catherineton;Liberia;freyes@example.net;7188
1850;3510;Boyd Ltd;738-499-64;Ryanburgh;Madagascar;brianjohnson@example.net;6907
988;4589;Noble Ltd;236-992-84;Hardinberg;Tanzania;dreyes@example.com;9694
1467;2092;Thompson Group;371-681-70;New Billy;Guadeloupe;riveraregina@example.com;7055
1124;3760;Johnson and Sons;106-687-71;West Bonnieview;Djibouti;william84@example.net;7755
1891;1860;Schwartz-Smith;946-539-22;Port Stephanie;Lithuania;emartinez@example.com;6362
1136;2136;Lawson-Schmidt;632-483-35;South Christophertown;Cocos (Keeling) Islands;cooksandra@example.com;7742
1704;4539;Marks  Wilson and Norris;294-015-02;Jermainechester;Guam;paul77@example.net;9372
1110;3811;Jordan  Riley and Barnes;295-826-49;East Kelly;Korea;donnaperez@example.com;6484
846;836;Sampson PLC;383-828-60;Coxmouth;Slovakia (Slovak Republic);mccarthyjose@example.net;6316
1346;4076;Tanner-Douglas;639-860-91;Jessicashire;Cambodia;davidpowell@example.net;6881
1654;2447;Vasquez-Hayes;419-481-92;Tashafurt;Thailand;kevinbooker@example.com;7063
1716;3412;Walsh  Lopez and Lee;109-320-53;Davidchester;Vietnam;parkerjuan@example.net;9474
1275;2781;Pierce PLC;582-279-13;Kristinaview;Thailand;mark98@example.org;7010
1833;3541;Brown LLC;819-130-97;Lake Patricia;Guam;whiteryan@example.com;8730
759;3252;Vega and Sons;445-955-98;Crystalmouth;Colombia;courtneyrodriguez@example.org;9166
879;4458;Mitchell-Henderson;927-229-68;Rebeccaland;Portugal;ashleygriffith@example.org;6690
1731;3407;Anderson-Mclaughlin;572-605-13;Lake Robertside;Uzbekistan;alexmassey@example.net;7563
1674;2436;Edwards-Hernandez;918-948-84;North Ronnie;Iceland;nrussell@example.com;6380
1677;2189;Guzman  Gonzales and Shepherd;647-977-32;Gloverfort;Nicaragua;usoto@example.net;7580
1919;2771;Wolfe  Turner and Bell;653-969-26;Sarahberg;Greece;tracy36@example.net;8903
1315;790;King-Chan;861-294-03;Calderonberg;Northern Mariana Islands;gardnersonya@example.com;8356
1610;1515;Higgins-Irwin;764-116-10;South Pamelaburgh;Faroe Islands;justinpacheco@example.com;8163
1167;525;Gregory-Smith;983-754-18;North Cynthiaview;Argentina;rowebryan@example.org;7243
862;3092;Johnson  Martin and Thomas;697-606-05;Warrenfort;Japan;johnrodriguez@example.com;6744
1058;2980;Herring-Daugherty;304-319-41;East Devin;Latvia;brandonromero@example.net;9750
848;3232;Garcia  Henry and Haley;968-152-95;Holmesshire;Marshall Islands;kjoseph@example.com;8251
1628;1264;Sampson-Barnes;275-461-57;Heatherbury;Gabon;cabreramelissa@example.org;6291
1211;945;Baird Inc;782-439-03;North Kathleenmouth;Azerbaijan;turnerfrederick@example.net;9656
2016;4563;Savage Ltd;777-501-30;Meganville;Bermuda;imoss@example.org;9560
1360;1851;Jacobson PLC;532-951-89;Lake Williamburgh;Micronesia;gallagheranthony@example.net;8844
1247;1553;Becker  Leonard and Jackson;174-110-83;Dennisberg;San Marino;patrickgina@example.org;6318
1452;2308;Haley  Gutierrez and Palmer;872-610-03;West Tamara;China;williamquinn@example.com;6377
800;960;Ramirez  Gomez and Werner;587-962-60;Rodriguezstad;Guatemala;brittany92@example.org;9081
1184;1624;Jones PLC;760-708-52;Hintontown;Namibia;ellisjennifer@example.com;7991
799;4022;Trevino  Rodgers and Jones;560-864-86;West Jennifer;Kenya;amandamartin@example.com;8530
1094;1799;Thompson  Jackson and Collier;919-966-22;Wendyview;Guernsey;charleshunt@example.net;8923
1765;4165;Williams  Gill and Martinez;481-777-16;Caldwellville;Zambia;larrygomez@example.net;9803
1590;1828;Branch-Arellano;845-643-80;Gonzalezville;Mongolia;jackieyang@example.org;7244
1192;3029;Gonzalez-Hickman;262-342-22;South Bryan;Faroe Islands;dunlapwalter@example.org;8849
1229;4334;Quinn  Strickland and Hickman;508-962-53;Waltersfurt;Qatar;ehull@example.com;7919
1901;3463;Peterson and Sons;273-082-41;Wilsonshire;Guinea;matthew65@example.com;9461
1583;1044;Gibson PLC;960-932-03;Rodriguezburgh;Central African Republic;danielle21@example.net;7631
1874;2665;Webb-Green;954-973-20;Willisfort;Singapore;solomonnancy@example.org;7615
1983;2621;Whitney  Burns and Miller;556-985-86;West Catherineside;Qatar;jacob61@example.org;8503
1202;3029;Moreno-Robertson;868-072-67;Lake Joan;Korea;williamscarolyn@example.net;7950
1950;3971;Young-Greene;766-177-60;Port Coltonbury;Korea;caldwellbrandon@example.net;6306
1834;2791;Anderson  Kelly and Cross;542-374-53;Taylorside;Grenada;charles90@example.com;8615
1811;4106;Thompson  Allison and Butler;387-018-32;Millerborough;Japan;morrissean@example.org;8332
957;3932;Carpenter  Dunlap and May;698-561-42;Port Raymondborough;Singapore;sandovallindsey@example.org;9293
1284;4566;Baldwin  Diaz and Gonzalez;512-898-12;Clarkville;Ghana;bmunoz@example.org;7896
959;4367;Williams PLC;164-195-89;Port Jacqueline;Malta;zhamilton@example.com;9215
778;2141;Conley  Howard and Gentry;558-781-09;Karenburgh;Comoros;wolfeemily@example.net;8814
707;500;Mays-Cunningham;463-023-46;Myersfort;Svalbard & Jan Mayen Islands;mandy41@example.org;8782
1845;3171;Conner Inc;919-605-28;Lake David;Barbados;robertmiller@example.com;8560
1644;4533;Spencer  Miller and Duarte;125-223-93;Michaelside;Antigua and Barbuda;millerdeanna@example.com;7711
1642;1222;Turner-Mitchell;342-201-60;Jenniferview;Zimbabwe;cmay@example.net;9721
1386;2033;Roberts  Chang and Mendez;737-204-83;Tannerbury;Kenya;mmartinez@example.net;6653
1871;527;Barnes PLC;433-166-30;West Raymond;Germany;tdavis@example.org;7030
1064;3640;Leon-Garcia;227-148-75;North Christinahaven;Isle of Man;fnorman@example.org;7244
1449;511;Lee and Sons;358-042-84;Lake Kelly;Zimbabwe;amanda33@example.org;7173
846;1876;Brewer Group;756-885-80;Austinborough;China;austinbanks@example.com;6496
1098;656;Wells-Byrd;346-133-86;Coxbury;Guinea-Bissau;jdaniels@example.org;6594
1524;1308;Lara  Hicks and Robinson;555-182-71;Port Robertbury;Comoros;nrussell@example.net;8438
785;1217;Caldwell LLC;690-309-77;Edwardsberg;Pakistan;cruzjoshua@example.net;9363
1591;3063;Montoya-Reed;859-969-06;West James;Bermuda;pamela06@example.org;7506
1428;3153;Logan-Miller;965-297-16;North Deborahbury;Saint Barthelemy;sean51@example.net;8850
1330;2644;Harper-Aguirre;236-990-68;Martinview;Papua New Guinea;alyssa13@example.net;7481
1291;2160;Dawson Ltd;852-248-78;Princefurt;Ethiopia;jessica21@example.com;9818
1310;4148;Huff  Cook and Lyons;252-966-72;Port Fredbury;United States Virgin Islands;sean00@example.org;7119
894;4284;Wise  Johnson and Gray;775-050-97;Jonathonbury;Bolivia;tlang@example.com;7089
1960;4063;Rogers-Joseph;328-818-07;Lake Jenniferland;Suriname;ijackson@example.com;6305
1854;1143;Price  Stein and White;983-464-20;New Zacharyshire;American Samoa;maldonadobrittany@example.org;6801
1088;2487;Ross-Gray;548-558-06;Ortegaville;Palau;millsjeffrey@example.net;9066
1425;2076;Sanchez-Shaw;132-431-56;Port Jameston;Equatorial Guinea;carlaroberson@example.org;9705
737;3995;Bowen  Wagner and Proctor;331-400-96;East Anitamouth;Korea;vanessa99@example.net;8179
1765;3659;Aguirre-Young;573-672-37;South Christopher;Saint Helena;carlos50@example.com;8699
1516;1389;Hall-English;867-734-62;Robertside;Jersey;colinvalenzuela@example.net;6946
1093;573;Mann-Brown;798-404-87;Jonathanside;Jordan;rwall@example.com;7172
1587;2828;Bowers-Morris;186-665-91;Alisonfort;Ethiopia;graywanda@example.net;9246
1892;3126;Pace  Collins and Williams;692-757-30;East Noah;Turkmenistan;conleyjeffrey@example.org;9535
1662;3307;Rodriguez LLC;243-444-56;Solomonfurt;Guernsey;richardwinters@example.com;8127
1300;1976;Miller Inc;607-953-22;East Sherry;Dominican Republic;stephencantrell@example.net;8475
767;4267;Brown  Tyler and Roy;804-022-82;Port Sallyberg;Mongolia;patrick48@example.net;8825
1774;3198;Davis and Sons;637-331-10;Lisafort;Bhutan;bgarrison@example.org;7056
962;3931;Powell-Smith;767-555-12;Jenniferview;Saudi Arabia;townsenddavid@example.net;7769
1179;1053;Hickman Group;528-877-84;Roblesburgh;Equatorial Guinea;cynthia23@example.com;9623
1567;3726;Clark  Rodriguez and Taylor;306-400-30;Ricestad;Congo;sanchezangela@example.net;6400
1455;4028;Webb  Reynolds and Rodriguez;461-601-31;Elliottton;Montserrat;taylorsabrina@example.net;8686
1007;3803;Adams  Ward and Perez;362-903-27;Matthewland;Seychelles;jessicathompson@example.org;6924
2001;4698;Alexander  Evans and Martinez;893-284-25;West Anthony;Cocos (Keeling) Islands;sarah20@example.com;7144
818;3046;Goodman  Ward and Meyers;309-273-62;Lake Matthewside;Trinidad and Tobago;schaeferjillian@example.com;9297
1891;4346;Ellis  Smith and Zimmerman;312-612-39;Zacharyland;Suriname;mccormickjudith@example.org;7601
1481;1417;Malone  Warren and Hammond;466-603-48;Josephview;Latvia;meghan17@example.com;9133
1588;3919;Mason Ltd;590-336-07;Erinmouth;Bhutan;ssmith@example.com;9507
1715;661;Pena-Bird;743-316-43;Lake Matthewberg;Morocco;kimberly82@example.net;9377
1522;4179;Adkins-Williams;310-183-12;South Matthew;Hong Kong;andersonjoseph@example.net;8681
790;1619;Anderson Group;109-373-34;Gayview;Costa Rica;tracy46@example.net;9209
1995;3461;Bryant-Ball;858-188-40;East Davidberg;Bulgaria;jcruz@example.net;8152
1361;2661;Moore-Castillo;341-263-13;Farmerhaven;Brunei Darussalam;jennifer10@example.org;6870
1983;1372;Clark  Hicks and Castro;594-312-72;West Timothyburgh;Latvia;victoria09@example.net;7745
1820;3792;Long  Thomas and Nguyen;853-133-75;West Billyshire;Grenada;uflores@example.com;6298
944;1502;Price Inc;685-054-17;Port Jonport;Isle of Man;george34@example.org;9678
1527;3838;Harris PLC;508-287-37;Briannaberg;Panama;paul95@example.net;8954
1218;999;Scott  Nguyen and Santos;832-741-34;Johnsonmouth;Guatemala;bromero@example.com;7924
1726;3008;Williams Inc;707-098-07;North Shannonport;Cuba;michael37@example.com;9832
1533;1255;Johnson  King and Little;389-250-00;Pageport;Tuvalu;lmiles@example.org;9041
1247;2997;Miller  Cox and Villegas;515-918-17;Boydchester;Argentina;michaelwatson@example.com;9422
1667;2234;Wagner-Baldwin;253-108-30;Gabriellabury;Costa Rica;dixonjames@example.net;9511
1771;3749;Green-Johnson;614-655-39;Mccarthyton;Oman;kellyarthur@example.net;8455
1212;1454;Gilmore-Contreras;331-129-73;Williamberg;Solomon Islands;lindamcintosh@example.com;7004
1496;2457;Thompson PLC;860-849-02;Angelaport;Slovakia (Slovak Republic);matthewthomas@example.com;7458
1869;3016;Young  Sandoval and Carter;931-511-60;Port Lauraville;Bangladesh;larry18@example.com;7391
1742;2749;Turner-Santos;352-895-45;Davidbury;Saint Lucia;ronaldhammond@example.net;9209
1251;4109;Bartlett-Ritter;312-258-91;North Alantown;Saint Martin;watkinsrobert@example.com;8707
1989;1907;Fowler  Thornton and Kelly;176-835-37;Basschester;Kenya;rebecca47@example.net;7311
1691;3545;Perry  Lee and Turner;330-796-63;Jackburgh;Ethiopia;thompsonrhonda@example.net;7571
1327;2191;Smith-Copeland;200-227-24;Lake Brittanychester;French Polynesia;dyerjessica@example.net;7350
928;2407;Sutton Ltd;108-575-73;Brianburgh;Pakistan;mirandalutz@example.net;9668
1469;2727;Miller-Johnson;443-984-70;Kendraview;Eritrea;cunninghammichael@example.net;8592
941;1696;Beard  Mitchell and Wilson;312-436-57;East Matthew;Congo;michaelcarter@example.net;6552
894;2034;Tyler-Rice;264-049-37;South Peterside;Cayman Islands;woodardlonnie@example.net;7643
1721;4200;Patrick Inc;477-300-12;New Dominiquemouth;United Arab Emirates;brandonvargas@example.org;7881
2001;4255;Thompson and Sons;111-409-86;Chambersshire;Papua New Guinea;iclark@example.org;7766
975;2766;Johnson-Crawford;407-692-70;Heatherstad;Peru;laurenclayton@example.org;7841
1807;2683;Meza  Adams and Cain;661-573-99;Simpsonmouth;Turkey;jschmidt@example.org;6839
1111;1904;Miranda-Henry;963-366-38;Sanchezville;Ecuador;codyjones@example.net;8509
1222;4131;Irwin LLC;846-738-19;New Chadview;Sweden;umartinez@example.org;8857
1586;813;Martinez-Bennett;357-586-42;Curtismouth;Martinique;maurice02@example.com;9273
1681;3922;Kim-Hamilton;626-108-18;New Josephshire;Luxembourg;iturner@example.net;6532
1710;4062;Moore and Sons;572-177-52;Morrowport;Rwanda;bakerdavid@example.org;9281
1349;1836;Mitchell-Silva;684-362-54;Josephbury;Ghana;henry20@example.org;6994
857;3830;Wilson-Kramer;356-581-02;New Sherryborough;Singapore;ariasstephanie@example.org;8241
752;1548;Walters-Smith;758-306-81;Colestad;Belize;woodssarah@example.com;9329
1465;697;Young  Figueroa and Nash;429-764-29;South Katelyn;Palestinian Territory;noah22@example.org;8517
1428;2739;Holden  Brooks and Scott;825-349-51;Erinport;Estonia;pbrown@example.org;6743
1074;1091;Willis  Williams and Jackson;846-662-22;East Donaldchester;American Samoa;boonekathryn@example.com;9555
927;4565;Mcguire-Wilson;312-148-30;West Nicholasshire;Kiribati;vazquezbradley@example.org;6785
1611;688;Reynolds-Brown;762-717-28;Pamelaton;Antigua and Barbuda;melindafritz@example.org;6713
1400;2252;Allen Ltd;762-956-52;Smithland;Syrian Arab Republic;irandolph@example.net;7974
1239;1179;Frank-Roberts;779-184-57;Stokesstad;Bahrain;robert20@example.org;9149
1609;3144;Garcia  Erickson and Rodriguez;809-023-10;West Meganmouth;Burkina Faso;patrickhoward@example.com;7292
1571;3014;Long Inc;778-231-83;Joseton;Guadeloupe;natalie76@example.net;6576
1485;936;Johnson Group;347-630-64;New Jeffrey;Moldova;xtorres@example.net;9009
1150;2328;Brown Ltd;954-574-23;South Darrelltown;Tajikistan;smithbetty@example.net;9688
1440;1880;Jackson  Williamson and Miller;886-625-85;Port John;Greece;scott78@example.org;8670
1611;1256;Medina LLC;789-367-72;Billyport;Palestinian Territory;baileyanthony@example.org;8820
1509;949;Griffin-Ryan;358-456-51;Woodstown;Belgium;david53@example.org;7172
1772;3694;Cook  Weaver and Gregory;571-703-46;Castromouth;Mongolia;jjones@example.org;8336
1413;3830;Davis Ltd;309-038-88;Juliaville;Mexico;michael45@example.org;8760
1462;3498;Evans-Smith;804-510-63;West Megan;Aruba;thomaslisa@example.net;7586
1432;715;Williams  Davis and Fitzgerald;542-999-88;West Christophershire;North Macedonia;miawhite@example.com;8626
1300;3692;Stevens  Bauer and Clarke;734-587-83;Katherinefurt;Kuwait;raymond57@example.org;7167
1199;788;Cook and Sons;884-929-24;North Michellechester;Venezuela;morgansara@example.net;9440
1330;4103;Anderson Ltd;601-308-02;South Michael;Papua New Guinea;stephaniejohnson@example.net;6270
1790;3421;Hicks and Sons;589-869-57;West Michaelland;Falkland Islands (Malvinas);hsantiago@example.com;8060
1511;4433;Watson-Davenport;985-312-17;Charleston;Haiti;ggilbert@example.com;6567
728;4652;Martinez Group;126-832-73;Port Elizabethberg;Monaco;ewilliams@example.org;8340
903;3313;Flynn-Miller;335-796-16;Kaiserport;Antarctica (the territory South of 60 deg S);brittany00@example.org;9090
1153;2082;Martinez LLC;294-033-41;Lake Charleneberg;Ecuador;michael28@example.org;7717
1068;1931;Garcia-Mendoza;469-423-94;East Erinborough;Croatia;franklinjanice@example.com;7062
1217;3059;Smith-Smith;777-734-66;Zhangmouth;Kuwait;stevenmclaughlin@example.org;7737
949;3823;Chen  Fox and Casey;492-917-96;Mckenzieshire;Chile;kelly85@example.org;8409
814;2042;Nguyen-Cooley;398-229-07;South Diane;United States Minor Outlying Islands;simpsonstephanie@example.com;8679
1643;3714;Olson-Ward;956-924-10;Smallberg;Slovakia (Slovak Republic);pcarson@example.net;9549
1524;3364;Nicholson-Caldwell;331-893-26;North Phillipview;Faroe Islands;briannacrane@example.net;7191
1825;2426;Roy Ltd;266-580-10;South Jasonhaven;French Polynesia;keithlamb@example.org;8059
1816;537;Ward  Delgado and Sanders;310-157-18;Zamoraberg;Armenia;hughesbianca@example.net;8914
806;1428;Johnson  Montgomery and Hicks;786-891-43;Port Leonardmouth;Turkey;richardlee@example.org;9291
1513;3548;Allen-Buchanan;542-860-41;Andrewstad;Belize;billy29@example.com;9035
1589;1408;Martinez LLC;380-876-43;South Isaac;Christmas Island;careyrachel@example.net;7789
1999;1722;Ortiz-Davis;202-257-83;Levyfurt;Mali;brettalexander@example.org;9212
1183;1478;Bell  Ball and Ward;253-179-34;Natalieton;Norfolk Island;charlesward@example.com;7968
1274;2803;Fields PLC;195-705-14;West Johnshire;Dominica;carrolljoy@example.org;9050
1984;1973;Jacobs-Weiss;652-795-69;Lake Jeffrey;Seychelles;andrew54@example.com;7721
1164;4173;Williams  Reynolds and Lewis;112-716-11;North Ginabury;Albania;michele66@example.net;7938
1161;2214;Brown Inc;397-397-09;South Richardshire;Albania;rasmussennicholas@example.net;8023
1645;2894;Moore-Walsh;792-627-44;Russellburgh;Mayotte;fjackson@example.com;8953
1685;2940;Edwards PLC;437-238-49;Tateport;Tanzania;nicholsrobert@example.org;7881
1664;2043;Brown Inc;220-370-92;Rodriguezstad;Tonga;jessica50@example.org;7608
1554;2328;Weeks-Hall;297-976-85;Stacyton;United States Minor Outlying Islands;scott76@example.org;8863
1000;2240;Vega-Parker;723-796-29;Ortegamouth;Denmark;awilliams@example.com;6549
836;4025;Harris-Adams;226-998-62;Lindachester;Slovakia (Slovak Republic);timothy26@example.net;6471
1542;2237;King Group;404-049-11;South Michealshire;Aruba;jennifer38@example.org;7804
1858;1224;Mendoza-Diaz;669-531-37;West Malikshire;Cyprus;jasonmartin@example.com;7315
1378;3617;Underwood  Contreras and Jackson;587-024-11;Julieport;Angola;zimmermanjoe@example.net;7239
1727;1285;Arroyo Inc;754-995-33;South Bethanytown;Gambia;madisonlambert@example.net;6688
1972;2854;Long PLC;542-960-21;Cunninghambury;Dominican Republic;fgalvan@example.net;9825
1869;3939;Stephens LLC;423-071-33;Larsonview;Niue;andrewcarlson@example.org;7014
1415;779;Miller-Medina;394-308-69;Kevinshire;Saint Vincent and the Grenadines;zwelch@example.org;9237
1324;1678;Shannon-Cortez;962-558-65;East Lisa;Mozambique;glewis@example.com;7199
1284;920;Cochran  Daugherty and Davis;176-771-72;North Carolineshire;Finland;dianahall@example.org;8810
741;2578;Vega  Sherman and Jackson;170-641-05;Blairshire;Jordan;bonnieespinoza@example.org;7214
1250;4014;Molina-May;767-168-38;Kingchester;Seychelles;brad52@example.com;9787
1945;1855;Turner  Woods and Brown;513-283-47;Medinafurt;Mongolia;edwardbrown@example.net;7652
962;2780;Lloyd-Martin;779-822-35;Port Emily;Pitcairn Islands;james11@example.org;8369
2000;1056;Neal-Haley;240-034-79;Patriciastad;Tunisia;jesus61@example.net;9055
1503;4280;Payne-Hill;149-846-87;Michaelborough;Canada;melissaho@example.org;7413
1223;1010;Johnson-Smith;455-155-88;Simmonsmouth;Georgia;loriburch@example.net;7759
1345;2121;Lopez  Bradford and Rodriguez;563-648-00;Garciaville;Reunion;qmorales@example.org;8046
891;508;Henderson  Wilson and Roman;211-878-11;Goldenbury;Samoa;aguirredesiree@example.net;8512
1410;605;Fisher  Hess and Clark;661-815-55;South Michellehaven;Guinea-Bissau;ahoffman@example.net;8365
1355;3728;Moreno LLC;117-040-47;Jenningstown;Finland;josephjohnson@example.org;7652
1327;2644;Kent Group;977-134-61;South Robertport;Netherlands Antilles;camposandre@example.com;6853
1899;1796;Jenkins-Alexander;651-617-85;North Richardchester;Guadeloupe;christopherreynolds@example.org;7183
1957;2733;Garcia-Brown;312-382-30;Ericborough;French Polynesia;tcantrell@example.org;7035
1886;3720;Arnold Ltd;112-134-94;Port Michele;Zimbabwe;christophersmith@example.net;9076
823;3254;Brown  Morales and Hill;387-819-62;Lake Jack;Tuvalu;jason68@example.org;9157
753;948;Stone LLC;269-482-86;Seantown;Kazakhstan;abigailjohnson@example.com;7529
989;630;Hansen Group;542-215-26;Curtismouth;Montserrat;proberts@example.com;6924
1665;3924;Vazquez LLC;894-680-84;Ravenmouth;Senegal;katherineevans@example.net;6714
1348;3100;Decker Group;593-738-96;Samuelfort;Dominican Republic;xhammond@example.org;6924
1299;3598;Chandler-Nelson;177-944-27;West Theresa;Oman;jeanettegardner@example.com;7781
1381;1681;Compton-Palmer;480-605-68;Klinemouth;Myanmar;kim37@example.org;9171
1014;1434;Mosley Group;762-785-68;Port Roberthaven;Bulgaria;woodmargaret@example.com;8513
1974;1676;Alvarez Group;315-201-96;West Laura;United States Minor Outlying Islands;joelmaldonado@example.org;9315
1474;3630;Morrison-Johnson;879-899-44;Hamiltonfort;Cape Verde;gordonshane@example.com;7538
1241;1426;Campbell-Little;190-849-21;Kennedymouth;Morocco;astanley@example.net;8850
1956;1838;Walls-Browning;382-451-30;Blevinsport;Botswana;pedro31@example.org;7103
1906;3666;Anderson Group;604-627-72;West Taylorburgh;Palestinian Territory;malloryvalenzuela@example.net;8720
1879;4265;Schmidt  Moore and Thomas;748-479-36;Hayesmouth;Christmas Island;wrightnancy@example.org;8002
1985;2970;Richards and Sons;170-006-08;North Natalie;Kazakhstan;sschultz@example.com;6979
1415;3226;Moyer Group;154-586-30;Jenningston;China;pjohnson@example.com;9640
901;4028;Harrison  Esparza and Jones;860-330-20;Kyleville;Finland;jessica94@example.net;8837
732;1552;Velazquez PLC;589-600-12;Normanmouth;Pakistan;stuart25@example.net;7016
1043;513;Thomas LLC;603-708-86;North Melissamouth;Swaziland;omacdonald@example.net;8119
1813;1818;Williams  Rosario and Long;588-424-01;Wendyburgh;Greenland;rachelmiller@example.net;9759
1222;4057;Andrade-Dawson;273-899-33;Gonzalezstad;Cuba;tbrown@example.org;6406
1840;2527;Miller PLC;796-421-20;Port Yolandastad;Mexico;alopez@example.org;9789
1113;3947;Guzman  Davenport and Lewis;394-991-94;Danielberg;Korea;judithanderson@example.com;8318
769;2646;Pena  Richardson and Johnson;131-198-13;Anthonytown;Cocos (Keeling) Islands;bsantos@example.com;9856
1649;3559;Moore  Johnson and Orozco;222-565-50;Michaelmouth;Colombia;smithlaura@example.org;6488
1679;3320;Mclean-Andrews;959-188-38;South Madisonfort;Indonesia;hollowayeric@example.com;8064
1960;2871;Gonzalez Group;138-357-80;Christophermouth;Montenegro;john45@example.org;8740
1834;3461;Robinson Ltd;245-545-00;Spencermouth;Gabon;watersfelicia@example.com;7400
1159;3903;Conner Ltd;567-043-18;Flynnview;Niger;jacobbrennan@example.org;7689
1343;3896;Hamilton-Martinez;436-354-82;Port Paul;Cayman Islands;skinnercasey@example.net;8207
1270;4482;Christian  Parks and Barron;695-503-26;New Karlaberg;Slovenia;jonesshannon@example.com;7995
1898;2334;Stone  Martinez and Merritt;675-311-48;Brandonton;Bhutan;sawyerpaul@example.org;6824
1437;2983;Garrett-Brown;745-272-59;West Josephtown;Togo;deniseharris@example.com;9001
1879;844;Phillips-Wade;520-331-97;New Robert;Myanmar;shawjonathan@example.org;7378
1321;3104;Hardy PLC;998-319-45;North Brandonland;Solomon Islands;xhamilton@example.com;9089
1996;2811;Macias and Sons;276-763-49;Sampsonstad;Fiji;amy81@example.com;6343
1687;2372;Thompson  Dunn and Walker;658-211-43;Williamview;Turks and Caicos Islands;phillipssarah@example.net;8963
1905;4657;Gonzales Ltd;793-915-30;Boydfurt;Niger;kathleenpaul@example.net;8222
1216;1371;Robinson  Young and Moore;999-362-96;East Shannonville;Guinea-Bissau;ebaker@example.org;8578
1028;2600;Brennan-Caldwell;907-606-10;New Melindafort;Nigeria;simmonsleonard@example.com;7562
1376;1426;Smith-Thomas;369-826-69;East Tabithafort;Venezuela;santiagoandrea@example.org;9809
920;4425;Douglas-Williams;591-184-72;Nelsonbury;Guyana;erin27@example.net;6920
1461;4081;Beltran Inc;965-946-88;Port Jamesville;Vanuatu;yvonnenelson@example.com;9378
806;3260;Cline PLC;284-971-94;North Abigail;Iceland;dianabradley@example.com;6421
731;2271;Herrera  Williams and King;868-257-89;Danielshire;Trinidad and Tobago;rossstephen@example.net;9014
1680;4284;Avila  Wallace and Jones;839-876-34;Hortonland;New Zealand;whart@example.net;8531
1976;1501;Zamora Inc;464-216-92;Port Nataliefurt;Albania;pamela48@example.com;6467
1981;1357;Le  Evans and Harding;846-742-69;South Davidburgh;Liechtenstein;jacksonkeith@example.net;9384
1954;3983;Roberts Group;856-366-84;West Danielbury;Belgium;harriskayla@example.org;9470
727;2477;Doyle-Doyle;570-055-33;East Scott;Ethiopia;xschmidt@example.net;6778
816;1116;Carroll PLC;587-639-48;Port Tracyhaven;Egypt;zowens@example.net;9648
1840;4187;Carroll  Johnson and Reyes;714-143-59;West Tashaport;Denmark;jessicaflores@example.org;7307
1326;3036;Mckinney-Jordan;753-665-07;West James;Bermuda;klynn@example.net;7743
1199;1899;Sanchez  Tyler and Jones;762-858-68;Laurafurt;British Virgin Islands;joel41@example.org;6761
1094;2368;Phillips  Mathews and Zhang;839-603-87;Lake Jillmouth;United Arab Emirates;tfrench@example.org;7384
1521;1198;Diaz PLC;939-937-66;Lake Jesse;India;esmith@example.com;8044
939;4366;James  Herrera and White;993-208-49;East Richard;Taiwan;hmiller@example.org;6290
1273;4473;Davis and Sons;791-766-07;Port Michelleberg;Burundi;bkhan@example.org;6859
1171;3387;Stevenson  Hart and Kelly;955-143-82;Lake Ryan;Liberia;christopher43@example.net;7783
1441;4616;Edwards Inc;250-070-67;Michaelborough;Monaco;leeeric@example.net;7733
1743;2818;Parker  Garcia and Walters;433-406-86;Port Marilynfurt;Brazil;michelle57@example.net;9440
1100;2662;White LLC;726-267-30;New Jacquelinefurt;Djibouti;rparker@example.com;9064
1549;2084;Clark  Wilson and Mcmahon;958-497-86;North Kevinton;Niue;nancyvaughn@example.org;7783
1413;3643;Rowe-Richards;859-015-26;South Jessefurt;Tokelau;jenniferthomas@example.org;6841
1690;4231;Edwards-Crawford;522-423-29;New Emily;Azerbaijan;danamatthews@example.net;9259
1070;546;Santiago-Martinez;939-022-18;North Leahberg;Falkland Islands (Malvinas);david69@example.net;9852
1737;1629;Owens PLC;575-180-25;East Stephanie;Lao People's Democratic Republic;karen61@example.com;8014
798;3125;Walker-Reynolds;386-719-90;East Kyleville;Reunion;christianmcneil@example.org;6385
1378;1431;Dean PLC;378-987-13;Aliciatown;Costa Rica;mendezjennifer@example.net;6943
1927;2830;Francis-Martinez;741-082-63;West Jason;Martinique;uweaver@example.net;9307
958;848;Zamora-Holmes;985-196-92;Sheilaland;Mongolia;dpoole@example.org;9068
1272;4405;Adams Inc;450-819-99;East Stacey;Trinidad and Tobago;ruizjuan@example.org;7667
1255;2521;Obrien-Hopkins;159-231-81;Lauraport;Guyana;fperez@example.net;6956
720;4149;Phillips-Grimes;661-226-04;Alyssachester;Ecuador;ejimenez@example.com;6487
735;3236;Roy Inc;954-967-66;Johnhaven;Tajikistan;charles61@example.org;6510
1072;1061;Phillips-Williams;961-581-68;Lake Brittney;China;stephen90@example.net;9290
1020;3871;Lowe-Lane;429-837-30;North Douglasbury;Russian Federation;estradakevin@example.net;9233
1263;2000;Turner-Chapman;819-531-29;West Georgehaven;Bermuda;npayne@example.org;7956
1100;2006;Young  Nixon and Dixon;248-570-46;Blackport;Brazil;jessica69@example.org;8167
1694;2088;Morris-Harvey;604-389-04;New Juliahaven;Slovenia;mollycarey@example.net;9445
1850;1656;Curtis LLC;389-046-53;New Jenniferfort;French Southern Territories;tammy68@example.com;8754
1350;4581;Molina Ltd;887-147-93;East Williamburgh;United States Minor Outlying Islands;nelsonmelissa@example.com;9286
952;597;Ferguson  Thompson and Cervantes;474-159-11;Gomeztown;Cote d'Ivoire;phamcody@example.com;6661
1858;1573;Page  Bush and Leonard;402-650-04;Erintown;Fiji;matthew37@example.com;6299
2015;707;Mendoza  Martin and Fernandez;791-103-10;Gutierrezberg;Kenya;jill67@example.net;7817
1560;1195;Mclaughlin Group;927-815-31;New Ronald;Vietnam;wellsrita@example.net;7179
1726;4462;Sutton-Stevens;375-601-69;West Christopher;Paraguay;jschmidt@example.org;7182
1289;2482;Ramos PLC;207-609-17;New Michael;Gambia;daustin@example.net;6570
1353;1136;Kennedy-Levy;711-722-92;South Jonathan;Russian Federation;bperry@example.com;6464
1925;3249;Stokes Ltd;164-993-17;West Adriana;Azerbaijan;chrislee@example.com;7552
1094;4341;Watson Inc;909-354-56;West Corey;Belgium;ledanielle@example.com;6412
1073;3824;Hardin  Reynolds and Bowen;746-887-18;West Russell;Estonia;vsmith@example.net;8553
1133;958;Graves  Smith and Logan;933-563-76;West Felicia;Mozambique;briansmith@example.net;7316
1525;1015;Gutierrez-Stone;319-602-72;North Denise;Malawi;weavergabriel@example.org;8089
1542;2813;Lewis  Ortiz and Rodriguez;761-694-69;Robertshaven;Iran;mercerbrittany@example.org;6728
927;1939;Saunders-Brown;197-272-09;Nancyview;Honduras;natalie69@example.com;7698
1774;4316;Miller-Rosales;192-663-94;South Nathanieltown;Greece;vbaker@example.com;7513
861;3123;Estrada  Hernandez and Bennett;270-478-30;Christinaton;Kuwait;michellelopez@example.com;9695
1787;1587;Lowery-Smith;423-627-10;Landrytown;British Indian Ocean Territory (Chagos Archipelago);rachel01@example.net;9153
1651;2893;Cook  Larson and Stevens;625-942-46;East Tony;Bhutan;vincent51@example.com;8776
1143;1868;Howell-Cunningham;865-041-00;New Jennifershire;Singapore;jenkinsjames@example.com;8313
1848;1621;Taylor  Mcguire and Zimmerman;476-075-99;Lake Christopher;Austria;ashley12@example.com;8648
941;3918;Barnes-Miller;250-374-73;South Nicoleville;Namibia;kimberly66@example.com;6699
1159;4516;Cruz  Ramos and Porter;424-802-45;East Justinville;Thailand;heatherfischer@example.net;6306
1162;3535;Lawrence-Elliott;171-698-97;New Danatown;Norway;barbarareed@example.org;6844
1457;1988;Long  Romero and Montgomery;224-962-06;North Samuel;Czech Republic;ejones@example.com;9802
886;2000;Sanchez  Turner and Torres;912-905-43;Richardchester;United Kingdom;iwilliams@example.com;8193
1474;3085;Mccormick-Pratt;608-799-12;Emilyberg;Cote d'Ivoire;wallnicole@example.net;8720
993;3763;Lucas  Ford and Hayes;109-577-46;Alanview;Cayman Islands;kcox@example.net;7057
1829;753;Gonzales PLC;854-755-28;East Johnchester;Western Sahara;michele44@example.com;9232
1148;4424;Lam Group;206-508-57;Daltonport;Dominica;jmiddleton@example.com;9782
1500;1605;Espinoza-Edwards;131-994-17;Thomasside;Isle of Man;yjackson@example.net;8630
735;1787;Wyatt  Ward and Smith;408-230-17;Hendersonchester;Saudi Arabia;jacksonsandra@example.org;9640
1335;1827;Marquez-Grant;841-730-45;Davidville;Guyana;thomasmaria@example.org;9782
1920;533;Garcia  Guerrero and Rice;332-473-84;East Duaneport;Mongolia;lawsonjoseph@example.com;8611
1359;4371;Parker  Leonard and Wood;117-627-07;Barbarafort;Mozambique;bradforddeborah@example.com;8723
1143;1556;Bean-Gray;935-090-20;Crystalfort;Uruguay;kyle92@example.org;7884
1232;1945;Richards-Sanchez;719-778-74;South Josephfurt;Botswana;williamskimberly@example.org;6930
1227;1655;Sharp  Gonzalez and Simmons;855-630-71;New Maryville;Peru;perkinsnicole@example.net;7195
1261;4053;Hart-Drake;547-493-61;Hamptonmouth;Thailand;zacharyerickson@example.com;6830
1841;661;Hall  Berry and King;110-558-43;Berryland;Slovenia;heatherturner@example.com;7710
2011;1710;Holland Ltd;276-992-56;Williamstown;Mayotte;nathantorres@example.org;9405
1896;1611;Cooper-Sparks;746-314-40;Port Deborahfurt;Andorra;rossalexa@example.com;8176
1860;1401;Moore  Garcia and Tyler;777-464-54;Russellside;Iceland;lmacdonald@example.net;6948
865;2931;Stevens-West;872-623-22;North Matthewfort;Swaziland;joseph94@example.net;9212
1276;1310;Moreno-Chavez;665-740-03;North Samantha;Belize;carlmurphy@example.org;7372
1353;968;Wilson  Rodriguez and Lee;120-892-83;Harperburgh;Cook Islands;petersonmario@example.com;6701
882;3968;Schmidt LLC;429-684-57;Lake Bobbyshire;Bosnia and Herzegovina;allenmorse@example.com;7565
889;3252;Mckenzie  Moore and Walton;567-560-33;Erinview;Estonia;strongchristine@example.org;6518
1293;3799;Mcintosh LLC;670-617-40;North Seanberg;Pitcairn Islands;ronaldharris@example.net;9655
1729;3050;Strong  Norton and Roberts;267-145-75;West Gina;Mauritania;lynchmason@example.net;7141
1056;1015;Richardson  Rodriguez and Key;261-919-07;Blackwellland;French Guiana;michelenunez@example.net;7013
1428;3889;Ross LLC;658-499-98;New Bobby;Maldives;davidsonrobert@example.org;9199
1136;4325;Wilkerson-Strickland;750-571-90;North Jasonberg;Congo;stephen17@example.com;8753
737;2601;Newman  Turner and Sanders;477-685-25;Port Paul;Albania;perezchristopher@example.net;6804
711;3729;Kelly-Martinez;216-865-79;East Charles;Italy;hhoward@example.org;7744
1298;2450;Collins  Holmes and Brown;186-459-52;Wellsport;Antigua and Barbuda;perkinsgina@example.org;6842
1151;707;Edwards Inc;707-130-27;East Courtney;New Zealand;bryanwood@example.com;8916
1551;1066;Brown-Singh;374-583-17;Lorraineport;Saint Barthelemy;zyoung@example.com;8644
874;3941;Pena-Davis;275-153-02;Loriport;Angola;daniel00@example.net;7996
1305;1161;Stevenson  Reeves and Fields;747-399-70;South Michaelville;United Kingdom;nicoleschneider@example.com;6880
842;2267;Serrano LLC;929-358-82;Jordantown;Eritrea;strongjennifer@example.net;8617
817;553;Fernandez-Campbell;147-561-52;Krystalville;Belize;nwolf@example.net;6723
1576;1358;Klein PLC;823-195-40;Anitaview;Senegal;barry71@example.net;6391
1848;4694;Cook  Anderson and Santos;686-993-05;East Thomas;Bermuda;tiffanynavarro@example.com;6382
1256;2391;Stark Ltd;294-587-23;Michaelburgh;Egypt;vsantana@example.org;9344
1922;661;Chambers  Chapman and Clayton;883-738-15;Silvamouth;Hungary;liluis@example.com;7503
1947;1968;Morales Ltd;695-560-67;Leslieport;Cocos (Keeling) Islands;fostertracy@example.com;7156
1092;1199;Spence LLC;841-749-60;Parkerfurt;China;heidijacobs@example.org;7510
1909;4336;Williams-Berry;385-960-62;Watkinsbury;Mongolia;crystalspencer@example.com;8829
826;4615;Watson LLC;753-443-71;Simpsonshire;Faroe Islands;bjackson@example.com;8724
1388;2346;Brown  Wall and White;566-667-70;Lake Joshuaberg;Syrian Arab Republic;jesse82@example.net;6432
1549;2183;Wells LLC;988-015-57;Wellsport;Syrian Arab Republic;estradaelizabeth@example.com;7296
751;2675;Fuller PLC;192-483-52;Evansshire;New Zealand;suelong@example.org;7504
864;2420;Walker Group;476-814-83;Rushstad;Burkina Faso;justin62@example.net;8047
880;1496;Henderson  Vazquez and Hancock;364-498-96;Burtonfurt;Cuba;james08@example.com;6698
1343;1866;Smith-Brown;430-016-72;New Susan;Australia;shannoncook@example.org;8646
1759;4331;Ruiz  Barnes and Watkins;573-651-70;North Hannah;Hong Kong;nicole18@example.com;8216
1287;4628;Cummings Group;431-623-47;South Scott;Lao People's Democratic Republic;idominguez@example.org;8042
1118;1278;Nelson-Kramer;257-080-43;Port Jamesbury;Tuvalu;brian33@example.net;9618
930;574;Jensen Ltd;816-857-86;South Joshua;Gambia;michaelerickson@example.com;7322
1436;2616;Luna-Brock;941-895-64;Colehaven;United States Minor Outlying Islands;grandolph@example.org;8003
1571;1401;Park  Blair and Hayes;495-463-76;Marshallstad;Andorra;andrew00@example.net;7499
1877;3862;Flores Group;901-169-76;Marthastad;Lithuania;xchavez@example.com;9516
1726;1051;Owens  Morris and Mcdaniel;442-295-52;Lake Michaelview;Equatorial Guinea;latoya09@example.net;8288
1184;2104;Allen Inc;880-458-24;Evanshire;Lithuania;johncline@example.com;8592
773;2742;Smith LLC;936-246-72;Caldwellmouth;Colombia;klester@example.net;9471
775;1602;Mueller  Allen and Green;472-586-03;Josephchester;Bolivia;wrojas@example.com;8916
1457;855;Barnes-Sanchez;227-611-42;East Hannahhaven;Qatar;wjacobson@example.com;8789
868;3696;Olson-Haas;714-626-84;South Joseph;Finland;julie79@example.org;9189
836;4439;Barry-Curtis;135-425-13;East Larryton;Peru;kevin30@example.com;8487
752;3211;Cruz  Riley and Rodriguez;957-419-93;Schroederchester;Kuwait;abigail94@example.org;8790
741;2275;Allen  Kirk and Paul;895-606-49;Port Joshuamouth;Korea;bennettjames@example.com;9518
1961;3981;May PLC;881-452-19;Curryshire;Bangladesh;christianberg@example.net;7177
1447;4178;Contreras  Palmer and Jones;592-983-28;South Patrick;Trinidad and Tobago;khanjoyce@example.org;8232
1895;3902;Wood-Diaz;415-048-51;Curtiston;Poland;hernandezjohn@example.com;8289
1949;3566;Johnson  Sanchez and Hall;607-392-73;East Sharon;Guatemala;danny39@example.com;7027
1822;4279;Jones  Combs and Gordon;432-977-31;Alexischester;Guinea-Bissau;thomasmoore@example.org;8563
740;1592;Garcia Inc;644-318-91;East Pedroport;Croatia;sandra57@example.org;9411
951;3112;Knight  Morris and Ball;353-404-73;Jonestown;Nepal;jamie71@example.org;8105
1030;2282;Willis-Miller;855-175-23;South Troy;Gambia;xwalker@example.org;9069
1721;4303;Saunders-Jones;944-770-69;East Karabury;Malawi;sampsonsarah@example.net;6849
1213;2597;Silva Ltd;536-470-29;East Brendaborough;Equatorial Guinea;bakerjoshua@example.org;8240
1566;3036;Wolf Inc;434-431-01;New Damon;Guinea-Bissau;tjones@example.org;9068
978;723;Nguyen-Silva;131-553-74;Port Paul;Lebanon;samuelballard@example.org;6984
1770;4041;Frazier  Davidson and Lawson;667-465-91;Munozhaven;French Southern Territories;kathleen55@example.org;9808
949;4184;Smith-Bowers;436-932-22;East Tammy;Somalia;obrienjonathan@example.com;9666
1978;1105;Lopez Ltd;441-391-16;Lake Cynthialand;Morocco;gregoryhoward@example.net;6458
1026;1472;Hayes Ltd;221-958-98;New Matthewmouth;Martinique;wagnerroger@example.com;6757
1310;548;Morris Group;917-761-39;Howellton;Chad;dylansmith@example.org;7317
1914;2197;Benson-Velez;588-966-97;Ambermouth;Qatar;rubiothomas@example.com;6570
898;1100;Watson-Green;659-082-64;Catherineville;United Kingdom;martinezlauren@example.net;8250
1930;839;Prince Ltd;423-992-39;East Mariahmouth;Bahamas;patrickluna@example.org;9177
1643;3859;Stewart  Jordan and Sanders;876-472-99;New Lonniemouth;Mali;gomezkatherine@example.net;9320
1958;3805;Warren  Wade and Chandler;290-127-84;East Katherine;Mozambique;jasonholmes@example.com;8567
1712;694;Richards  Garza and Maldonado;851-895-01;Lynnfort;Austria;zwilliams@example.net;8166
1435;1526;Rogers  Jensen and Mcpherson;540-861-86;New Jeffreybury;Ireland;farrelltina@example.com;8984
1156;3570;Taylor  Cochran and Morse;374-269-78;Stacyburgh;Ecuador;iescobar@example.org;6440
892;3050;Smith  Gordon and Lin;202-719-69;North Markton;Mauritius;collinscarrie@example.net;9498
1658;4172;Foley-Mcknight;138-631-63;North Brandonton;Philippines;kelseygraves@example.net;7922
1198;1779;Smith  Jacobs and Miller;307-655-64;Bonnieville;Hong Kong;zrusso@example.net;8559
881;1890;Lucas-Miller;879-367-34;Port Christine;Hong Kong;zbriggs@example.org;9144
1687;637;Arnold  Moore and Koch;871-102-73;Port Suzanne;Trinidad and Tobago;tiffany56@example.net;6673
931;606;Johnson and Sons;296-936-45;New John;Singapore;anthonygallegos@example.org;7080
1302;4606;Nelson Ltd;411-410-81;Kochville;Christmas Island;deanjessica@example.com;7720
1688;804;Rodriguez  Mack and Stewart;396-828-05;West Kevin;Somalia;debbie12@example.com;8230
1726;2787;Bradford  Smith and Mcconnell;181-896-46;Ashleymouth;Argentina;lopezbryan@example.org;8273
1240;4510;Mitchell-Miller;900-001-30;Moralesberg;Swaziland;pprice@example.org;8861
1471;3659;Newman  Jackson and Wilkins;915-386-69;New George;Sudan;joseph70@example.net;6797
1592;2875;Morris  Richardson and Romero;711-616-92;Robertmouth;Iraq;amy40@example.com;7400
1075;4325;Fritz-Atkinson;995-154-64;Peggyside;Cape Verde;patrickjackson@example.com;8259
802;976;Smith  Smith and Gomez;599-368-82;Pittmanmouth;Eritrea;rsawyer@example.com;6322
920;2975;Morrison Ltd;544-431-48;Stephenmouth;Latvia;nicole19@example.net;9325
1250;3328;Powell  Goodwin and Baker;966-666-98;Ariaston;Nigeria;joseph98@example.com;7780
705;3399;Gutierrez  Preston and Crawford;809-106-03;East Jimmybury;Belgium;rogersbenjamin@example.com;8887
1921;2729;Carroll-Turner;789-843-43;East Melissa;Romania;lgonzalez@example.com;7779
1604;584;Taylor LLC;228-601-57;Jamesville;Guatemala;leesteve@example.org;7508
1028;4331;Marks  Brown and Wood;666-010-13;Jeffland;Congo;jordankerri@example.com;9552
1754;550;Floyd Group;901-797-13;Lake Aimee;Ethiopia;amanda18@example.net;8964
1621;1917;Fields  Morales and Romero;293-285-89;West Sherryhaven;Kazakhstan;elliottstephanie@example.net;6922
1872;3242;Dean and Sons;749-515-52;Riosfort;Martinique;ysmith@example.org;9824
718;1833;Jones LLC;981-733-07;New Kristamouth;Belarus;courtneyreyes@example.net;8025
1142;1522;Scott-Adams;750-053-29;Shannonland;Bermuda;jameshampton@example.net;8446
788;2460;Edwards  Jones and Ward;969-300-02;South Theodore;Saint Martin;herreramary@example.org;9781
979;4569;Ellis  Ortiz and Miller;466-262-20;East Kathleenfort;Ghana;gabriel48@example.org;6644
975;4696;Palmer-Lewis;551-366-30;Cameronbury;Brunei Darussalam;schultzangela@example.net;8109
1415;3351;Richardson  Nguyen and Schultz;739-120-00;Jamiehaven;Panama;middletonbarbara@example.net;9003
852;787;Malone-Roberts;208-481-82;Katieberg;Saint Lucia;adam09@example.org;9076
1978;4056;Marshall Group;722-308-60;Port Melissashire;Singapore;angelica80@example.net;9806
753;1895;Rodriguez-Rodriguez;765-132-89;Tanyaborough;North Macedonia;jason44@example.com;9626
1354;2119;Henry  Russell and Santos;539-105-54;Lewiston;Nigeria;zabbott@example.com;6593
820;3318;Taylor  Gates and Clark;660-728-50;Thompsonmouth;Guatemala;kelsey89@example.org;7588
1235;2248;Smith and Sons;700-096-40;Andersonhaven;Timor-Leste;hartmandawn@example.com;9285
917;3937;Jones-Johnson;154-387-17;Martintown;Czech Republic;kelleyedward@example.org;7277
986;1002;Chavez  Rivers and Grant;311-491-36;Lake Rachel;Argentina;amy76@example.net;9707
1850;3141;Williams-Ross;818-650-17;East Michaelport;Pitcairn Islands;fking@example.org;8593
1711;991;Rogers Ltd;879-757-82;South Amyville;Fiji;olsontheresa@example.net;6334
1053;2363;Herrera Ltd;250-729-55;Josephfort;Gabon;robertdavis@example.net;7720
1975;2915;Ortiz Group;537-942-33;Lake Angelafort;Heard Island and McDonald Islands;angelasparks@example.com;7241
1017;3237;Harper Ltd;130-749-74;New Samantha;Bouvet Island (Bouvetoya);kolson@example.net;7369
1190;2099;Wallace  Jennings and Christensen;199-462-96;Johnsontown;Angola;heatherfoster@example.com;7003
933;1444;Miller-Lyons;254-620-80;Lake Suzanne;Kiribati;mramirez@example.net;9362
1970;1351;Ryan-Moran;124-504-64;South Nicole;Croatia;kylekelley@example.net;7517
1812;1698;Rush and Sons;245-206-31;Amytown;Saint Lucia;jross@example.net;8785
1909;3571;Schneider-Peck;551-626-01;Kevinhaven;Ukraine;levylaura@example.net;9240
1649;595;Garza  Smith and Barr;235-173-48;East Jonathan;Guatemala;hflores@example.org;6903
1668;2713;Myers Inc;305-061-71;Port Michaelstad;Lithuania;michaelcase@example.com;9561
1428;2298;Morton  Cooper and Anthony;689-393-85;North Nicole;Somalia;katie51@example.com;8773
1240;4327;Luna-Thompson;389-519-20;Stephensport;Paraguay;colleenchristensen@example.org;7146
1827;3843;Webb LLC;966-317-67;Port Danielberg;French Southern Territories;cannonterri@example.com;7503
1726;3490;Cox Inc;135-754-26;North Joe;Bosnia and Herzegovina;thomas78@example.com;6685
2003;4097;Hays Inc;259-730-36;North Betty;Cyprus;scott56@example.com;9256
1748;4684;Matthews-King;953-190-66;Lake Jenniferland;Saint Martin;herreraamber@example.com;6943
1054;1419;Wood-Wallace;570-078-20;Frederickbury;Somalia;jamesjacobson@example.org;9648
1005;1355;Wilson-Santiago;525-390-11;Johnsonmouth;Guadeloupe;melissaconrad@example.com;7115
1150;1759;French PLC;765-978-37;Lake Kevinbury;Japan;destiny59@example.com;9440
1499;1094;Moore-Baker;328-109-72;Port John;Saint Helena;toddmartin@example.org;8810
916;1846;Morris  Garcia and Aguirre;944-387-69;South Phillipville;Isle of Man;mjackson@example.com;7025
1188;4623;Shaw-Bryant;319-668-88;Stephanieville;Korea;adrienne19@example.net;6824
723;2017;Miller-Swanson;519-650-58;Jesseland;Armenia;anthony37@example.net;7273
1440;4125;Walsh-Miller;645-036-74;East Kennethberg;Trinidad and Tobago;johnsonjenna@example.com;9600
889;2462;Walker  Holland and Martin;639-355-35;South Margaret;Equatorial Guinea;sgrant@example.net;6861
1066;2696;Love Ltd;434-402-92;East Ryan;Dominican Republic;chrisjohnston@example.net;7797
742;507;English-Young;876-487-18;South Jeremy;New Caledonia;georgebowman@example.org;8097
1234;4113;Mccoy and Sons;945-437-68;Matthewland;Montserrat;melissa65@example.org;9491
1045;507;Bauer-Smith;553-202-07;South Cynthiaside;Fiji;harriskaylee@example.org;8146
1631;2081;Armstrong-Christian;346-478-24;Lake Keithstad;Iran;lbradford@example.org;8496
1747;1594;Cortez-Smith;604-478-20;Fitzpatrickfort;Solomon Islands;brittanyberry@example.org;7605
1386;3608;Lyons PLC;571-600-29;Hawkinschester;Czech Republic;alyssaedwards@example.com;7355
1666;2947;Huff-Johnson;755-054-47;Myerston;Eritrea;danielray@example.com;7790
719;1723;Jones LLC;884-976-30;Johnsonmouth;Trinidad and Tobago;gmartinez@example.net;7199
1161;3862;Keller  Green and Hernandez;208-815-46;Georgeton;Saint Helena;joanne54@example.com;6299
882;3357;Armstrong-Hess;714-000-56;Colleenfurt;Mayotte;jholland@example.com;8569
1166;3480;Walker  Rodriguez and Hughes;986-577-10;Brownport;Guatemala;rebekahbailey@example.net;6257
1036;1090;Clay-Perry;116-874-07;Kingmouth;Belarus;cmaldonado@example.org;9000
1302;3116;Warren-Farmer;705-130-64;West Lisatown;Ghana;lisathomas@example.net;9371
1184;2872;Greene  Sanchez and Benson;613-933-17;North Amandafort;Nepal;seth95@example.net;6704
1719;2425;Newman and Sons;119-756-58;Lake William;Japan;plopez@example.org;8514
2003;4692;Mcgee  Ferguson and Martin;723-632-01;Lopezshire;Martinique;andrew01@example.com;8320
1891;2718;Harmon Inc;298-148-39;Jessestad;South Africa;julia80@example.net;8968
1267;4678;Keller LLC;589-544-61;North Sylviafort;Qatar;tjohnson@example.org;7301
1693;3655;Vargas LLC;259-666-41;Port Julieshire;Israel;ocooper@example.com;9666
768;2720;Stevens-Lin;198-943-42;Melissaton;Saint Vincent and the Grenadines;westmatthew@example.org;7061
1656;4636;Gonzalez  Brown and Miller;842-130-35;New Christina;Saint Martin;robert67@example.net;8440
895;1405;Fowler Ltd;340-968-06;Kevinberg;North Macedonia;gravesdavid@example.net;9335
1532;953;Brown Inc;542-181-70;North Melissa;Czech Republic;aguirrekelsey@example.com;6655
1936;1094;Phillips  Rodriguez and Andrews;698-666-02;Coopershire;Canada;jeffrey66@example.org;6856
705;2359;Bryant  Valdez and Sandoval;353-437-26;Quinnshire;Pakistan;chapmanrichard@example.com;6958
1580;2569;Ruiz-Stewart;299-177-69;Kennedymouth;Ethiopia;daltonwilson@example.net;8636
1152;4215;Pollard  Taylor and Murray;968-307-19;East Arianaside;Congo;ljones@example.org;6646
1687;3931;Hill-Tate;897-188-41;West Jose;Fiji;markbarton@example.com;7483
881;4178;Archer Group;138-575-85;Lonniebury;United Arab Emirates;walkerbenjamin@example.com;8152
1397;1396;Wright PLC;321-705-71;East Andrewburgh;San Marino;timothyrogers@example.net;6262
912;2849;Mccoy  Lewis and Johnston;818-678-45;North Jerry;Malawi;erica67@example.org;9474
824;3411;Jones-Brown;662-904-42;Port Anne;Equatorial Guinea;lmendez@example.com;8084
1856;1145;Rodriguez-Taylor;715-198-03;New Lauren;Heard Island and McDonald Islands;gregorytoni@example.net;7641
1635;1268;Patton PLC;157-370-25;Peggymouth;Suriname;thomas08@example.com;9571
1481;528;Mccormick-Lawrence;358-027-65;South Ericahaven;Mexico;jennifer75@example.org;9266
1149;891;Briggs Inc;659-409-80;Port Ryan;Ghana;fgonzales@example.net;6513
1750;2393;Nguyen Inc;154-482-99;Lake Arthurview;Bouvet Island (Bouvetoya);hfrye@example.net;6303
1529;2165;Kennedy  Rivera and Campbell;598-013-66;Lake Robert;Iran;david48@example.org;8505
1849;1011;Peck  Barrett and Bruce;247-562-31;Lake Robertview;Holy See (Vatican City State);mitchellaaron@example.org;9441
879;1625;Woodard-Adams;496-982-45;Lake Susanville;Christmas Island;maldonadopenny@example.net;8227
1232;3610;Ruiz  Johnson and Lambert;837-625-76;Tinafort;Denmark;andressimmons@example.com;9365
1824;1220;Howard  Powers and Herrera;918-539-85;Ramosland;Haiti;amills@example.com;7060
1948;4678;Powell and Sons;969-662-25;North Elizabeth;Cocos (Keeling) Islands;sheasamantha@example.org;6995
1318;1486;Madden-Moore;417-321-04;Johnsonmouth;Cambodia;beth19@example.org;6916
938;1078;Simpson Group;309-931-45;Port Abigailchester;Palau;thomas67@example.net;8259
1412;1128;Roth  Alexander and Berry;583-319-02;Lake Pamelachester;Suriname;amandamontes@example.net;9495
1063;4188;Williams LLC;708-640-48;Lake Erictown;Botswana;kimberlybarker@example.org;6312
1341;678;Adams  Davis and Wilson;550-111-64;North Justinborough;Sri Lanka;rushkrista@example.org;8179
1476;1448;Molina-Powell;751-594-29;Fosterbury;Uganda;qcarter@example.net;7784
1376;1058;Guzman  Ruiz and Montgomery;126-413-14;Amberport;Nauru;matthewbarnes@example.net;8688
1954;2208;Hall-Wilson;570-575-28;Port John;Tonga;fordnathan@example.com;9720
1152;658;Khan-Taylor;490-586-97;Lake Ashleyberg;Ghana;allendeborah@example.net;6302
1586;3556;Miller  Baker and Larson;515-945-25;Port Abigailmouth;Jersey;david27@example.org;9261
1355;4625;Williams  Guerrero and Johnson;938-049-90;East Kathleen;Ghana;bowerstammy@example.com;6688
1432;3347;Kennedy-Parker;587-280-70;Alexisview;Congo;johnsonmarcia@example.org;8128
895;3204;Campbell  Hall and Campos;765-319-09;Chrisfurt;Lithuania;davidwise@example.org;6341
941;1108;Pruitt  Ware and Harris;797-589-94;North Kevinton;Christmas Island;sara06@example.net;6342
1192;4367;Robinson Group;167-875-45;Danielston;Bangladesh;brendazavala@example.net;7808
1445;3311;Atkins Ltd;126-399-99;Stewartberg;Eritrea;qduarte@example.com;7810
1088;803;Clarke  Navarro and Perkins;928-701-31;East Zachary;Panama;carolyn80@example.com;6528
1728;4609;Davis-Richardson;333-799-54;New Juliaborough;Congo;gwoods@example.net;7004
1411;3573;Munoz PLC;559-837-25;Christopherview;Comoros;weaverjoshua@example.net;9849
1641;4159;Hicks Inc;620-331-51;Kaiserview;Niue;knapptrevor@example.net;7756
1225;3088;Price Ltd;898-583-54;East Alexandra;Morocco;donnaneal@example.net;9453
1752;4179;Nelson  Anderson and Garcia;698-698-51;Michaelfort;Sri Lanka;denise82@example.org;9697
1197;742;Whitaker  Foster and Weber;292-889-54;West Robin;Benin;gregory31@example.com;8878
1002;3496;Kirby-Williams;140-518-97;Morganport;Algeria;ijoseph@example.net;6803
1889;896;Floyd-Mccann;948-179-22;South Elizabeth;Argentina;amanda54@example.net;6466
913;1797;White PLC;229-974-46;Brandiview;Bosnia and Herzegovina;baileybrianna@example.com;6925
1937;3833;Blackburn and Sons;331-751-94;Port Nicholas;Turkey;campbelljeanne@example.com;7344
1780;1628;Alexander LLC;869-671-99;Castanedaland;Somalia;ggonzalez@example.com;9068
1450;4120;Martinez  Brown and Becker;400-076-94;Stephanieborough;Bulgaria;vasquezrebecca@example.net;9158
1930;4394;Daniel Group;881-367-07;Lake Craigport;Palau;gonzalezeric@example.org;9660
1516;3786;Baldwin-Hernandez;113-499-81;Lake Cynthia;Singapore;zwheeler@example.net;8167
1035;4229;Stein-Rogers;893-709-80;West Breannastad;Saint Helena;dennis91@example.com;7775
1112;3612;Jefferson-Smith;792-369-46;Tylerburgh;Cameroon;rodriguezzachary@example.org;8422
1541;3206;Harris and Sons;353-700-52;Joannaside;Spain;kwhite@example.org;9817
1714;3843;Mcdonald-Molina;348-426-01;Stevefort;Finland;matthew57@example.org;8558
1844;4016;Johnson  Shepherd and Wallace;797-509-25;New Johnmouth;Saint Kitts and Nevis;petersoncarl@example.net;8518
1630;1426;Gallegos LLC;472-787-04;New Hannah;Cambodia;vstokes@example.net;7235
1239;3762;Watkins PLC;473-536-08;Lake Logan;Nauru;bfox@example.net;6808
1251;1992;Cunningham  Cummings and Brown;839-001-47;Alvinstad;Christmas Island;brandon49@example.com;6524
1915;3852;White-Chapman;976-587-74;North Mark;Trinidad and Tobago;kimberlyrubio@example.com;9083
958;4636;Gomez and Sons;714-547-58;Millerside;Mayotte;mistykelley@example.org;8127
1578;4090;Contreras-Carpenter;278-129-25;Joycetown;Uruguay;nicholas76@example.net;7077
1021;2834;Ward-Green;303-843-89;West Nicole;Falkland Islands (Malvinas);ovasquez@example.org;7406
1141;1744;Adams Inc;102-580-59;Brittanyville;Guatemala;leblancashley@example.net;9369
1499;1236;Richardson-Curtis;563-996-16;Westburgh;Kyrgyz Republic;nrusso@example.net;7465
1630;3230;Hall  Love and Castaneda;338-687-77;West Thomas;Oman;melvin55@example.net;9195
1598;2018;Thomas  Edwards and Burke;558-055-19;Robinport;Lebanon;jessicabates@example.org;8003
1157;1164;Johnson  Holmes and Short;785-009-86;Jasonmouth;Hong Kong;russellrogers@example.net;9061
1052;1903;Hernandez  Atkins and Zamora;876-686-46;West Joelview;Puerto Rico;christine21@example.net;6381
1472;1826;Love  Young and Smith;995-173-37;Janiceville;Netherlands Antilles;frank24@example.net;9469
811;1316;Washington-Tran;411-093-29;West Samantha;Jordan;evansmonica@example.net;8760
926;1859;Jones LLC;613-801-40;Joseside;Slovakia (Slovak Republic);lisa03@example.com;7770
1351;4311;Bailey  Barnes and Dominguez;926-549-59;South Richard;Congo;ryanchen@example.com;6365
947;1749;Guzman-Young;332-322-86;East Kylieberg;Finland;vmendez@example.org;7877
1427;2566;Griffith-Copeland;403-939-08;North Dustinstad;Haiti;madison15@example.org;8280
1037;2330;Duncan Ltd;627-762-03;Leonardmouth;Dominican Republic;alexandra04@example.net;7880
1487;4293;Grant  Lin and Vega;240-330-70;Danielberg;Estonia;mirandamichael@example.com;8279
1569;849;Wells-Vega;956-363-05;East Robertside;North Macedonia;schwartzphilip@example.net;6876
1259;2861;Kline Ltd;748-386-33;East Lisaview;Heard Island and McDonald Islands;hharrington@example.com;9430
1447;1386;Paul-Lawrence;133-506-41;North Deborahstad;Falkland Islands (Malvinas);michaelhoward@example.org;8662
1095;4041;Lopez-English;436-002-45;Whitakerberg;Martinique;vanessamorris@example.net;6473
1116;828;Wood-Fischer;441-566-93;Kyleville;Barbados;lanetyler@example.com;6453
1922;2501;Greene  Harvey and Frost;346-776-89;South Justin;Belarus;sarahrhodes@example.net;8343
891;840;Wilson Ltd;805-879-51;Richardbury;Turks and Caicos Islands;dgreen@example.com;9596
743;3145;Gallegos-Richardson;488-530-39;Mcdonaldstad;Suriname;tricia69@example.com;8936
844;3204;King  Webb and Lin;719-196-89;Nancytown;French Southern Territories;srichards@example.net;7669
1747;2128;Taylor-Chen;564-196-24;East Elizabeth;Central African Republic;bvelasquez@example.com;9187
860;3522;Wells and Sons;686-409-26;Alexanderchester;Croatia;awilliams@example.org;8486
1939;3502;Spencer-Castillo;710-818-99;New Christophershire;Eritrea;ishort@example.com;7942
915;1183;Perry-Lin;908-401-48;West Stevenport;Tanzania;osimmons@example.com;9650
1016;4262;Washington Group;177-469-63;North Christian;Portugal;ann20@example.com;8501
1126;3663;Davis Inc;424-412-81;Georgeport;Cook Islands;kevingonzalez@example.net;8349
1095;2324;Bell Group;896-859-75;Andrewside;Colombia;chuff@example.com;9564
1654;3286;Wolfe-Brown;361-687-97;Thomasberg;Gambia;andrea59@example.net;9332
1867;1818;York  Brown and Gross;105-694-22;North Randyshire;Ireland;crosbymichelle@example.com;7138
1699;3535;Harvey  Silva and Mann;992-817-95;Ewingberg;Peru;mark35@example.org;8606
890;2853;Robinson-Scott;706-502-47;New Randall;Heard Island and McDonald Islands;olambert@example.com;6343
926;1801;Daniel-Anderson;174-258-83;Port Paulville;Argentina;toddconner@example.com;6605
1300;1593;Koch-Stewart;546-215-29;North Kelseyfurt;Saint Vincent and the Grenadines;rhondagray@example.com;6789
1057;2958;Morton  Hernandez and Proctor;431-883-24;North Stephanie;Nauru;maria29@example.net;8170
1177;2238;Martinez Group;479-655-95;Phillipshaven;American Samoa;matthew18@example.net;8240
1653;2911;Mendoza  Dean and Thompson;760-828-95;Darrenville;Finland;jacqueline44@example.net;9209
1239;3345;Moran  Martinez and Johnson;705-903-67;Maysbury;South Georgia and the South Sandwich Islands;qwilliams@example.org;9274
1430;3622;Phillips-Bowen;291-396-43;Lake Julie;Cocos (Keeling) Islands;amber47@example.org;8117
1341;4040;Fox  Patel and Martinez;114-129-45;North Melanie;Martinique;smithallison@example.net;8971
2012;2907;Williamson-Lewis;639-474-18;Shawberg;Bahamas;morenorandall@example.com;9314
808;803;Jones-Mcgee;722-614-46;Kingberg;Mauritania;paula58@example.net;6443
1437;2925;Rojas  Rhodes and Johnson;132-183-54;West Devonmouth;Bahamas;caseyjoseph@example.net;8643
721;1563;Pierce Ltd;143-217-52;Lake Mariaburgh;Tajikistan;lauramiller@example.org;9462
1732;4023;Hernandez-Watts;508-064-45;Laurenfort;Chile;ugreen@example.com;9546
812;4560;Horn-Hawkins;144-055-73;Lake Katherine;New Caledonia;rwalsh@example.com;9023
1123;614;Allen-Bartlett;552-467-42;West Anneburgh;Ethiopia;benjamin02@example.org;7794
1142;4519;Hayes-Valdez;487-063-53;Sharonport;Bermuda;rileybrenda@example.com;8964
1595;4093;Lloyd-Owens;726-320-98;Anthonyburgh;Honduras;jamesbennett@example.org;8346
1948;2722;Graves  Allen and Schultz;300-209-47;Baileyborough;Egypt;kristie65@example.com;7221
792;3670;Mathews-Cannon;428-368-93;Powellview;Fiji;amanda32@example.com;6677
1682;979;Turner-Smith;543-046-72;South Christine;Jordan;amy56@example.com;9027
1133;4604;Morris  Bolton and Wade;375-732-10;North Stephen;Ukraine;christopherhardin@example.com;7958
1935;2637;Willis-Jackson;342-130-11;Port Williamhaven;Samoa;jocelynwalsh@example.org;8621
700;2303;Martinez  Watson and Hernandez;767-858-83;Diazfort;Burundi;danielsantos@example.net;8096
1774;1877;Lewis-Burns;533-650-42;West Maria;Bahrain;tracy71@example.org;8959
1126;768;Matthews Group;445-945-29;New Michelefurt;Wallis and Futuna;hcastillo@example.com;8457
1879;2978;Lynn  Morris and Clark;134-036-58;New Tara;United States Minor Outlying Islands;mcdonaldalyssa@example.org;9604
1441;1237;Guerrero Inc;712-993-81;East Gary;Gibraltar;bchase@example.com;9773
1800;1116;Marks-Joseph;188-534-50;North Maryburgh;Swaziland;nicoleparks@example.org;7683
1561;3949;Delgado-Quinn;184-895-97;Hartmantown;Albania;samuelbarnett@example.com;8693
1504;3214;Arnold-Vaughn;733-983-15;South Dawnville;Antarctica (the territory South of 60 deg S);joelmoreno@example.net;9155
1050;2323;Hunter  Becker and Gallagher;554-113-81;Bakerbury;Kyrgyz Republic;awallace@example.org;8441
1879;4355;Edwards Group;622-774-79;North Donaldborough;French Guiana;qsmith@example.org;6429
889;1179;Lewis-Hartman;251-962-94;Lisaport;Benin;ysanders@example.com;8788
1618;2777;Booker Inc;837-001-06;Millershire;Burkina Faso;gdixon@example.org;7360
1877;4633;Miller-Sexton;675-631-93;Reillyfurt;Cote d'Ivoire;riveragregory@example.org;9006
1122;3452;Hess  Flores and Hoover;417-146-53;Port Richard;Angola;glenn06@example.com;7971
1146;2317;Phillips  Stewart and Bates;937-243-24;East Amy;Cambodia;morgan74@example.org;9645
777;3943;Walker  Bailey and Butler;789-205-55;Lake Jamesburgh;Palau;jill96@example.org;7825
743;3647;Valdez  Jackson and Gates;907-969-90;Brittanyhaven;Nauru;mark48@example.net;9371
1241;3416;Sparks  Smith and Hill;566-376-04;Lake Sherryland;Senegal;jenkinsrachel@example.com;7062
1136;3754;Anderson-Mcintosh;515-807-97;South Karen;Holy See (Vatican City State);qodom@example.com;8812
1412;3222;Gibbs  Esparza and Ruiz;576-602-16;New Sharontown;Singapore;nathan25@example.com;8016
1072;2631;Gordon Group;662-248-07;Watsonbury;Saint Helena;andrea42@example.com;6464
1917;3760;Pearson LLC;583-798-48;Grahamtown;Western Sahara;wagnerangela@example.net;9469
1398;597;Morgan Inc;456-973-48;Patrickport;Christmas Island;john72@example.net;8534
1769;2238;Warner-Harmon;998-949-41;Cynthiaborough;Guyana;rritter@example.org;8055
1824;2804;Flores Group;764-842-90;West Iantown;Taiwan;lmccoy@example.org;6845
1207;3632;Dyer and Sons;318-607-83;Gabrielshire;United Arab Emirates;craig57@example.org;6285
1308;3242;Kelly Ltd;283-435-00;South Laurenshire;Argentina;samantha88@example.com;6980
1502;3977;Delgado  Le and Acevedo;212-380-50;Lake Candace;North Macedonia;pmccarty@example.org;6416
940;1552;Robinson PLC;540-090-04;Duarteport;France;smithdonald@example.org;9577
1024;2984;Miller  Clark and Schultz;833-008-29;South Kevin;Seychelles;monica21@example.com;9656
1224;3540;Martin-Williams;279-834-80;Port Ericmouth;Wallis and Futuna;jameschavez@example.org;7659
1618;4428;Harris PLC;742-764-89;Danielmouth;Reunion;uburton@example.com;9841
713;931;Baxter LLC;827-753-01;Murillomouth;Serbia;arnoldcindy@example.com;9529
873;1800;Phillips Inc;944-934-25;East Jasonfort;Cape Verde;hbrown@example.net;6597
1430;1082;Johnson-Reese;938-113-36;Schmittborough;Reunion;jasonwilliams@example.org;9542
1154;3019;Cohen  Lopez and Day;237-783-25;Christineborough;Niger;steven58@example.org;7793
1456;1478;Martin LLC;280-649-22;East Charles;Germany;jonathanward@example.net;8400
2016;1720;Aguilar-Murphy;117-921-54;East Deniseside;Austria;aburke@example.com;7267