employee_id;store_id;employee_firstname;employee_lastname;employee_date_of_birth;employee_phone;employee_email;employee_status;employee_salary;employee_city;employee_country
1760;853;Pamela;Aguirre;2002-05-08;408-121-93;williamsolivia@example.com;Active;87863;Ruthhaven;Mongolia
2700;1470;Steven;Webb;1971-09-17;763-003-93;michael73@example.net;Active;109391;Port Denise;Saint Pierre and Miquelon
3998;1269;Patricia;Warren;1980-06-04;427-828-00;ashleybell@example.org;Active;102224;Hoodland;Bulgaria
3279;807;Audrey;Green;1992-06-06;362-240-39;craigrussell@example.org;Active;66567;West Beth;Morocco
876;973;Debra;Carrillo;1979-11-19;666-773-17;dmartinez@example.org;Active;80302;West Robertstad;Moldova
1264;1333;Nicholas;Fitzgerald;1965-05-04;422-740-48;vjones@example.org;Active;70615;Nicholashaven;Indonesia
920;1540;John;Sullivan;1971-10-28;247-784-85;andersonmary@example.org;Active;72319;Jesseview;Jamaica
4208;1009;Melanie;Joyce;1983-02-06;276-978-30;gvargas@example.org;Active;100442;Lake Laura;Nigeria
3460;1651;Bethany;Ellis;2001-06-04;527-936-69;johncox@example.com;Active;69739;Ralphville;Tunisia
2281;1344;Elizabeth;Oliver;1964-03-24;167-103-02;carol65@example.org;Active;89857;Tranfort;Jamaica
1889;982;Amanda;Wong;1969-06-26;436-538-42;priceaaron@example.com;Active;99786;East Tracey;Netherlands
2478;2000;Anthony;Martin;1964-09-09;992-144-49;andersonjennifer@example.net;Off;73020;East Eduardo;Guinea
4091;1177;Rebecca;Miller;1989-01-05;824-929-67;perezjames@example.net;Off;112817;Port William;Guinea-Bissau
2007;777;Ashley;Rogers;1985-02-27;643-466-91;mistyjohnson@example.org;Active;60566;Jesseton;Samoa
2799;1456;Jeffrey;Evans;1995-04-15;282-576-21;victor32@example.net;Active;91160;Oconnorton;Panama
4003;1017;Crystal;Velez;1964-05-01;158-229-33;samanthawright@example.net;Active;98748;Lake Waynefurt;Sudan
2393;1191;Jessica;Hamilton;1966-04-12;862-210-11;nmartin@example.com;Active;85561;Davidmouth;Nigeria
2274;1797;Jamie;Greene;1989-11-24;561-167-26;lopezvincent@example.com;Active;91751;North Elizabethborough;Kazakhstan
1402;850;Robert;Bernard;2003-07-26;870-692-38;ashleyparsons@example.com;Active;76421;Port Jennifermouth;Vietnam
3227;1581;Jaime;Brooks;1996-08-22;939-848-41;patrick02@example.org;Active;75375;Williamton;Western Sahara
1197;992;Rebecca;Jackson;1971-01-10;866-918-14;mthomas@example.org;Off;99856;Amberfurt;Cyprus
1380;1648;Marvin;Roth;1963-07-06;663-337-48;ifrench@example.net;Active;65870;Andersonbury;Russian Federation
4466;1462;Mackenzie;Parker;1979-12-04;401-896-53;rogerstabitha@example.com;Active;83746;Hodgeton;Costa Rica
3387;1511;Jeff;Keller;1995-10-18;978-199-05;vmullins@example.com;Active;86578;West Amanda;Panama
1271;1355;Gina;Foster;1992-07-14;999-924-57;martinezisabella@example.org;Off;94666;South Brandon;Kenya
4366;1703;Sharon;Martin;2001-10-26;812-425-32;jasminelewis@example.com;Active;105555;Bakerview;Cayman Islands
1592;1974;Sandy;Sullivan;1970-08-09;816-841-98;harriswilliam@example.org;Active;73689;Chandlerfurt;Mauritania
1596;1307;Timothy;Miller;1971-05-08;337-593-65;richardsonjoshua@example.org;Active;100763;East Jenniferville;Estonia
1533;1565;Elizabeth;Lopez;1962-03-14;132-600-44;jenniferpena@example.net;Active;73077;Jarvisbury;Norway
1702;1455;Lori;Clark;1997-09-26;312-115-50;obrown@example.com;Active;80362;Carterfurt;Mauritius
1596;1296;Krista;Allen;1967-04-15;157-302-49;tammyfrank@example.com;Active;110217;Lake Frankmouth;Azerbaijan
918;1958;Mrs.;Stewart;1963-01-12;697-116-42;sbishop@example.net;Active;82582;North Savannahmouth;Maldives
4329;1884;Ethan;Figueroa;1980-09-26;839-646-79;amyhall@example.com;Active;115559;Garretttown;Angola
3591;894;George;Allison;1971-02-16;243-202-00;daniel52@example.org;Active;86615;Torresfort;Timor-Leste
3299;1257;Kelly;Morris;1989-08-06;581-362-77;hughestracy@example.com;Off;112818;East Tiffany;Mozambique
3611;1415;Sean;Scott;1981-05-15;129-064-91;awagner@example.org;Active;61852;Wrightchester;Reunion
4409;874;Melinda;Jackson;2002-10-13;267-414-66;amberconley@example.net;Active;99195;Lake Cherylburgh;Luxembourg
3550;1519;Angela;Johnson;1968-10-07;119-134-73;kevincastro@example.net;Active;63161;Stephaniefurt;Ukraine
1193;784;Charles;Conway;2003-10-09;855-898-28;veronicakelley@example.com;Active;83979;Morrisshire;Saint Barthelemy
670;990;Steven;Rice;1966-08-24;869-551-57;kleonard@example.com;Active;85942;Port Amy;Sri Lanka
1316;1175;Natasha;Lopez;1986-06-23;622-797-40;carrilloamanda@example.org;Active;91271;Shelleystad;Trinidad and Tobago
1193;965;Larry;Wright;2002-02-24;800-549-63;joshuashort@example.com;Active;63597;East Ethanborough;Taiwan
1527;1134;Gregory;Mcguire;1962-10-01;301-259-55;gravespatrick@example.com;Active;81616;Laurenberg;Northern Mariana Islands
3231;1270;Andrea;Reyes;2003-12-05;110-002-11;maryhill@example.com;Active;62627;North Williamton;Germany
4578;1425;Antonio;Sparks;1984-06-19;608-753-94;matthewssamantha@example.com;Active;63965;Lake Lindsey;Ethiopia
1937;856;Eduardo;Deleon;1982-08-11;384-225-08;johnsoncharlotte@example.net;Active;60073;Houstonmouth;Puerto Rico
4048;806;Abigail;Bell;1965-02-11;978-670-27;thomascheryl@example.org;Active;60500;South Ashley;Senegal
3748;1282;Jeffery;Dyer;1991-03-23;646-480-11;bradleyshort@example.org;Active;96860;Toniton;Germany
1258;936;Bradley;Morgan;1979-07-13;559-766-86;xgarcia@example.com;Active;83789;Williamsside;Algeria
1229;1918;Charles;Brown;1993-06-13;621-196-23;john20@example.org;Active;66095;East Meganfort;El Salvador
3881;2015;Amy;Johnson;1998-10-22;872-486-22;isaiahjackson@example.org;Active;85803;East Christinashire;Martinique
4125;1473;Melissa;Rios;1966-02-08;998-501-98;jenniferdoyle@example.com;Active;90001;Port Jessica;Anguilla
2272;1082;Dennis;Parsons;1998-06-27;606-091-57;kristinamorales@example.net;Active;77940;Smithville;Svalbard & Jan Mayen Islands
2587;706;Kelli;Charles;1971-01-23;650-167-98;markflores@example.net;Active;63291;Coreyville;Anguilla
2683;1660;Joe;Young;1986-07-02;534-059-05;charles29@example.com;Active;119127;West Jennifer;Burundi
4018;1361;Michael;Bryant;1971-07-02;658-601-71;fletchercassandra@example.net;Active;69674;Lake Dianafort;Djibouti
2514;1616;Guy;Jones;1968-02-01;928-131-60;craig30@example.net;Active;91297;Lindseymouth;Guinea-Bissau
4256;1100;Jennifer;Ramirez;1976-05-14;571-532-14;brooksdonald@example.org;Active;67324;Thomasport;Brazil
1823;1255;Michael;King;1979-12-16;532-197-43;rodriguezvirginia@example.net;Active;112462;Joshuaborough;Malta
3272;1607;Ms.;Maynard;1987-03-11;224-483-01;tiffany30@example.net;Active;116918;Lake Tannerstad;Mongolia
555;1594;Stacy;Moore;1962-11-17;134-548-00;sandovalmary@example.org;Active;104547;Lake Amyhaven;Nigeria
3440;840;Christine;Barajas;1993-09-02;651-502-93;craigcarter@example.com;Active;112158;New Michael;Czech Republic
810;1546;Emily;Brooks;1990-03-24;550-694-65;brandon24@example.com;Active;72482;East Louis;Niger
1653;1721;Nathan;Christian;1967-12-31;783-780-09;burkeanthony@example.net;Active;76228;Nortonshire;Timor-Leste
3825;1876;Ryan;Lewis;1967-11-01;975-924-17;garciayolanda@example.net;Active;105218;New Sarah;Serbia
1899;838;Michelle;Martin;1989-01-10;173-431-69;allisonvictoria@example.com;Active;96688;Lake Jillton;Aruba
4244;1177;Stephanie;Willis;1987-05-25;634-874-63;stacytorres@example.net;Active;88677;Port Vincent;Cayman Islands
3859;843;Deborah;Ramirez;1970-02-10;581-709-84;gabriellopez@example.com;Active;93273;Lake Amyton;Netherlands Antilles
1063;1345;Tony;Brown;2000-04-07;371-786-66;dgonzalez@example.org;Off;119774;South Melissa;Saint Pierre and Miquelon
4057;1554;Richard;Barron;1984-01-22;967-637-07;chunter@example.com;Active;81749;Sanchezfurt;Jordan
1967;1361;Megan;Colon;1962-02-24;603-313-88;jamesjohnson@example.org;Active;112451;North Daniel;Venezuela
583;1004;Danielle;Wilson;1982-01-18;601-314-05;cedwards@example.net;Active;104152;Lake Morgan;Israel
2388;1120;Patty;Thomas;1969-05-25;585-854-49;qtaylor@example.com;Active;99061;Port Rachael;Morocco
2818;1896;Jeffrey;Ramirez;1981-07-23;720-228-62;staceymeyers@example.org;Active;74301;Lake Traceyville;Bulgaria
4443;1085;Sonya;Perkins;1973-07-19;626-016-43;uwilson@example.net;Active;83538;Andreaside;Cape Verde
922;970;Kyle;Murillo;1976-11-01;427-956-61;lisa72@example.org;Active;75904;New Scott;Western Sahara
1453;1342;Thomas;Barker;1980-08-15;296-556-37;djones@example.net;Active;102650;New Stacy;Papua New Guinea
4260;898;Leslie;Parsons;1963-12-12;352-195-26;kennedydakota@example.org;Active;74728;Ryanville;Iraq
1064;779;Joshua;Williams;1983-06-12;572-049-66;fcunningham@example.org;Active;112805;Bowersburgh;France
4099;1126;Jamie;Long;1994-04-18;668-884-39;ralph85@example.net;Active;70328;Port Judyton;Dominican Republic
3151;1562;Megan;Bowen;1968-03-30;430-036-62;lisa88@example.net;Active;75689;Lake Kathrynshire;Saint Helena
2284;1438;Shawn;Calderon;1990-02-16;746-975-86;carolinearnold@example.org;Active;84048;Woodsstad;Sierra Leone
4291;1877;Tina;Watson;1996-12-30;724-438-55;williamreese@example.com;Active;117129;Robinland;Niger
3482;1373;Michael;Berry;1968-01-05;549-673-17;matthewsphilip@example.net;Active;110628;North Nicholasland;Martinique
4364;882;Aaron;Campbell;1983-04-08;307-474-58;eric08@example.org;Active;118067;South Travismouth;United States Virgin Islands
3352;1704;Dana;Bell;1991-07-17;309-659-29;qgraham@example.com;Off;61057;West Rebeccabury;Monaco
3985;795;Dawn;Henderson;1994-03-05;287-162-71;alexis62@example.net;Active;73054;Jeremyport;Cote d'Ivoire
3683;1908;Teresa;Greer;1974-09-10;525-179-90;robertsmith@example.net;Off;61409;Rodgersmouth;Ethiopia
1554;1508;David;Whitaker;1992-02-18;425-999-24;lovemeghan@example.com;Active;84493;South Alfredchester;Saint Vincent and the Grenadines
1204;1890;Peter;Smith;1999-02-05;554-375-46;xvazquez@example.net;Active;109195;Lynchton;Heard Island and McDonald Islands
581;1718;Mercedes;Duarte;1976-10-01;512-363-87;tbarnes@example.org;Active;73534;Downsstad;Sierra Leone
2965;1344;Theresa;Meyer;1991-02-07;871-875-16;davidmorris@example.net;Active;119937;North Mariafort;Norway
926;1171;Angela;Brock;1973-12-25;222-256-48;christopher56@example.net;Active;65097;Davidmouth;Cocos (Keeling) Islands
3157;906;Daniel;Pena;1970-12-25;959-896-92;rebekah89@example.com;Off;99115;South Miguel;Macao
2474;1202;Edwin;Thomas;2002-03-06;904-443-32;derekpark@example.org;Active;117912;West Amberland;Serbia
996;1280;James;Ramos;1992-07-08;330-835-53;veronicawagner@example.com;Active;67168;Susanfort;Mauritania
2089;1390;Sandra;Rowland;1974-08-31;370-803-19;randall45@example.net;Active;116681;Port Stephen;Tuvalu
2076;1773;Alexis;Anderson;1981-02-03;668-510-37;smithbrent@example.com;Off;65551;Vincentbury;Georgia
1423;1119;Daniel;Mcguire;1992-12-15;172-732-28;vjenkins@example.org;Off;72866;North Jacob;Holy See (Vatican City State)
2261;856;Evan;Richardson;1965-05-26;611-175-94;agrant@example.org;Active;118041;Patriciahaven;Montserrat
3707;1822;Justin;Cline;2003-01-16;522-336-21;mprice@example.org;Active;114106;New Jennifer;Slovakia (Slovak Republic)
2021;1535;Rebecca;Payne;1979-03-14;260-867-16;chodge@example.org;Active;81652;Hayesborough;Uzbekistan
3421;1000;Katherine;Andrade;1998-12-29;644-612-74;stephanie31@example.org;Active;104519;Lake Stevenborough;Korea
634;1947;Jamie;Cook;1978-06-24;924-987-10;hughesjuan@example.com;Active;81108;Buckmouth;Slovenia
3479;1181;Alexander;Thompson;2003-04-11;502-557-32;david41@example.com;Active;72730;Lake Kenneth;Brazil
3342;1879;Alyssa;Jackson;1984-02-08;136-648-37;eherrera@example.org;Active;61695;Ryanmouth;Monaco
2969;1366;Robert;Cohen;1964-03-23;865-516-87;john23@example.org;Active;75698;Port Amandaside;Japan
1141;1961;Tammy;Acosta;1963-06-10;947-242-83;jerry61@example.net;Active;68999;Michaelfurt;Turks and Caicos Islands
4608;841;Briana;Joyce;1978-09-16;388-066-66;michael98@example.net;Active;74785;Mollyborough;Saint Pierre and Miquelon
2729;1591;Thomas;Price;1974-08-06;733-897-24;gregoryeaton@example.com;Active;116295;Lloydborough;Saint Martin
2177;1329;Christopher;Baker;1962-01-02;203-547-77;elizabeth62@example.net;Off;111273;South Richard;Lao People's Democratic Republic
4250;1778;Erin;Fuentes;1974-01-25;342-510-11;steven61@example.net;Off;114136;Christopherberg;Sweden
3530;889;Kathleen;Davis;1967-08-23;832-149-64;david74@example.com;Active;61533;Westmouth;Fiji
3928;1881;Dustin;Brown;1986-09-12;544-810-13;katrinajordan@example.net;Active;81981;Lisastad;Korea
3001;1648;Ernest;Williams;1967-05-23;162-992-38;aaron78@example.com;Active;105072;Port Joel;Niger
1731;1156;Katie;Roy;1999-12-06;500-017-17;lgarza@example.net;Active;90958;Hallburgh;Spain
2899;1103;Mrs.;Lewis;1980-09-02;855-603-71;mitchelljillian@example.com;Active;84088;West Danielleport;Serbia
3305;1515;Kirsten;Nichols;1997-08-28;181-548-97;laura27@example.net;Active;115117;South Arianafort;Antarctica (the territory South of 60 deg S)
4650;1476;Linda;Hahn;1978-02-16;701-123-88;noahbell@example.net;Active;95576;Michaelville;Uzbekistan
2351;1120;Juan;Scott;1987-08-22;174-399-99;adam30@example.com;Off;106140;Paigemouth;Ecuador
1228;1678;Victor;Hall;1996-06-09;195-173-71;donnarichardson@example.com;Active;100629;Taylormouth;Mauritius
2395;1026;Pamela;Evans;1975-05-31;815-214-04;rochaemma@example.net;Active;94879;Josephshire;Kiribati
2250;1576;Natalie;Myers;1970-12-17;940-044-69;lsmith@example.com;Active;98722;Bowenport;Portugal
1786;1741;Michael;Newman;1991-04-22;226-479-57;anewman@example.net;Active;101250;Jeremyport;Faroe Islands
2262;892;Ronnie;Carpenter;1988-10-31;978-656-84;ryanjones@example.org;Active;79234;West Katieberg;Marshall Islands
3865;1989;John;Rivera;1996-12-17;425-948-29;gonzalezjodi@example.net;Active;91646;West Katieside;Venezuela
4165;1382;Maria;Browning;1998-08-30;709-434-89;ghamilton@example.net;Active;65013;Laurenburgh;Niger
2155;1191;Hannah;Avila;1984-08-13;682-737-25;cburgess@example.net;Active;64738;Fergusonchester;Macao
1211;1151;Katherine;Werner;2001-01-30;494-174-97;josephcraig@example.net;Active;88694;New Victoria;Puerto Rico
2216;1769;William;Nguyen;2003-01-22;661-351-05;ocampbell@example.org;Active;94428;Kelleyfurt;Malawi
596;1434;Christopher;Turner;1990-10-30;148-715-44;imay@example.org;Active;86607;Port Earlville;Moldova
4233;1545;Margaret;Faulkner;1995-07-19;102-649-08;ywagner@example.com;Active;95905;New Johnbury;Tuvalu
3099;1535;Antonio;Rose;1991-04-23;294-076-27;carpenterlisa@example.net;Active;102306;West Robertberg;United States of America
945;767;Laura;Walter;1981-05-17;467-432-65;tammycannon@example.org;Active;89273;Jessicabury;Saint Barthelemy
4651;1263;David;Wall;1976-06-22;529-809-52;villarrealandrew@example.org;Active;119090;West Ryan;Namibia
2093;1587;Ronald;John;2001-11-03;363-755-80;christy73@example.net;Active;70813;Phillipston;Belarus
2770;1255;Morgan;Garcia;2002-08-24;875-304-79;cameronriley@example.com;Off;68594;Laurenmouth;British Indian Ocean Territory (Chagos Archipelago)
745;1443;Sabrina;Hudson;1979-12-12;891-758-32;virginiajohnson@example.com;Active;110569;Rosalesmouth;Suriname
4233;781;Kayla;Freeman;1978-09-03;114-533-90;hintonlaura@example.org;Active;68856;Snyderville;Suriname
4524;1953;Sara;Carroll;1963-09-18;643-145-33;jcopeland@example.org;Active;117001;Port Renee;Somalia
3740;884;Nathan;Chang;1963-08-07;329-374-11;jason25@example.org;Active;99563;North Deanna;Mali
1086;1331;Alicia;Wiley;1967-07-03;330-550-69;ulewis@example.net;Active;102727;East Samanthamouth;Vanuatu
1662;1591;Corey;Atkins;1986-11-05;580-462-65;justin70@example.org;Active;90878;Brianhaven;Sudan
2275;1424;Latasha;Anderson;1985-05-14;502-442-50;ppotter@example.net;Active;76772;Juliestad;Greenland
2239;1375;Cynthia;Jones;1965-11-19;938-369-10;fvega@example.org;Active;61089;Melissabury;Bangladesh
2203;1490;Sarah;Johnson;2002-09-03;498-473-22;dalton81@example.com;Active;82134;North Antonioberg;Botswana
3656;1850;Scott;Matthews;1968-12-25;298-597-15;masongabrielle@example.com;Active;65612;Mckenzieland;Svalbard & Jan Mayen Islands
766;1986;Michael;Johnson;1995-11-06;973-133-75;thomasrollins@example.net;Active;111180;Jamesshire;Netherlands
3808;1431;Julie;Jackson;1970-07-09;580-792-14;andrewsdesiree@example.net;Active;96342;East Holly;Puerto Rico
1166;2010;Jesse;Flowers;1986-03-17;637-010-44;trogers@example.net;Active;70204;New Marc;Mauritius
2647;1990;Adrian;Moore;1975-04-18;437-208-78;thompsonerik@example.net;Active;61961;North Andrea;Guinea-Bissau
2831;1983;Michele;Collins;1982-10-19;233-256-17;mrobinson@example.net;Active;67381;North Alexanderstad;Marshall Islands
3771;711;Connor;Sanchez;1976-04-01;628-822-17;aaron88@example.org;Active;81036;West Sonyafurt;Burkina Faso
2683;1431;David;Rivera;1994-07-04;191-559-10;christopher14@example.net;Active;73091;Lake Paul;Oman
3181;1804;Allison;Hines;1971-08-06;758-103-73;pbooth@example.com;Active;64619;Meltonburgh;Latvia
3238;1139;Andrea;Williams;2002-02-23;537-389-56;lynnroger@example.org;Off;88062;Ashleyborough;Japan
1157;1305;Lisa;Hernandez;1982-08-22;785-155-14;fholmes@example.com;Off;90733;Santoshaven;Norfolk Island
3307;814;Tyler;Rivas;1978-06-11;892-117-57;lozanotammy@example.net;Off;110773;Martinezborough;Palestinian Territory
3957;740;Shelly;Stokes;1990-09-01;284-388-59;jaclynmitchell@example.com;Active;106675;South Samuel;Bhutan
3107;1740;Jonathan;Herman;1961-12-31;255-628-17;rebeccaesparza@example.net;Active;107355;Port Sherry;Czech Republic
2600;1951;Sandra;Combs;1990-07-03;573-570-85;cmooney@example.net;Active;98497;Robertshire;Guinea
3900;1719;Jenna;Carter;1986-02-26;517-649-87;melissa70@example.org;Active;63624;Pattersonport;Azerbaijan
1756;829;Anthony;Dunn;1980-10-01;378-594-39;thomassanchez@example.org;Active;63741;Larsonmouth;China
1494;802;Aaron;Hughes;1996-11-11;417-237-42;hernandezelaine@example.net;Active;119559;South Rita;Uzbekistan
1258;865;Theresa;Cole;1976-08-23;115-587-18;perezclaire@example.com;Active;102523;Jenkinsmouth;Liberia
507;1477;Amanda;Butler;1988-10-05;552-515-97;christinarichardson@example.com;Active;91503;Lake Michael;Poland
2354;833;Brian;Ayala;1985-04-04;790-667-67;smiller@example.com;Active;61571;Mirandaside;Kazakhstan
1971;1972;Joseph;Watson;1987-01-26;870-479-53;dunnmartin@example.net;Active;83247;North Davidside;Ecuador
4303;1640;Tonya;Maldonado;1974-05-10;885-280-96;rebecca83@example.com;Active;111066;West Travisfurt;Philippines
1294;842;Erin;Castillo;2000-01-28;503-994-35;edwardsroy@example.com;Active;67306;West Connorhaven;Dominican Republic
3899;808;Shelby;Edwards;1995-09-06;211-187-26;shernandez@example.com;Active;116685;Zacharyside;Fiji
1020;1001;Elizabeth;Arnold;1979-06-05;837-930-04;brycegeorge@example.org;Active;60894;West Elizabethmouth;Sweden
804;1641;Dana;Wilcox;1995-06-02;184-710-00;tony65@example.net;Active;92680;Port Mckenzie;New Caledonia
734;1661;Gregory;Ellis;1978-09-15;605-959-18;kimberlysmith@example.net;Active;71129;South Michaelborough;Uzbekistan
4022;1851;Edward;Anderson;1979-08-09;783-047-16;fmills@example.org;Active;61880;Port Terri;Luxembourg
1859;1808;Samuel;Brewer;1991-04-01;514-543-33;jeffrey90@example.net;Active;102483;New Juan;Tokelau
3257;1784;Allen;Dixon;1994-12-27;704-700-44;lgreen@example.net;Active;91809;Manningmouth;Tokelau
2337;1074;David;Hoffman;2001-07-11;569-922-46;rebecca41@example.net;Active;105731;Troyborough;Brunei Darussalam
2853;855;Jennifer;Rebecca;1968-10-13;218-670-03;john12@example.org;Active;76569;Christopherfort;Japan
1580;1140;Thomas;Mitchell;1980-12-10;996-689-90;xsingh@example.org;Active;82428;Dawnbury;Mauritius
1485;1099;Julian;Valdez;1976-01-19;324-651-63;michael06@example.net;Off;63962;South Raymond;Bulgaria
4170;1825;Kathleen;Solomon;1963-06-12;277-161-05;clintonwilkinson@example.org;Active;106599;Latoyabury;Netherlands Antilles
1287;1391;Michael;Cisneros;1982-04-30;417-441-54;lbuckley@example.org;Active;77878;New Mariastad;Nauru
4201;1753;Michael;Kemp;1998-12-08;355-040-10;emilywang@example.net;Active;72116;Mooreberg;Cape Verde
3330;1494;Andrea;Schultz;1969-12-16;626-829-50;jenniferwilliams@example.com;Active;105581;Ginaberg;Italy
2066;1451;Lawrence;Hart;1994-03-30;303-244-88;imason@example.org;Active;70609;Victoriaburgh;Bouvet Island (Bouvetoya)
807;1522;Olivia;Proctor;1967-11-19;663-757-83;cjones@example.org;Active;89246;Lake Yvonnemouth;Korea
3909;1789;Norma;Gonzalez;1999-03-27;135-858-64;heidi80@example.net;Active;100419;Lake Kendrahaven;Latvia
2757;1397;Jessica;Taylor;1987-10-30;570-320-10;krivera@example.org;Active;89676;North Gloriamouth;Reunion
2238;1449;Bridget;Wright;1991-10-28;649-848-31;richard86@example.org;Active;62389;Jenniferborough;Benin
4514;824;Christopher;David;1980-04-06;903-058-98;stephaniewilson@example.net;Active;68714;Port Matthew;Rwanda
1976;1449;Vanessa;Vaughan;1979-10-23;269-097-13;shawnwinters@example.org;Active;103751;East Andrew;Kyrgyz Republic
3630;1042;Tonya;Wilson;2003-06-06;580-355-75;bnelson@example.com;Active;103942;Lake Heather;Saint Vincent and the Grenadines
4071;1273;Mary;Scott;1979-07-15;437-222-54;jennifer51@example.net;Active;83316;Courtneybury;Georgia
2692;1173;Richard;Reyes;1965-01-02;697-879-68;ssmith@example.org;Active;87779;Mannfurt;Haiti
993;1636;Jake;John;1993-04-12;655-213-84;ncoleman@example.net;Active;116214;Janetside;Argentina
571;1657;Amy;Bowers;1978-12-08;682-928-40;george33@example.com;Active;108328;West Sarahmouth;Jersey
4230;1213;Stephanie;Martin;1989-02-09;971-576-74;markrichard@example.net;Active;119550;West Michaelmouth;Bangladesh
2368;834;Amanda;Diaz;1993-12-07;680-604-58;nguyenbrian@example.org;Active;103502;Ariasmouth;Sao Tome and Principe
1985;1532;Sheila;Knight;2003-05-15;259-825-60;swoods@example.org;Active;87495;Jessicaton;Saudi Arabia
2255;1852;Frances;Watson;1981-03-16;257-381-84;melissa41@example.com;Active;69055;South Ryanville;Greece
1540;1747;Randy;Sanchez;1968-06-28;210-206-37;caldwellrandall@example.org;Active;71200;Goodwinside;Comoros
663;1942;Jessica;Anderson;2002-08-20;432-478-69;smithjasmin@example.org;Active;105243;South Claire;Greece
3906;1328;Valerie;Anderson;1991-01-07;164-809-53;margaretalvarado@example.com;Off;79541;Dianefurt;British Virgin Islands
1075;1225;Lisa;Wilson;1975-03-10;587-181-59;raguilar@example.com;Active;68608;Michaeltown;Syrian Arab Republic
1382;1272;Peter;Rhodes;1999-01-01;996-448-23;villajulie@example.net;Active;105852;Jonesshire;Isle of Man
3170;1667;Robert;Anderson;1986-10-15;115-526-23;charlesmichael@example.com;Active;100828;Christopherbury;Equatorial Guinea
1486;1716;Jimmy;Garcia;1976-09-10;882-311-43;landerson@example.net;Active;103166;Lewisfort;Gambia
632;1605;Mallory;Ward;1970-05-13;766-810-45;cpeters@example.net;Active;98576;Joshuaside;Somalia
1173;1080;Mr.;Mueller;2003-02-10;844-208-42;jared57@example.net;Active;104713;Franklinshire;Mauritius
3678;731;Andrew;Freeman;1983-06-11;266-594-30;dbradley@example.org;Active;63676;North Samuel;Yemen
1303;1272;Maria;Munoz;1970-01-02;643-848-21;kimberly62@example.com;Active;76736;Lake Patriciaport;Haiti
2096;1547;David;Campbell;1965-09-28;586-262-89;michaelhernandez@example.org;Active;112889;Margaretfort;French Guiana
2554;1941;Brian;Howard;1979-04-15;421-605-80;erodriguez@example.org;Active;77599;Johnsonside;Thailand
3702;1324;Amber;Gallegos;1966-06-12;426-264-16;jefferycarson@example.net;Active;116847;New Brandon;Belgium
3240;1716;Benjamin;Krueger;1985-05-25;958-427-58;kaguilar@example.com;Active;73398;Lake Kenneth;Zambia
4038;1114;Ronald;Murray;1996-08-01;932-996-24;robertjenkins@example.org;Active;79816;West Priscilla;Eritrea
1307;1240;Michelle;Alvarado;1992-10-26;323-155-73;waltersjacqueline@example.net;Active;86705;East Madeline;Palau
1505;1222;Dalton;Woods;1998-03-16;841-143-49;jacksontina@example.org;Active;88742;Bettybury;Tonga
581;1941;Mr.;Brown;1964-07-16;331-796-65;nhernandez@example.net;Active;95179;South Marie;Rwanda
1259;1473;John;John;1994-03-30;660-228-56;ashley74@example.net;Off;93123;New Timothymouth;Honduras
2692;1928;Michael;Sims;2002-08-06;474-410-26;jeffhansen@example.net;Active;118805;Loganhaven;French Guiana
3397;1304;Brandon;Moore;1975-12-29;725-527-13;edwin74@example.org;Active;61684;Blackwellshire;Armenia
3715;1849;Kyle;Jones;1984-03-07;608-285-97;ericanderson@example.net;Active;117795;Daltonview;Luxembourg
3773;1204;Erica;Willis;1978-05-30;902-092-44;padams@example.com;Active;65444;North Peterview;Mauritania
1264;1918;Andrew;Murphy;2001-10-05;932-322-14;brianprince@example.com;Active;66478;North Jackshire;Malta
1619;1437;Roy;Mcdaniel;1969-04-05;962-539-55;molinachristine@example.org;Active;77106;Lake Michelleside;Belarus
2598;1390;Angela;Rice;2003-09-26;161-035-21;jeffrey87@example.net;Active;111119;East Jennahaven;Tuvalu
3968;1759;Elijah;Hood;1971-04-29;683-618-09;mendezrobert@example.org;Active;61707;West Carolineside;Nicaragua
1234;1466;Kristen;Williams;1977-03-21;451-513-54;jonesbecky@example.net;Active;79514;Johnfurt;Saint Kitts and Nevis
1246;857;Rebecca;Li;1983-03-17;927-025-75;thomasmarc@example.org;Active;61988;Stevensland;Christmas Island
1180;1192;Ashley;Ramirez;1994-09-18;581-071-16;donnabates@example.com;Active;62444;Tylerbury;Singapore
4150;751;James;Garcia;1981-03-23;126-872-59;tina97@example.com;Active;108803;New Tony;Spain
1749;724;Victoria;Torres;1994-04-25;788-560-01;daviddean@example.net;Active;108464;Sarahland;Norfolk Island
3786;1476;Jessica;Ferguson;1969-06-30;736-225-54;james88@example.com;Off;78191;Wardstad;French Southern Territories
2805;714;Cindy;Moon;1970-05-06;737-668-01;taylorannette@example.net;Active;111892;North Heatherbury;Czech Republic
3231;1482;Sergio;Brewer;2002-09-11;478-774-80;sarah88@example.net;Active;74601;Nicholashaven;French Southern Territories
1749;1391;Sarah;Lewis;1982-09-18;962-079-84;iwilliams@example.org;Active;91840;North Patrickfurt;Kazakhstan
4680;1865;Nicholas;Mitchell;1989-08-01;868-341-01;davidbooth@example.org;Active;98568;Nguyenburgh;Tajikistan
2170;1595;Ronald;York;1984-01-05;733-568-70;andrea24@example.net;Active;61003;Stevenfurt;Honduras
2718;1886;Diana;Ferguson;1986-11-22;928-026-64;valdezjessica@example.com;Active;116478;Danielland;North Macedonia
1816;1875;Robert;Jones;1985-02-08;753-673-85;kevin93@example.net;Active;61228;Olsonshire;United Arab Emirates
2214;995;Lisa;Cooper;2002-06-13;441-411-59;iyoung@example.com;Active;109461;West Brianchester;Slovenia
1835;1113;Johnny;Park;2000-04-05;924-793-02;jacqueline78@example.net;Active;114009;South Catherine;Vietnam
509;1362;Juan;Lucas;1996-03-28;252-219-15;gmoody@example.org;Active;85468;Carterville;Gambia
3736;892;Kaitlin;Avila;1967-09-13;143-246-08;plewis@example.org;Active;112444;Davidfurt;Solomon Islands
1570;1590;Monica;Weaver;1976-11-10;625-034-84;larrytorres@example.com;Active;86677;East Jeffreyport;Cape Verde
1879;1959;Kristina;Mccarthy;1965-07-09;451-590-28;antonio35@example.net;Active;75861;Port Walter;Estonia
909;1718;Kimberly;Mann;1962-12-15;789-129-06;kevans@example.com;Active;80259;Marktown;Gabon
3510;1850;Erica;Jones;1998-12-09;726-342-78;fhenry@example.net;Active;85963;Port Matthewchester;Reunion
4589;988;Jesus;Miles;1986-11-26;679-114-08;andrewgriffin@example.net;Active;71982;East Mary;Ukraine
2092;1467;Jordan;English;1964-08-04;255-450-24;rossdenise@example.com;Active;110486;Lake Stevenmouth;Brunei Darussalam
3760;1124;Diana;Jones;1999-07-14;167-454-27;christinaschneider@example.org;Active;112023;North Frank;Luxembourg
1860;1891;Andrew;Stanton;1977-06-02;542-617-41;cherylwhite@example.net;Off;73433;Bryanview;French Polynesia
2136;1136;Andrew;Scott;1983-12-02;559-760-13;jenkinshenry@example.net;Active;85545;Collinsstad;Solomon Islands
4539;1704;William;Beasley;2003-04-04;166-383-45;dylancarroll@example.org;Active;63841;Oliverview;Libyan Arab Jamahiriya
3811;1110;Michael;Walters;1992-05-19;368-403-68;xpayne@example.com;Active;81160;East Darrellland;Ghana
836;846;Monica;Clark;1995-07-10;338-654-12;denniskristin@example.org;Off;86579;Owensstad;Martinique
4076;1346;Haley;Gregory;1980-04-19;573-566-38;johnsonangela@example.com;Active;61746;Denniston;Switzerland
2447;1654;Juan;Andrade;1967-01-26;290-719-85;jensenamanda@example.org;Active;84211;New Guy;Uzbekistan
3412;1716;Robert;Dunn;1991-07-28;295-461-83;blevinsrobert@example.org;Active;101035;Courtneyview;Congo
2781;1275;Cathy;Nguyen;1968-06-10;386-043-41;deckerjanice@example.net;Active;94315;Jonesport;Samoa
3541;1833;Lisa;Wilson;2001-03-03;327-966-55;jwright@example.com;Active;90966;West Darrenside;Cook Islands
3252;759;Karen;Thompson;2003-06-07;455-966-74;doris57@example.org;Active;100846;East Ronald;Switzerland
4458;879;Amber;Mcdonald;2000-05-13;177-501-41;nathanortiz@example.com;Active;100097;Stewartberg;Mayotte
3407;1731;Valerie;Moore;1971-05-31;551-640-47;guerratammy@example.org;Active;75762;Jacobshire;Singapore
2436;1674;Mr.;Powell;1965-07-19;177-572-80;amber03@example.com;Active;80408;Sanchezmouth;Ecuador
2189;1677;Brooke;Diaz;1964-08-28;757-214-10;kennethhoward@example.com;Active;78901;Davisview;Suriname
2771;1919;Paul;Welch;1987-05-03;755-274-58;brandi04@example.com;Active;100792;New Stephanieport;United Arab Emirates
790;1315;Paul;Johnson;1976-08-29;835-318-15;clarkejames@example.com;Active;93200;Christopherfurt;Guyana
1515;1610;Kathy;Wagner;2003-01-31;995-391-85;johnsoncarrie@example.net;Active;101730;Carolynland;Paraguay
525;1167;Michelle;Campos;1968-06-28;581-703-24;ypalmer@example.org;Off;75445;West Camerontown;Ethiopia
3092;862;Katrina;Miller;1962-02-25;913-579-87;dmorales@example.com;Active;71993;South Daniel;Macao
2980;1058;Beth;Lane;1964-04-22;130-054-98;angelafletcher@example.net;Active;78562;South Jeffrey;Cayman Islands
3232;848;Franklin;Johnson;1992-01-24;299-505-71;kristin47@example.net;Active;74357;East Nathanbury;Netherlands Antilles
1264;1628;Clifford;Lowe;2000-05-02;442-416-03;joseph26@example.org;Active;61187;Port Brent;Honduras
945;1211;Tom;Boone;1990-12-15;398-167-71;shawn81@example.org;Active;103860;New Stacey;Georgia
4563;2016;Judith;Avila;1979-07-25;781-578-69;andersondawn@example.net;Active;61466;West Nathan;Cayman Islands
1851;1360;Amanda;Larsen;1995-12-29;679-876-69;davidgarcia@example.com;Active;116748;South Richard;British Virgin Islands
1553;1247;Victoria;Vance;1991-05-08;676-129-58;lray@example.net;Active;82893;South Jenna;Malta
2308;1452;Karen;Miranda;1981-07-27;695-019-22;christopher81@example.com;Active;100247;Wardland;Mali
960;800;Laura;Davidson;1972-06-06;674-553-64;uholden@example.com;Active;106594;New Nathan;Albania
1624;1184;David;Parker;1970-05-04;884-701-16;matthew92@example.org;Active;94631;Deannaborough;Faroe Islands
4022;799;Dustin;Holloway;1973-01-25;868-140-99;brettsmith@example.net;Active;79882;Carriemouth;Togo
1799;1094;Brandon;Webb;1978-06-06;722-063-14;shafferbrian@example.net;Active;111890;North Craig;Guatemala
4165;1765;Matthew;Foster;1980-04-11;624-069-70;bartonchristopher@example.org;Active;115191;Danaton;British Virgin Islands
1828;1590;Stephen;Hodges;1998-08-29;650-939-59;mcdowellrichard@example.com;Active;108043;Michaelville;Mauritania
3029;1192;Dave;Benton;1967-07-07;508-709-89;cnewman@example.org;Active;106874;Allenport;Bahrain
4334;1229;Kimberly;Hansen;2001-06-17;420-223-81;jessicabrown@example.net;Active;69473;New James;Georgia
3463;1901;Vanessa;Day;1994-11-23;953-101-66;garcialaurie@example.com;Off;107954;East Eric;Congo
1044;1583;Ryan;Glover;1968-05-22;298-100-22;paul49@example.org;Active;61299;Kristinbury;Puerto Rico
2665;1874;Kenneth;Collins;1985-05-31;506-151-51;cgamble@example.com;Active;83319;West Diana;Gibraltar
2621;1983;Barbara;Lee;1973-05-02;705-867-41;michelle44@example.org;Active;97957;Port Mindyfort;Paraguay
3029;1202;Travis;Mayer;1990-11-19;136-584-69;vray@example.org;Active;107642;East Brandon;Saint Barthelemy
3971;1950;Cheryl;Rojas;1984-09-16;738-133-91;zmiles@example.net;Active;116615;New Mark;Slovakia (Slovak Republic)
2791;1834;Paul;Morris;1980-12-07;397-630-07;dean91@example.net;Off;106707;West Carrie;Chile
4106;1811;Troy;Hodges;1968-07-04;936-115-29;eatonlogan@example.org;Active;96858;East Josephshire;Netherlands
3932;957;Alexis;Chan;1992-06-04;190-989-47;jocelyn34@example.org;Active;81895;Kelliton;Fiji
4566;1284;James;Russell;1997-03-27;511-908-30;michael50@example.net;Active;105349;Farrellburgh;Namibia
4367;959;Theresa;Edwards;1976-01-17;645-620-43;toddschwartz@example.org;Active;91834;Omarport;Turkmenistan
2141;778;Charles;Harrison;1993-04-17;666-105-24;ninasanders@example.org;Active;65796;South Breanna;Hungary
500;707;Kyle;Johnson;1999-07-12;149-623-79;hkidd@example.org;Active;78085;Lake Jeremiahmouth;Cocos (Keeling) Islands
3171;1845;William;Coleman;1982-06-14;748-187-61;holiver@example.com;Active;78916;West Heather;Yemen
4533;1644;James;Lozano;1997-08-09;496-498-91;fisherlogan@example.org;Active;93473;South Jeffrey;Liberia
1222;1642;Nicholas;Mclaughlin;1981-08-02;433-157-82;jamesmartinez@example.org;Active;71721;Gomezton;Taiwan
2033;1386;Neil;Roman;1967-07-18;629-509-23;shelbycastillo@example.net;Active;102650;Phamberg;Rwanda
527;1871;John;Ryan;1975-03-26;703-611-50;edward29@example.com;Active;99943;New Keith;Malaysia
3640;1064;Sara;Hoffman;1971-10-15;242-460-38;hensonkarina@example.com;Active;114103;Fergusonburgh;Sierra Leone
511;1449;Felicia;Morgan;1964-12-24;372-177-28;timothy75@example.com;Active;116105;North Adamstad;Niger
1876;846;Pamela;Bishop;2003-07-20;398-690-68;melissabennett@example.net;Active;100635;Mcgrathhaven;Puerto Rico
656;1098;Tony;Gibson;1985-11-25;840-521-28;michelle59@example.org;Active;82411;Campbellborough;Argentina
1308;1524;Charles;Hill;1996-08-05;753-314-47;fcollins@example.com;Active;66318;Wadestad;Kuwait
1217;785;Thomas;Huang;1989-04-10;187-393-32;rsanders@example.net;Active;73622;Valenciachester;Saint Martin
3063;1591;Donna;Logan;1986-12-31;631-734-84;xfleming@example.net;Active;102209;West Melissaville;Tokelau
3153;1428;John;Campbell;1976-08-14;974-622-40;millerjocelyn@example.com;Active;73151;New Sandy;Norway
2644;1330;Adam;Price;1982-12-23;784-587-25;tracy00@example.org;Off;71322;Kelleyberg;Eritrea
2160;1291;Leroy;Collins;1988-11-20;101-689-71;gregoryharris@example.net;Active;74528;Higginsland;Uruguay
4148;1310;James;Andersen;1997-01-06;524-731-68;westdevin@example.org;Active;78967;Heathermouth;French Southern Territories
4284;894;Kimberly;Wallace;1969-06-03;822-013-02;elizabeth34@example.com;Active;97780;Nicoleberg;Samoa
4063;1960;Madison;Tucker;1969-06-30;939-522-10;hunter35@example.net;Off;108121;Norrisshire;Seychelles
1143;1854;Joshua;Brewer;1984-07-06;512-866-94;kduncan@example.net;Active;60445;West Michael;Svalbard & Jan Mayen Islands
2487;1088;Sheila;Hicks;1979-10-08;409-831-97;maria64@example.org;Active;104645;Lake George;Montenegro
2076;1425;Jane;Beck;1993-03-19;944-723-38;bennettdustin@example.com;Active;95653;Hernandezland;Saint Kitts and Nevis
3995;737;Tamara;Haas;1997-06-23;993-821-07;kimberlytrujillo@example.com;Active;87535;East Gabrielastad;Cameroon
3659;1765;Natalie;Glass;1993-07-27;269-119-66;jeffreyrichardson@example.com;Active;114125;Port Crystal;China
1389;1516;Mr.;Kelly;1982-09-22;300-688-37;jason57@example.com;Active;64799;East Jeffreyfort;Bhutan
573;1093;Tammy;Long;1978-08-18;867-848-94;annemartinez@example.net;Active;114586;East Nicolebury;Faroe Islands
2828;1587;Kelsey;Mejia;1981-07-11;784-006-37;kevinkaufman@example.org;Active;60823;Erikchester;Aruba
3126;1892;Kathy;Wolfe;1978-11-06;991-799-60;angela68@example.net;Active;97038;Anthonyshire;Uzbekistan
3307;1662;Richard;Flores;1985-06-28;514-777-69;boltonmark@example.com;Active;106371;Reeseville;Saint Kitts and Nevis
1976;1300;Shelly;Decker;1981-08-27;343-539-69;jasonpowers@example.net;Active;93598;Hernandezville;Guyana
4267;767;Brenda;Campos;2001-03-17;431-809-24;tanya80@example.org;Active;63011;West Meganmouth;Oman
3198;1774;Justin;Allen;1988-07-03;166-625-06;petersenamber@example.org;Active;96005;New Brianborough;Andorra
3931;962;Teresa;Martin;1973-01-18;957-663-00;martinyvonne@example.com;Active;61015;Port Kathleen;Martinique
1053;1179;Jose;Hawkins;1996-02-10;709-281-74;jasonbrown@example.net;Active;85344;Lake Amberland;Guatemala
3726;1567;Krista;Brown;1996-01-04;577-391-13;bergnicole@example.net;Active;110712;Rayfurt;Qatar
4028;1455;Michael;Morris;1996-07-24;898-541-64;johnthornton@example.org;Active;101810;North Lori;Namibia
3803;1007;Jessica;Vang;1968-04-22;735-604-45;scottpage@example.com;Active;116023;Bakerhaven;Seychelles
4698;2001;Adrian;Smith;1986-07-09;414-732-72;twarner@example.net;Active;91730;East James;Madagascar
3046;818;Lisa;Schroeder;1965-10-25;182-378-46;laura26@example.net;Active;103534;East Davidmouth;Indonesia
4346;1891;Tracy;Cortez;1966-11-15;481-022-68;wcordova@example.net;Active;79991;West Stevenview;United Kingdom
1417;1481;Julie;Ford;1976-08-02;366-154-45;rhondadiaz@example.net;Active;96156;Karafurt;British Virgin Islands
3919;1588;Matthew;Skinner;1993-08-26;326-706-10;robertmarquez@example.org;Active;92547;Lake Jennifer;Sudan
661;1715;Jesus;Jenkins;1965-03-03;564-981-35;rdiaz@example.net;Active;107374;Whitemouth;Faroe Islands
4179;1522;Belinda;Hayes;1973-05-03;229-556-86;rsaunders@example.org;Active;104086;Lake Kimberlyborough;Chad
1619;790;Tiffany;Davis;2003-06-18;864-847-45;courtney21@example.org;Active;94499;Port Lisaport;Nepal
3461;1995;Kelly;Smith;1969-06-18;713-895-82;whitejanice@example.com;Off;88760;New Katherine;Cameroon
2661;1361;Angela;Roberts;1994-04-24;987-620-21;rebecca91@example.org;Active;111678;West Jonathanburgh;Eritrea
1372;1983;Clifford;Rogers;1985-10-09;193-064-71;sjohnson@example.com;Active;76753;North Taraside;Azerbaijan
3792;1820;Alec;Taylor;1964-12-20;702-359-33;christopherpatel@example.com;Active;102537;Port Rhonda;British Virgin Islands
1502;944;Jose;Grant;1976-06-22;101-815-71;jason89@example.net;Off;88656;Lake Gary;Cameroon
3838;1527;Jacob;Cohen;1979-09-24;192-499-71;rodgerskimberly@example.com;Active;107484;New Amy;Thailand
999;1218;Donna;Herring;1973-03-25;830-009-13;ryan78@example.com;Active;112654;Breannamouth;Pakistan
3008;1726;Megan;Miller;2002-09-24;450-487-14;lbarry@example.org;Active;112448;Lake Jose;Saint Kitts and Nevis
1255;1533;Andrew;Garcia;1996-02-11;509-589-74;blairmatthew@example.com;Active;103435;Barnettland;South Georgia and the South Sandwich Islands
2997;1247;Shawn;Ruiz;1974-05-16;659-901-29;cooperjeremiah@example.org;Active;86512;Davidport;El Salvador
2234;1667;Austin;Ramsey;1968-09-04;470-045-00;gkane@example.net;Active;67325;Lake Krystal;Saudi Arabia
3749;1771;Kelly;Miller;2002-04-22;956-709-03;charles28@example.com;Active;76431;Farrellburgh;Finland
1454;1212;Melissa;Olson;1992-06-30;321-641-95;travisperry@example.com;Active;68564;East Jessicabury;Jamaica
2457;1496;Jill;Garcia;1981-12-30;120-351-04;zmitchell@example.com;Active;101493;Williamschester;Kyrgyz Republic
3016;1869;Mrs.;Miranda;1972-01-17;752-733-31;charles27@example.net;Active;77835;Port Mark;Taiwan
2749;1742;Sheri;Lee;1978-07-07;457-145-07;andersoncarlos@example.org;Active;118909;South Michaelashire;Bermuda
4109;1251;Ricky;Sawyer;1973-03-14;955-483-62;karensmith@example.com;Active;67240;West Jacqueline;Congo
1907;1989;Cody;Haas;1995-08-16;498-011-49;christopher55@example.com;Active;105384;Janemouth;Northern Mariana Islands
3545;1691;Brandi;Thompson;1986-07-10;799-300-51;ndunlap@example.net;Active;104603;Wayneland;Mongolia
2191;1327;Emma;Gomez;1983-02-02;599-158-42;petersstephen@example.org;Active;119946;Parkerbury;Holy See (Vatican City State)
2407;928;Stephanie;Jackson;1969-08-04;292-154-18;sarah23@example.com;Off;74315;North Veronica;Saint Martin
2727;1469;Michelle;King;2003-05-02;628-008-73;martinandrew@example.org;Active;80395;West Jessica;Colombia
1696;941;John;Carroll;1988-04-10;950-605-29;sylvia97@example.com;Active;85413;Scottbury;New Caledonia
2034;894;Justin;Leblanc;1984-05-16;657-561-64;johntaylor@example.com;Active;91543;New Lindsay;Cook Islands
4200;1721;Caroline;Chen;1971-06-18;685-585-26;smithkristine@example.com;Active;110185;Stoneshire;Samoa
4255;2001;Robert;Martinez;1985-09-23;733-806-53;sophiaperez@example.com;Active;105718;Tinamouth;India
2766;975;Lisa;Frye;1998-06-30;196-629-04;johnsonmelanie@example.com;Off;75200;Robertsonstad;Saint Lucia
2683;1807;Michelle;Lawson;1982-02-20;956-342-03;ejimenez@example.org;Active;71507;East Kevin;Nigeria
1904;1111;John;Jenkins;1968-09-01;102-832-77;efrank@example.net;Off;95453;South Chelseachester;Suriname
4131;1222;Jonathon;Young;1976-05-13;914-331-75;nixonrandall@example.com;Active;89503;East Ashleyview;Panama
813;1586;Carrie;Oliver;1971-02-11;434-162-73;philipkim@example.net;Active;63000;Margaretside;Saint Martin
3922;1681;Laura;Palmer;1964-07-16;306-106-26;ecopeland@example.com;Active;68913;West Angel;Northern Mariana Islands
4062;1710;Jacob;Matthews;1970-09-04;306-224-55;ocarlson@example.org;Active;116122;Berryborough;Brazil
1836;1349;Stefanie;Jackson;1972-07-26;481-300-28;martinwilliams@example.net;Active;101300;Kimberlybury;Solomon Islands
3830;857;Elizabeth;Jones;1986-01-27;145-107-81;nunezjeffrey@example.org;Active;117466;East Karenhaven;Comoros
1548;752;Jennifer;Ellis;1967-09-24;690-292-04;damonpierce@example.net;Active;87601;Lake Trevorbury;Turkey
697;1465;Pamela;Barnes;1984-01-19;810-298-51;jonathon97@example.org;Active;114662;East Adam;Turks and Caicos Islands
2739;1428;John;Castillo;2003-11-21;408-431-98;leetimothy@example.com;Active;79854;Port Grantburgh;Saint Lucia
1091;1074;Michael;Brennan;1985-12-20;133-831-97;mrios@example.org;Active;112977;New Kellyhaven;Azerbaijan
4565;927;Edward;Bailey;1997-08-25;883-214-50;benjaminmcguire@example.com;Off;103439;Lake Jennifer;Iran
688;1611;David;Martin;1996-10-08;127-211-53;daniel92@example.org;Active;68283;Wilsonville;French Polynesia
2252;1400;Luke;Brown;1980-03-10;657-886-53;ucasey@example.net;Active;101685;East Sarahstad;Portugal
1179;1239;Elizabeth;Bowen;1962-10-20;347-970-94;hickskari@example.com;Active;65000;Lake Craigstad;South Georgia and the South Sandwich Islands
3144;1609;Sylvia;Nguyen;1971-07-19;719-776-28;amcmillan@example.com;Active;98009;Port Eduardo;Saint Martin
3014;1571;Elizabeth;Olson;1966-08-16;995-941-20;james63@example.net;Active;101467;Thomasside;Mongolia
936;1485;Michelle;Acevedo;1996-02-26;814-466-77;qbailey@example.net;Active;94243;Westton;Lebanon
2328;1150;Theresa;Henson;1988-11-25;757-788-63;ogardner@example.com;Active;82651;Lake Curtisfort;Somalia
1880;1440;James;Burke;1997-04-24;400-316-86;tlowe@example.net;Active;64438;New Robertburgh;Gibraltar
1256;1611;Samantha;Walker;1962-06-27;283-926-02;christian00@example.org;Active;107008;South Troy;Mexico
949;1509;Brenda;Morse;1987-03-27;935-667-06;patrickadkins@example.com;Active;70701;Yvonneburgh;Andorra
3694;1772;Anthony;Mcguire;1971-07-28;681-090-04;brianawilliams@example.net;Active;93777;Laurenfurt;Uruguay
3830;1413;Erik;Powell;1978-06-14;885-474-00;combssandra@example.org;Active;100722;Lake Michael;Saint Vincent and the Grenadines
3498;1462;Deborah;Flynn;1971-08-15;511-121-81;bedwards@example.net;Active;80081;New Kirsten;Cameroon
715;1432;Jeffrey;Watson;1983-08-24;440-911-80;thomasamy@example.net;Active;82958;Port Mallorystad;Albania
3692;1300;Jenna;Silva;1990-08-14;971-927-41;joshuaphillips@example.org;Active;118331;West Charlesburgh;Senegal
788;1199;Luis;Peters;1968-10-25;462-294-54;sarahbrewer@example.com;Active;74452;Dianetown;United States Virgin Islands
4103;1330;Kelly;Smith;2000-03-22;494-396-36;tylerrodriguez@example.com;Active;99610;Jeffreyborough;Tajikistan
3421;1790;Troy;Harris;1996-12-08;901-798-43;daniellescott@example.net;Active;76467;Lawrenceland;Martinique
4433;1511;Kathleen;Bruce;2003-02-22;177-007-56;deborah05@example.net;Active;115816;Allisonport;Tuvalu
4652;728;Felicia;Cook;1983-11-18;891-288-35;jamesharper@example.org;Active;67500;Morrowland;Qatar
3313;903;Herbert;Baker;1999-02-24;696-246-34;wallbenjamin@example.net;Active;99759;New Alexanderhaven;Venezuela
2082;1153;Steven;Schmitt;1965-06-21;447-872-61;jenkinsbenjamin@example.org;Off;77730;Adkinschester;Kiribati
1931;1068;Amanda;Davidson;1997-10-11;327-617-23;benjamingary@example.net;Active;112353;Lake Linda;Israel
3059;1217;James;Jones;1978-03-17;685-203-23;benjamin51@example.org;Active;100410;Adkinston;Peru
3823;949;Sherry;Galvan;1993-09-30;292-999-31;jeffreywilson@example.com;Active;86023;Lake Nicholasland;Equatorial Guinea
2042;814;Jonathan;Lamb;1972-03-02;632-207-70;fbrown@example.com;Active;81677;East Shannon;Saint Lucia
3714;1643;William;Galvan;1971-07-22;296-312-49;sweeneyconnor@example.net;Active;80207;West Leemouth;Iceland
3364;1524;William;Bullock;1968-04-20;711-865-42;martinclark@example.net;Active;84304;Aaronburgh;Tanzania
2426;1825;Ann;Johnson;1997-05-04;755-347-47;angela05@example.com;Active;102722;Port Allen;Israel
537;1816;David;Shaw;1983-11-22;439-706-96;ochoatiffany@example.org;Active;61213;Lyonsfort;Yemen
1428;806;Joel;Anderson;1994-08-11;399-359-93;sandrasimon@example.com;Active;84981;Lake Chelsea;United Arab Emirates
3548;1513;Troy;Estrada;1998-12-07;740-440-16;hudsonjonathan@example.net;Active;84916;North Christyshire;Angola
1408;1589;Cory;Brown;1962-01-26;693-781-17;icastro@example.com;Active;117075;North Audreyburgh;Sweden
1722;1999;William;Castillo;1968-12-28;933-655-95;samanthaparker@example.org;Active;117950;West Davidside;Comoros
1478;1183;Barbara;Abbott;1979-02-01;907-300-20;yhayes@example.com;Active;75461;New Nicolemouth;Anguilla
2803;1274;Ryan;Ortiz;1970-06-16;798-357-89;reedamy@example.org;Active;75523;Humphreyview;Belarus
1973;1984;Anthony;Sparks;1974-12-16;210-374-49;virginia96@example.com;Active;60511;Martinezhaven;Tuvalu
4173;1164;Crystal;Odom;1980-09-24;279-555-00;lnolan@example.org;Active;68505;Hernandezborough;Guadeloupe
2214;1161;Meredith;Knight;1972-02-06;509-132-06;davidwebb@example.com;Active;96977;Ellisport;Cyprus
2894;1645;Susan;Sharp;2000-04-07;534-571-42;prichardson@example.org;Active;95614;West Kristen;Montenegro
2940;1685;Victor;Miller;1981-12-13;416-388-99;xnguyen@example.com;Active;112287;Susanberg;Korea
2043;1664;Gabriela;Mullins;1967-12-19;692-467-09;ricardo75@example.net;Active;87174;North Brandon;Syrian Arab Republic
2328;1554;Sarah;York;1998-12-04;734-069-01;brycegarcia@example.com;Active;115777;Bryanburgh;Mozambique
2240;1000;Jeffrey;Courtney;1969-07-15;838-348-58;annjackson@example.com;Active;81199;Davidton;Hungary
4025;836;Jessica;Rivera;1967-04-07;352-252-56;rubenreilly@example.org;Active;97502;Port Gary;Fiji
2237;1542;Robert;Gonzalez;1963-02-07;878-054-42;tristan89@example.com;Active;77213;West Nicoleville;Japan
1224;1858;Anthony;Kelly;1967-09-19;712-213-61;karenschmitt@example.org;Active;110253;Lake Joshuashire;Korea
3617;1378;Brian;Bowman;1985-09-13;942-577-12;everettamy@example.org;Off;73483;South Johnnytown;Iran
1285;1727;Charles;Costa;1970-03-20;447-705-21;georgepace@example.org;Active;102145;Stevenland;Faroe Islands
2854;1972;Joseph;Mccarthy;1963-03-19;533-813-34;hray@example.com;Active;116036;Gregoryhaven;Canada
3939;1869;Caitlin;Jennings;1962-09-11;714-883-75;michaelharris@example.net;Active;92643;Jenniferport;Iceland
779;1415;Lisa;Young;1993-08-08;408-082-39;perryolivia@example.net;Active;93731;Pattersonton;Thailand
1678;1324;Christopher;Williams;1971-02-12;821-396-41;gmurray@example.org;Active;66467;Contrerasville;United Arab Emirates
920;1284;Carolyn;Anderson;1991-07-21;281-622-48;jacobosborne@example.org;Active;69926;Jennifershire;Kuwait
2578;741;Dustin;Russo;1987-06-27;840-617-20;jfletcher@example.net;Active;112386;Port Joe;Andorra
4014;1250;Ebony;Diaz;1988-01-12;989-356-82;mindy02@example.com;Active;100826;Loganview;Belize
1855;1945;Dr.;White;1978-09-22;178-191-49;dbautista@example.net;Active;96092;Shaneton;Saint Lucia
2780;962;Mark;Campbell;2000-06-11;933-096-06;anne28@example.org;Active;91835;Annaview;Korea
1056;2000;David;Flores;2002-04-22;883-072-39;neilfritz@example.org;Active;68566;Haroldview;Gibraltar
4280;1503;Christopher;King;1984-07-21;223-410-07;christopher57@example.org;Active;73129;Port Lindseyside;Congo
1010;1223;Jeffrey;Lee;1985-04-27;277-766-18;tmoran@example.org;Off;61923;Joseview;Cyprus
2121;1345;Suzanne;Byrd;1980-12-21;358-503-06;qroberts@example.com;Active;112713;Robertberg;Hong Kong
508;891;Javier;Scott;1989-04-04;848-171-49;darlenehood@example.com;Active;79123;Billyhaven;Comoros
605;1410;Roberto;Potts;2003-09-24;496-438-88;sarah42@example.net;Active;60879;New Mirandachester;Brazil
3728;1355;Laura;Schmidt;1972-07-05;238-426-07;tiffanysullivan@example.org;Active;82270;Alexanderville;Cuba
2644;1327;Lisa;Jenkins;1966-02-08;766-045-71;ashleygarcia@example.net;Active;102010;Laurenville;Montserrat
1796;1899;Michelle;Bradford;1978-11-19;382-950-19;sking@example.com;Off;95447;South Rhonda;Bangladesh
2733;1957;Michael;Larsen;1993-12-20;972-302-82;salinasbeth@example.net;Active;114492;Gabrielfurt;Bahrain
3720;1886;Pamela;Henry;1970-06-11;912-616-38;melissa57@example.org;Active;112656;Phillipsview;Madagascar
3254;823;Gary;Blair;1972-03-28;652-409-02;browncody@example.com;Off;102061;Cassandrahaven;Fiji
948;753;Taylor;Fox;1977-10-31;565-604-59;anthony94@example.com;Active;88329;Gutierrezside;Singapore
630;989;Robert;Burke;1980-07-27;664-506-49;kyleharris@example.org;Active;113914;Amandaborough;Kyrgyz Republic
3924;1665;Charles;Noble;1988-12-09;603-301-28;vlove@example.com;Active;65126;Samanthaville;Niger
3100;1348;Erik;Alexander;1982-08-21;129-652-49;wmorgan@example.org;Active;95875;Michaelmouth;Paraguay
3598;1299;Amber;Hernandez;1990-09-18;732-522-58;fbrown@example.net;Active;83369;North Jasonshire;Nauru
1681;1381;David;Stokes;1962-11-03;997-256-92;jamesturner@example.com;Active;76098;Port Andrewborough;Kenya
1434;1014;Brittany;Strickland;1965-07-16;954-428-37;singhmegan@example.com;Active;111500;Lake Stephanie;Panama
1676;1974;Kendra;Johnston;1999-08-09;518-208-67;robert19@example.com;Off;82820;Taylorview;France
3630;1474;Phyllis;Jones;1993-01-17;910-294-31;christina02@example.net;Active;114614;Moranburgh;Poland
1426;1241;Leslie;George;1990-07-15;244-534-63;stevenssabrina@example.org;Active;104318;Andersonville;United Arab Emirates
1838;1956;Tyrone;Bruce;1978-01-25;916-791-31;mark43@example.net;Active;65033;Bakerhaven;Wallis and Futuna
3666;1906;Angela;Myers;1969-06-25;427-834-44;hudsonscott@example.net;Active;86561;Ramseychester;Gabon
4265;1879;Jessica;Dunlap;1977-02-28;876-236-69;scottmiller@example.org;Active;113960;Andrewchester;Austria
2970;1985;Chad;Vaughn;1976-01-13;735-000-69;timothypage@example.com;Active;67023;Mccormickshire;Cuba
3226;1415;Elizabeth;Reynolds;2000-04-27;361-791-41;opruitt@example.net;Active;107691;Christinaton;United States of America
4028;901;Justin;Grant;1996-09-05;582-411-57;bonnierogers@example.net;Active;107554;South Michaelton;Malawi
1552;732;Anthony;Myers;1970-05-27;592-742-69;waltersantonio@example.com;Active;106791;East Amanda;Slovenia
513;1043;Lydia;Mckinney;1986-11-05;151-560-36;usullivan@example.org;Active;67253;East Michaelshire;China
1818;1813;Leonard;Harrington;1962-06-02;153-619-72;taylor26@example.org;Active;86066;South Jessicaside;Liberia
4057;1222;Kathryn;Chapman;1977-08-27;728-007-95;ajohns@example.com;Active;112694;Evansfort;Tuvalu
2527;1840;Dr.;Robinson;1981-03-05;427-034-90;vanessacox@example.org;Active;81405;Albertbury;Russian Federation
3947;1113;Jeffrey;Wiggins;1988-01-11;421-547-49;stewartdanielle@example.net;Active;84725;Lake Lauren;Kuwait
2646;769;Kevin;Anderson;1993-11-09;477-830-66;kathryn27@example.com;Active;74361;Fitzgeraldtown;Dominica
3559;1649;Tracy;Stone;1983-05-15;807-523-07;brownbrandy@example.org;Active;87518;Port William;Fiji
3320;1679;Justin;Davis;2001-10-13;116-225-47;kennethsalazar@example.com;Active;92196;Orrport;Congo
2871;1960;Scott;Soto;1992-04-08;381-188-98;hwong@example.org;Active;109472;Lake Samanthachester;Brazil
3461;1834;Nicholas;Hawkins;1971-09-17;887-069-78;simmonsjacob@example.org;Active;99130;Sanchezland;Sudan
3903;1159;Cindy;Johnson;1981-05-30;661-481-78;leedrew@example.net;Active;71505;Mendozaburgh;Namibia
3896;1343;Anthony;Barton;1985-02-09;765-428-76;curtiskennedy@example.org;Active;112378;North Robert;Northern Mariana Islands
4482;1270;Erika;Campbell;1999-12-08;690-866-20;jose00@example.net;Active;107810;West Williamland;Germany
2334;1898;Bianca;Taylor;1973-06-13;241-716-65;gregory59@example.net;Active;112667;Lake Anthony;Egypt
2983;1437;Gene;Martin;1989-07-28;964-548-90;timothyoneill@example.org;Off;114676;Hogantown;Togo
844;1879;Madison;King;1995-11-22;441-974-70;joshua28@example.org;Active;83420;Robersonmouth;Cambodia
3104;1321;Susan;Flores;1979-02-24;379-248-97;james99@example.net;Active;107005;New Luis;Faroe Islands
2811;1996;Shannon;Hendricks;1964-07-19;936-893-29;qstewart@example.net;Off;64349;Port Tracy;Cambodia
2372;1687;Jason;Blair;2002-06-22;613-408-02;lscott@example.com;Active;107267;Hillstad;Turkey
4657;1905;Stephen;White;1979-11-02;323-480-26;juliewilliams@example.org;Active;77216;Lake Madeline;United Arab Emirates
1371;1216;Michelle;Carter;1968-01-31;880-748-09;carrie14@example.com;Active;63173;East Katie;Lebanon
2600;1028;Alan;Rodriguez;1969-04-13;216-844-21;ricardosharp@example.org;Active;83435;Port Tyroneshire;Mauritius
1426;1376;Denise;Curtis;1978-05-06;570-552-50;oward@example.net;Active;61976;Castanedaborough;Marshall Islands
4425;920;Brittany;Parrish;2003-11-11;822-186-96;cantuerin@example.org;Active;90308;East Anthonyborough;Saint Vincent and the Grenadines
4081;1461;Amy;Russo;1984-04-12;902-441-45;velasquezjoshua@example.net;Active;91292;South Donna;Austria
3260;806;Mallory;Lopez;2000-01-05;500-814-08;lovemarc@example.org;Active;77867;Lake Moniqueview;Cyprus
2271;731;Sherry;Linda;2003-10-15;436-407-46;kirstenmcconnell@example.com;Active;112552;Colemanfort;Montserrat
4284;1680;Mr.;Smith;1988-11-23;502-869-71;sarah08@example.org;Active;72577;Brownmouth;Tunisia
1501;1976;Randy;Reed;1981-09-07;966-066-40;psanchez@example.net;Off;66808;Chelseashire;Eritrea
1357;1981;Garrett;Mcdaniel;1993-04-29;673-017-60;xandrews@example.net;Active;98870;Katherineberg;Panama
3983;1954;Andrew;Edwards;1999-11-14;919-411-12;christopher91@example.net;Active;87690;Meyerborough;Montserrat
2477;727;Richard;Wilson;1968-06-14;766-458-76;evansthomas@example.com;Active;76844;North Laura;Heard Island and McDonald Islands
1116;816;Marisa;Thomas;1987-02-14;564-583-99;woodjames@example.net;Active;86492;South Gregoryshire;Burundi
4187;1840;Kelly;Long;1972-02-10;391-406-91;bnewton@example.com;Active;98582;Campbellhaven;Canada
3036;1326;Monica;Hansen;1998-01-01;784-930-42;rossedward@example.net;Active;103997;Markland;Norway
1899;1199;Alexander;Carroll;1966-01-13;533-104-06;cynthia70@example.com;Active;110274;Mcknightmouth;Ghana
2368;1094;Lindsay;Carter;1969-03-01;230-278-30;ashleylarry@example.org;Active;67638;Garciaville;Ireland
1198;1521;Tracy;Perry;1965-09-21;674-817-47;jennifer01@example.net;Active;90749;Jackhaven;South Georgia and the South Sandwich Islands
4366;939;Sandra;Miller;1995-10-22;323-432-77;tbrown@example.org;Off;83960;Harringtonbury;Iran
4473;1273;Stacy;Todd;1988-08-03;850-642-79;apeterson@example.com;Off;73307;Port Jamesstad;Guam
3387;1171;Adam;Ross;1963-06-14;514-555-90;hwalsh@example.com;Active;72135;South Tiffanyfurt;Congo
4616;1441;Jacob;Guerrero;1970-03-17;582-948-22;lsmith@example.com;Active;86404;North Mary;Armenia
2818;1743;Cristina;Taylor;1999-08-06;910-285-28;vjones@example.net;Active;63037;West Thomas;British Indian Ocean Territory (Chagos Archipelago)
2662;1100;Gregory;Marshall;1999-07-07;676-698-79;devin48@example.net;Active;114885;Beckymouth;Palestinian Territory
2084;1549;Stephanie;Garcia;1988-08-28;847-783-68;carl07@example.com;Active;98588;Laramouth;Vanuatu
3643;1413;Kelsey;Carpenter;1968-05-25;412-251-85;robert05@example.org;Active;65481;South Amystad;Switzerland
4231;1690;Tiffany;Griffith;1974-07-24;728-684-81;arthur38@example.com;Active;81901;Samanthamouth;French Polynesia
546;1070;Kenneth;Jones;1970-07-06;163-132-78;qruiz@example.com;Active;90102;South Amandafurt;Sierra Leone
1629;1737;Chelsea;Wilson;2000-04-29;342-963-86;latoya00@example.com;Active;88981;East Angelatown;Bolivia
3125;798;Kyle;Lyons;1962-07-22;671-824-82;smallmary@example.org;Active;92173;Perezville;Finland
1431;1378;Paul;Flynn;1989-11-21;423-859-03;conniemiller@example.org;Active;75751;West Melissa;Hong Kong
2830;1927;Daniel;Sullivan;1964-10-20;851-832-48;angela43@example.org;Active;111345;Port Karastad;Pakistan
848;958;Cathy;Fisher;1989-02-08;922-183-17;stacygallagher@example.org;Active;60439;Sarachester;Botswana
4405;1272;Tammy;Kramer;1996-03-18;766-051-54;elizabethdunn@example.com;Active;67401;East Katelynmouth;Seychelles
2521;1255;Brent;Howard;1974-11-23;129-189-79;blake89@example.org;Active;93915;New Kristinshire;India
4149;720;Charles;Nguyen;1996-05-26;631-180-88;diazaaron@example.net;Active;113803;West Ashleyberg;Equatorial Guinea
3236;735;Stephanie;Johnson;1980-08-29;270-250-88;monicareeves@example.com;Active;104824;West Johnberg;Jordan
1061;1072;Brenda;Zamora;1997-07-12;206-243-64;greenemiguel@example.com;Active;70030;Port Whitneyhaven;Uruguay
3871;1020;David;Johnson;1992-11-19;117-021-74;sosachristopher@example.com;Active;69029;Blackwellton;Mali
2000;1263;Monica;Yates;1987-10-30;558-034-88;todd15@example.net;Active;97089;Walkerborough;Netherlands
2006;1100;Jennifer;Shea;1991-01-23;406-257-07;shannon45@example.net;Off;75822;West Jeremy;Rwanda
2088;1694;Nathan;Moore;1967-06-17;157-746-26;brucehill@example.net;Active;111522;Lindsayport;Vanuatu
1656;1850;Elizabeth;Cross;1992-08-13;956-395-18;anna40@example.net;Active;82466;Port Leslieview;Bangladesh
4581;1350;George;Oliver;1987-01-26;146-987-69;robertjohnson@example.org;Off;65773;Rileyport;Nepal
597;952;Kelly;Porter;2000-03-07;554-697-94;annemoore@example.org;Active;76463;Mackland;Bulgaria
1573;1858;Megan;Jones;1995-03-16;749-371-44;vanessa72@example.org;Active;85612;Port Robert;Monaco
707;2015;Jessica;Simpson;2000-05-02;463-964-41;alexandra82@example.com;Active;108087;Burchview;Saint Helena
1195;1560;Jessica;Newman;1991-08-22;695-922-21;dennis63@example.com;Active;118804;Thomasfurt;Poland
4462;1726;Jonathan;Brown;1990-03-13;653-114-26;rlee@example.net;Off;82700;New Wanda;Haiti
2482;1289;Caroline;Ortiz;1968-10-21;322-744-15;castrochelsea@example.com;Active;92570;Stevenburgh;El Salvador
1136;1353;Lisa;Campbell;2002-11-04;275-122-12;tracy40@example.net;Off;102948;Lake Kaylaland;Tajikistan
3249;1925;Eric;Sanford;1995-04-25;389-608-18;john16@example.com;Off;119097;Rogershaven;Cayman Islands
4341;1094;Morgan;Alvarez;1967-11-02;402-481-63;kingsheila@example.com;Off;83781;Johnsonchester;British Virgin Islands
3824;1073;Ashley;Larsen;1977-01-06;977-346-64;moorekatherine@example.com;Active;109959;Holmesborough;South Georgia and the South Sandwich Islands
958;1133;Julie;Jones;2002-04-29;175-483-48;emily19@example.com;Active;88781;North Lauren;France
1015;1525;Melissa;Nelson;1963-05-10;314-430-10;owensrachel@example.com;Active;101808;Lake Markmouth;Ghana
2813;1542;Destiny;Scott;1979-07-21;503-557-68;charles16@example.net;Off;89866;Burgesston;Sierra Leone
1939;927;Andrew;Moreno;1976-02-29;829-209-38;donald24@example.com;Active;82684;Torreschester;Norway
4316;1774;Robert;Patton;2003-12-30;618-945-77;stacey37@example.org;Active;96639;West Edward;Malaysia
3123;861;Jeffrey;Young;1967-05-12;901-771-99;adamssarah@example.com;Active;77723;New Jerryville;Portugal
1587;1787;Scott;Charles;2000-01-05;629-432-47;david65@example.org;Active;63254;Rogerschester;Italy
2893;1651;Vanessa;Lopez;1973-06-26;489-792-93;anna63@example.org;Active;83225;Cooperside;Korea
1868;1143;Bradley;Martin;1969-10-11;328-329-04;grahamgilbert@example.org;Active;102550;Nicholasfurt;El Salvador
1621;1848;Marie;Kim;1962-06-13;932-994-42;rachaelsullivan@example.com;Active;72904;Aliciafort;Venezuela
3918;941;Amanda;Hill;1964-06-05;316-684-56;sethperkins@example.org;Active;96027;Carrollstad;Thailand
4516;1159;Jasmine;Carson;1969-09-09;498-362-55;vschmidt@example.com;Active;61044;North Ruth;Syrian Arab Republic
3535;1162;Jason;Taylor;1975-11-11;325-488-67;brownclifford@example.com;Active;119043;South Colleentown;El Salvador
1988;1457;Thomas;Gomez;1974-01-21;417-041-20;joneslinda@example.net;Active;64440;North Natalieburgh;Saint Kitts and Nevis
2000;886;James;Gray;2003-06-27;817-776-47;carterbrent@example.net;Off;94578;Lake Alexis;Belize
3085;1474;Garrett;Pope;1972-11-30;444-432-17;hvaughn@example.org;Active;106185;Hardyborough;Cook Islands
3763;993;Philip;Lopez;1981-05-10;652-581-55;andrea90@example.com;Off;113499;Janethaven;Poland
753;1829;Christine;Barton;2002-09-27;542-061-98;gregorybrown@example.net;Off;70117;West Christopher;Afghanistan
4424;1148;Sylvia;Olsen;1962-10-03;957-661-03;johnbarrett@example.net;Active;74650;Richardberg;Tanzania
1605;1500;Barry;Taylor;1995-05-09;750-258-27;kimberly99@example.com;Active;71315;Lake Sierra;Guinea
1787;735;Reginald;Kelly;1994-03-26;564-120-71;angelacruz@example.net;Active;102573;Robertsonberg;Guinea
1827;1335;Robert;Briggs;1977-09-24;127-900-26;michaelking@example.org;Off;94676;Timothyland;Pakistan
533;1920;Caitlin;Oconnor;1974-12-03;389-061-49;jhudson@example.net;Off;103470;Alvaradobury;Montenegro
4371;1359;Amanda;Allen;1965-11-20;141-254-94;haleysarah@example.net;Active;114362;Lake Jay;Sri Lanka
1556;1143;Paige;Farmer;1982-12-10;284-502-26;dennishernandez@example.com;Active;82299;Hartmanburgh;Congo
1945;1232;Patricia;Anderson;1977-02-16;984-197-85;vcarroll@example.net;Off;70468;Sosatown;Nepal
1655;1227;Daniel;Cortez;1990-09-24;362-483-84;kristi37@example.net;Active;92051;Anaport;United Arab Emirates
4053;1261;James;Ray;1994-11-17;554-134-41;robinsonjames@example.net;Active;110536;Knapphaven;North Macedonia
661;1841;Michael;Jackson;1971-04-15;982-564-26;ariana79@example.org;Active;64148;Zacharyland;Burundi
1710;2011;Denise;Heath;1965-12-22;824-621-65;antonio52@example.org;Off;106757;South Joshua;Turkmenistan
1611;1896;Jamie;Ricky;1970-07-29;642-580-46;shannon40@example.org;Active;83800;Bennetttown;Peru
1401;1860;Vanessa;Crawford;1969-03-11;482-503-89;bobby63@example.net;Active;87758;Lake Christopherfort;Eritrea
2931;865;Janet;Knox;1987-01-03;895-234-89;meyerandrew@example.org;Active;91407;Karenport;Bermuda
1310;1276;Laura;Smith;1973-10-03;936-836-27;marvinsimpson@example.org;Active;92956;West Amandabury;Slovakia (Slovak Republic)
968;1353;Charles;Moody;2001-01-28;268-788-17;mwilliams@example.com;Active;100681;North Shirleyhaven;Maldives
3968;882;Jamie;Lewis;1968-05-02;464-067-38;dwerner@example.com;Active;119614;North Kelsey;Andorra
3252;889;Kevin;Wilson;1994-07-04;463-312-69;walkercorey@example.org;Active;66532;Halltown;Nicaragua
3799;1293;Kathryn;Gonzalez;1988-11-23;275-961-59;ppacheco@example.com;Active;111922;Shermantown;Ireland
3050;1729;Kelly;Boyd;1989-08-13;245-437-38;michealreynolds@example.com;Active;76550;New Michelle;Angola
1015;1056;Mitchell;Sanders;1996-03-06;911-179-82;fullercarlos@example.com;Active;114682;Monicaview;Dominica
3889;1428;Michael;Jones;2001-08-05;493-999-93;hansonzachary@example.com;Active;76673;Susanberg;Guam
4325;1136;Adam;Barnett;1976-06-09;671-602-50;jgriffith@example.com;Off;72797;South Kathryn;Turkmenistan
2601;737;Rebecca;Medina;1976-12-21;498-604-71;rcameron@example.net;Active;92234;Port Jessicaberg;Liechtenstein
3729;711;Mark;Holloway;1977-11-01;287-942-49;leslie66@example.org;Active;81005;Floresbury;Afghanistan
2450;1298;Hayley;Henderson;1962-06-09;132-501-40;ecook@example.net;Active;101713;East Brianbury;Ukraine
707;1151;Adam;Curtis;1993-03-23;795-270-39;gailcastro@example.com;Active;103722;Levyville;China
1066;1551;Steven;House;1970-10-07;395-627-16;hayneskathy@example.net;Active;85250;West Jordanmouth;Marshall Islands
3941;874;Keith;Robinson;1970-02-19;564-896-83;adamparks@example.org;Active;102422;Elizabethmouth;Malta
1161;1305;Nicholas;Byrd;1965-10-12;479-593-12;jesseramos@example.org;Active;68570;Lake Sharontown;Saudi Arabia
2267;842;Kimberly;Delgado;1966-08-09;802-146-70;wbrowning@example.com;Active;84970;Lindseyberg;Turks and Caicos Islands
553;817;Charles;Nash;1980-04-23;365-140-20;rachael42@example.org;Active;64082;Jamesville;Lebanon
1358;1576;Peter;Roberts;1977-09-11;565-067-61;martinthomas@example.org;Active;71386;Lake Johntown;Brunei Darussalam
4694;1848;Jennifer;Rodriguez;1981-02-12;691-171-44;ramseyedwin@example.org;Active;115082;North Matthewton;Turks and Caicos Islands
2391;1256;Natalie;Smith;1994-06-25;389-529-82;hannah66@example.com;Off;82768;North Lindseyfurt;Greece
661;1922;Jason;Gilbert;1969-09-18;349-348-04;brownmichael@example.net;Off;77438;Carrburgh;Mauritius
1968;1947;Matthew;Adams;1988-04-16;952-171-60;goodmanbarry@example.org;Active;75932;Jacobville;Vanuatu
1199;1092;Kenneth;Hicks;1979-09-15;938-539-54;jordanstevenson@example.com;Active;115981;West Cameronland;Lebanon
4336;1909;Charles;Davis;1986-09-08;355-799-98;ilynch@example.net;Active;83495;Lake Timothy;Slovakia (Slovak Republic)
4615;826;Alexandra;Jackson;1976-08-27;925-485-39;john65@example.net;Active;84053;Ingramborough;Uganda
2346;1388;Richard;Guerrero;1962-02-08;210-438-19;jacqueline12@example.net;Active;90774;South Shawn;Christmas Island
2183;1549;Rachel;Garcia;1997-06-19;890-873-02;deanhurley@example.com;Active;87569;South Stefanieview;Bosnia and Herzegovina
2675;751;Dawn;Wood;1982-10-03;861-013-10;carla75@example.org;Active;103794;Williamsonfurt;Montenegro
2420;864;Jesus;Cooper;1987-04-10;643-544-18;ssanford@example.com;Active;65291;South Kathleen;Nepal
1496;880;Andres;Gutierrez;1964-09-17;969-584-68;montgomerydonald@example.net;Active;103238;Turnerfort;Lebanon
1866;1343;Taylor;Hopkins;1977-08-24;785-661-12;jonesmichael@example.net;Active;87251;Boyleburgh;Montserrat
4331;1759;Rebekah;Smith;1978-07-31;517-986-31;johnsonsteven@example.com;Active;90769;Port Grant;Wallis and Futuna
4628;1287;Gloria;Valdez;1976-12-17;383-065-28;gomezvalerie@example.com;Active;90032;Karenfort;Dominica
1278;1118;Brenda;Lopez;2003-06-09;244-573-90;modonnell@example.net;Active;64061;Andreaside;Guam
574;930;Brittany;Duke;1988-10-14;177-470-55;hullmicheal@example.net;Active;90330;East Robert;Azerbaijan
2616;1436;Jordan;Peterson;2002-04-08;228-740-62;joseshaffer@example.net;Active;82278;Brianmouth;Liechtenstein
1401;1571;Matthew;Salazar;1987-11-28;322-248-81;james12@example.net;Active;105463;New Robert;Syrian Arab Republic
3862;1877;Corey;Howell;2003-01-25;909-280-28;sandrajacobs@example.com;Active;86095;New Tomville;Sudan
1051;1726;Jeff;Jordan;1992-03-30;414-944-34;mpope@example.org;Active;85025;New April;Gibraltar
2104;1184;Suzanne;Dyer;1973-05-01;783-311-65;bthompson@example.com;Active;86137;North Lisa;Uruguay
2742;773;Eddie;Collins;1980-07-12;527-762-18;fgreen@example.net;Off;112545;Ellisville;Slovenia
1602;775;Charles;Reynolds;1984-08-18;912-153-22;williamperez@example.net;Active;87058;West Johnview;South Africa
855;1457;Kathryn;Cruz;1986-06-28;736-111-76;breyes@example.net;Off;82523;Johnmouth;Cambodia
3696;868;Elizabeth;Long;1974-09-23;847-222-61;mark92@example.com;Off;77981;Lake Kelly;Solomon Islands
4439;836;Amber;Banks;1965-07-02;339-952-74;panderson@example.net;Active;84454;South Lisaburgh;Rwanda
3211;752;Tracy;Ortiz;1997-08-15;437-328-16;angelaburnett@example.com;Active;106110;Williamside;Somalia
2275;741;Anne;Price;2000-06-09;880-476-75;ksloan@example.com;Active;105044;East Russellland;Papua New Guinea
3981;1961;Whitney;Mendez;1984-10-14;379-908-15;qbyrd@example.net;Active;62470;North Michael;San Marino
4178;1447;Sara;Brewer;1991-09-19;197-140-54;meganmarshall@example.com;Active;104127;South Andrewborough;Somalia
3902;1895;Catherine;Knight;1965-01-13;356-843-61;bradleyevelyn@example.com;Active;112878;Kristinstad;South Georgia and the South Sandwich Islands
3566;1949;Brett;Hernandez;1965-06-15;941-938-04;catherine00@example.net;Off;92555;Villegasfort;Niger
4279;1822;Keith;Sanders;1995-11-29;867-424-92;elizabethcoleman@example.net;Active;104330;Gregoryberg;Libyan Arab Jamahiriya
1592;740;Caroline;Jeremy;1962-04-13;420-337-06;michaelwilliams@example.org;Active;93371;West Cody;Malta
3112;951;Julie;Hammond;1970-08-05;559-727-77;randy44@example.net;Active;113943;Lake Derrick;Finland
2282;1030;Michele;Sanchez;1972-12-30;875-007-99;meganbutler@example.org;Active;95034;South Samantha;Cambodia
4303;1721;Michael;Ray;2001-06-19;543-466-24;shieldskimberly@example.org;Active;85788;East Debra;Micronesia
2597;1213;Alison;Young;1992-10-11;463-288-66;asmith@example.com;Off;112132;Port Rachel;Dominican Republic
3036;1566;William;Richmond;1970-08-01;884-041-76;lindawebster@example.org;Active;106583;Port Maryburgh;Dominica
723;978;Kayla;Johnson;1966-07-28;642-284-80;bsmith@example.net;Active;71515;Juliachester;Western Sahara
4041;1770;Christopher;Olson;1976-02-21;399-488-11;linda77@example.org;Off;90912;Chambersbury;Holy See (Vatican City State)
4184;949;Courtney;Singh;2000-02-17;167-391-98;ramosmichael@example.net;Active;95058;Sonyaborough;Portugal
1105;1978;Joseph;Gilbert;1987-05-09;599-070-85;gutierrezjoseph@example.net;Off;63211;Rebeccaland;Palau
1472;1026;Roger;Whitaker;2000-10-18;642-622-65;joseph80@example.net;Active;89245;Lake Marthaland;Bolivia
548;1310;Michelle;Travis;1976-11-03;885-338-50;kimberly83@example.com;Active;98961;Grimesville;Gabon
2197;1914;John;Nelson;1974-06-24;476-604-60;zbeard@example.com;Active;89482;Erinstad;Bermuda
1100;898;Aaron;Reyes;1980-11-02;818-107-97;kemprebecca@example.net;Active;82583;East Brendabury;Korea
839;1930;Heather;Thomas;1970-02-03;353-417-64;jamescollins@example.com;Active;111748;Lake Scotttown;Seychelles
3859;1643;Nicholas;Watson;1976-12-01;680-640-41;bellwilliam@example.org;Active;104328;Marymouth;Gambia
3805;1958;Daniel;Beard;1971-10-10;240-198-60;kaylee91@example.org;Active;89822;Danielmouth;Senegal
694;1712;Robert;Johnson;1983-04-20;542-331-31;martinezashley@example.org;Active;73136;Hannahburgh;Rwanda
1526;1435;Danielle;Dodson;1970-02-08;232-546-12;justin97@example.com;Active;119922;Sampsonstad;Montserrat
3570;1156;Donald;Ward;1973-10-07;953-954-05;fwilson@example.net;Off;66265;West Shawntown;Saint Vincent and the Grenadines
3050;892;Kimberly;Hurst;1962-11-24;617-381-30;brianna81@example.org;Active;81154;South James;Venezuela
4172;1658;Derrick;Shelton;1972-09-09;209-908-92;ffrost@example.net;Active;97916;Lake Shaneland;Israel
1779;1198;Emily;Warner;1968-02-02;120-815-13;jon66@example.com;Active;79832;Emilybury;Bulgaria
1890;881;Michele;Wright;1999-05-14;345-134-83;kempedward@example.net;Active;93332;South Kevinshire;Jordan
637;1687;Cynthia;Williams;1986-07-10;547-653-28;spierce@example.net;Active;60770;Elizabethside;Peru
606;931;Ariana;Keller;1997-02-27;656-513-22;hammondbrett@example.org;Active;104257;West Audrey;Azerbaijan
4606;1302;Joseph;Peterson;1994-03-31;327-486-73;lisa32@example.com;Active;89929;Johnberg;Anguilla
804;1688;Ashley;Lee;1983-08-20;791-902-22;fitzpatrickashley@example.net;Active;92834;East Rachel;Sweden
2787;1726;David;Miller;1995-09-21;375-808-31;bettynash@example.net;Active;100047;Wattsshire;American Samoa
4510;1240;James;Lawrence;1992-03-29;334-028-03;sarah74@example.net;Active;89321;Amyville;Honduras
3659;1471;Matthew;Glenn;1971-06-26;783-369-51;jenniferarroyo@example.org;Active;105739;Caseystad;Libyan Arab Jamahiriya
2875;1592;Matthew;Gaines;1985-03-13;659-861-71;daniel46@example.net;Off;92389;Thomasville;Slovakia (Slovak Republic)
4325;1075;Jacqueline;Schmidt;2002-02-17;479-372-33;rmunoz@example.net;Off;110033;Lake James;Cuba
976;802;Marissa;Lopez;1995-04-29;862-838-48;wjohnson@example.net;Active;79095;West Olivia;Hungary
2975;920;Kathy;Alvarez;1991-02-25;371-212-21;andrea28@example.org;Active;104162;South Jasmine;Lebanon
3328;1250;Julian;Allen;1982-12-09;805-931-30;joseph03@example.net;Active;96141;East Michaelburgh;Botswana
3399;705;Randy;Wood;1992-06-25;722-148-05;derek72@example.com;Off;60115;Singhbury;Bulgaria
2729;1921;Christian;Johnson;1975-03-31;320-318-85;dgibson@example.net;Active;90689;Cannonfurt;Slovakia (Slovak Republic)
584;1604;Kevin;Goodwin;1990-02-01;750-166-36;williamsralph@example.net;Active;74389;Westchester;Cambodia
4331;1028;Aaron;Wright;1965-05-19;421-760-64;gyoung@example.net;Off;99534;East Andreafort;Cayman Islands
550;1754;Rebecca;Carney;1975-01-29;626-377-05;bishopwilliam@example.org;Active;91419;South Deborah;Tajikistan
1917;1621;Mackenzie;Hart;1985-12-26;677-441-08;curtisisabella@example.org;Active;68046;Lake Julie;Ecuador
3242;1872;Jessica;Glover;1993-03-14;226-688-83;wbass@example.net;Active;68672;Port Carlosview;Serbia
1833;718;Tracy;Robinson;1999-07-17;813-150-81;janetcummings@example.net;Active;91681;Chelseaport;Tonga
1522;1142;Karla;Johnston;2000-10-10;327-973-39;emilyclark@example.com;Active;113886;Kristinview;Andorra
2460;788;Benjamin;Ward;2000-09-18;496-175-56;smorris@example.net;Active;80775;Lake Carol;Namibia
4569;979;Joseph;Fleming;1993-09-04;641-028-79;hillteresa@example.net;Active;97788;Marilynmouth;Japan
4696;975;Samuel;Mora;2003-02-01;159-826-07;kathleen13@example.net;Active;90955;Smithborough;Jersey
3351;1415;Mr.;Campos;2001-06-09;380-011-19;paulberry@example.net;Active;71277;Kimberlystad;Madagascar
787;852;Randy;Higgins;1998-09-30;440-764-21;omoore@example.com;Active;93486;Darrylville;Falkland Islands (Malvinas)
4056;1978;Karen;Adams;1978-06-01;859-772-18;evalenzuela@example.com;Active;79474;Rogersside;Nepal
1895;753;John;Durham;1993-06-13;927-054-34;aphillips@example.net;Active;109879;Nataliemouth;Ukraine
2119;1354;John;Jones;1982-09-23;291-629-54;johnlopez@example.com;Active;115215;Matthewhaven;Namibia
3318;820;Andrew;Carpenter;2001-03-19;990-143-82;summeryu@example.com;Active;66257;East Mariamouth;Saint Martin
2248;1235;Kimberly;Smith;1987-03-07;247-436-32;onorton@example.com;Active;101429;Saraberg;Japan
3937;917;Brett;Edwards;1989-04-24;551-093-65;harveypatricia@example.org;Active;101024;Huangtown;India
1002;986;Shawn;Peterson;1966-04-19;628-057-26;hnguyen@example.net;Active;95129;Lake Jaredshire;Pakistan
3141;1850;John;Adams;1967-12-24;743-601-67;heathercarr@example.com;Active;77380;Pamelaside;Russian Federation
991;1711;John;Melton;1991-02-01;800-631-76;meyerskathryn@example.net;Active;88317;Williamhaven;Lesotho
2363;1053;Danielle;Christian;1997-08-23;325-663-94;michaelsparks@example.net;Off;113917;Lake Belinda;Uganda
2915;1975;Gina;Sanchez;1991-03-29;965-744-77;robinmarquez@example.net;Active;101894;East Janetmouth;Macao
3237;1017;Gregory;Patel;1973-01-29;126-585-44;kevin31@example.org;Active;87932;West David;Malta
2099;1190;Dr.;Burke;1966-12-14;429-943-76;cgonzalez@example.com;Active;85151;Maryberg;Palestinian Territory
1444;933;Justin;Chambers;1990-06-05;673-428-54;jodysanchez@example.net;Active;114728;East Christopher;Bosnia and Herzegovina
1351;1970;Jamie;Keller;1962-02-11;227-845-88;randall20@example.com;Off;87047;Port David;Gibraltar
1698;1812;Michael;Rios;1979-12-09;894-738-52;michelle37@example.net;Active;119839;North Patriciaport;Algeria
3571;1909;Crystal;Anderson;1968-01-28;408-404-85;nicholasburke@example.org;Active;119205;Port Andre;South Georgia and the South Sandwich Islands
595;1649;Jennifer;Cunningham;1996-12-10;932-737-24;richardsdanielle@example.com;Active;81080;South Stephen;Nepal
2713;1668;Jennifer;Phillips;1974-10-08;602-307-78;ashleymiller@example.com;Active;70923;North Bryan;Equatorial Guinea
2298;1428;William;Thomas;1985-04-09;977-081-08;devonsoto@example.net;Active;94764;Brookeport;Sao Tome and Principe
4327;1240;Kristine;Archer;1983-12-14;484-602-99;zcarr@example.net;Active;109502;Juliaport;Lithuania
3843;1827;Judith;Sanders;1969-05-18;268-462-96;williammartin@example.com;Active;77471;New Brianna;Equatorial Guinea
3490;1726;Vanessa;Cook;2003-10-25;731-739-07;michaelsimmons@example.org;Active;107446;Traceyland;Antigua and Barbuda
4097;2003;Kathryn;Hernandez;1979-07-04;640-128-28;parkerlori@example.net;Active;81450;North Catherine;Georgia
4684;1748;Justin;Roth;2003-06-06;358-761-98;amber99@example.com;Off;83466;North Kevin;Nepal
1419;1054;Michelle;Wade;1964-12-11;783-076-12;mmendoza@example.com;Active;63501;South Kevin;Afghanistan
1355;1005;Jerry;Anderson;2003-06-29;452-735-67;thomas85@example.org;Active;81117;Lisaton;Azerbaijan
1759;1150;Mark;Vargas;1968-07-27;120-822-41;erik69@example.net;Active;114060;Johnsonhaven;Cote d'Ivoire
1094;1499;Rachel;Guerra;1964-07-27;557-754-83;richarddurham@example.com;Active;119125;Hunterton;Anguilla
1846;916;Sherry;Wheeler;1964-06-03;648-587-44;deborahlucero@example.net;Active;99237;Kirkberg;Guam
4623;1188;Crystal;Miller;1984-04-22;484-341-72;sturner@example.org;Off;110395;Rodriguezton;Bahrain
2017;723;Laura;Walton;1969-03-27;717-909-19;qwong@example.com;Active;113304;Lake Nicole;Malta
4125;1440;Melinda;Clayton;1973-04-12;840-732-96;jonathanlamb@example.com;Active;117507;South Jose;Mauritania
2462;889;Elizabeth;Woods;1970-10-15;913-185-88;mackenzie44@example.net;Active;98155;Clarkshire;Netherlands
2696;1066;Stacey;Wang;1998-03-27;451-134-04;timothyhayden@example.net;Active;76502;North Gabrielaport;American Samoa
507;742;John;Herman;1968-06-20;526-577-32;john77@example.net;Active;95050;Tonystad;French Southern Territories
4113;1234;Roger;Sanchez;1972-05-26;293-076-34;douglas59@example.com;Active;69862;Lake Charleshaven;Gibraltar
507;1045;Thomas;Bautista;1990-04-18;163-981-58;xandrews@example.com;Active;69816;Davidmouth;Tunisia
2081;1631;Joe;Hall;1995-02-16;530-741-17;kristenfowler@example.net;Active;104649;South Caitlinshire;Holy See (Vatican City State)
1594;1747;Charles;King;1963-04-13;820-251-82;schultzbreanna@example.com;Active;69550;North Robertport;Saudi Arabia
3608;1386;Travis;Lin;1991-09-22;414-249-33;michael16@example.org;Active;109370;West Edwardport;Nepal
2947;1666;Abigail;Cox;1972-10-31;963-588-17;voliver@example.com;Active;107722;West Walterhaven;Belarus
1723;719;William;Ellis;1974-06-29;667-660-76;mking@example.net;Active;119307;Buchananview;Greenland
3862;1161;Allison;Bullock;1965-05-27;645-768-91;garzaheather@example.com;Off;62803;Olsenshire;Korea
3357;882;Michael;Don;1997-09-24;303-975-04;ublanchard@example.net;Active;94053;Donaldchester;Kuwait
3480;1166;Ross;Thompson;1988-11-16;109-761-17;perkinscourtney@example.org;Active;64161;Andrebury;Morocco
1090;1036;Stephanie;Clark;1968-12-26;501-667-94;michaelnelson@example.org;Active;81690;Janethaven;Cook Islands
3116;1302;Molly;Gilbert;1998-09-06;560-512-35;alexisyates@example.com;Active;102432;Gregorystad;Venezuela
2872;1184;John;Lee;1978-02-26;802-957-21;kdelgado@example.org;Active;72881;South Sharon;Oman
2425;1719;William;Smith;1991-03-25;941-428-06;rortega@example.com;Active;93110;Gloverchester;Aruba
4692;2003;Sarah;Zavala;1991-01-09;297-030-64;lewisbrian@example.org;Active;98793;Victorborough;Turkey
2718;1891;Yvonne;Ward;1971-06-25;572-432-20;stacey76@example.com;Active;117619;Rachelmouth;Georgia
4678;1267;Andre;Carlson;1977-08-26;987-346-78;freemanlarry@example.com;Active;96364;Port Samantha;Korea
3655;1693;Ernest;Garner;1985-07-05;639-192-29;michaelmorgan@example.org;Active;64251;Madelinefort;Ghana
2720;768;Stephanie;Hernandez;1977-09-29;191-460-87;owenschristopher@example.com;Active;71148;Cordovastad;Afghanistan
4636;1656;Norma;Larsen;1971-09-16;527-851-85;heather92@example.net;Active;78630;Thomasshire;Honduras
1405;895;Mary;Nichols;1972-03-12;109-454-18;patrickwoodward@example.com;Active;80943;Ryanville;Zimbabwe
953;1532;Thomas;Hansen;2003-09-02;768-155-91;morrismaria@example.net;Off;114283;New Stephanie;Peru
1094;1936;Charles;Day;1971-08-14;109-860-28;dperry@example.org;Active;97299;Barkerbury;Zimbabwe
2359;705;Miss;Howard;1985-10-30;585-181-36;scottbryan@example.com;Active;111670;Santiagoland;Sweden
2569;1580;Angela;Jones;1963-01-16;632-394-79;schroedermichael@example.com;Active;97888;Millertown;Cote d'Ivoire
4215;1152;Tabitha;Roberts;1981-06-01;114-634-40;greenejeffery@example.com;Active;82741;New Duane;Nauru
3931;1687;Joe;Mcclain;1986-03-10;595-695-94;sgilbert@example.org;Active;61081;Alisonfort;Sierra Leone
4178;881;Erika;Miller;1971-06-12;995-990-31;matthewcarter@example.com;Off;91446;Christopherton;British Virgin Islands
1396;1397;Rebecca;Wise;1996-08-24;794-882-40;watsonbrian@example.net;Active;109780;Thomasberg;Seychelles
2849;912;Andrew;Michael;1979-07-21;562-826-75;joshuawashington@example.net;Active;75532;Lake Joshuaview;Spain
3411;824;Michael;Mack;1968-11-30;855-768-09;sabrina94@example.org;Active;116338;Briggsport;India
1145;1856;Breanna;Navarro;1994-12-23;159-022-34;tcook@example.net;Active;80238;East Amber;Timor-Leste
1268;1635;Deborah;Jackson;1984-10-30;564-320-67;joseherrera@example.com;Active;114616;Clarkton;Mozambique
528;1481;Kenneth;Stewart;1985-06-14;262-374-82;tracey38@example.net;Active;101670;Clementsport;Mauritania
891;1149;Laura;Olson;1967-01-20;238-057-57;jesse52@example.com;Active;100938;West Jessicamouth;Aruba
2393;1750;Brandy;Gamble;1981-08-29;325-193-29;timothy56@example.net;Active;83738;Lake Nicolehaven;Costa Rica
2165;1529;Lee;Jones;1980-04-24;322-395-95;margaret68@example.net;Active;106493;Lindachester;Slovakia (Slovak Republic)
1011;1849;Nathan;Le;1996-12-11;240-169-93;kari65@example.org;Active;88946;New Audrey;South Africa
1625;879;Jessica;Rodriguez;1981-10-04;251-686-99;mlewis@example.org;Active;102888;Catherinestad;French Guiana
3610;1232;Bradley;Keller;2002-09-10;842-932-69;kristenhernandez@example.net;Active;117724;West Samuel;Brazil
1220;1824;Jeremy;Russell;1995-10-12;555-207-78;denisecarlson@example.net;Active;111294;West Deanna;Sri Lanka
4678;1948;John;Hayes;1988-09-14;300-786-77;joshuajones@example.com;Active;118218;Port Kevin;Portugal
1486;1318;Chris;Phillips;1969-09-03;676-408-25;jamespowell@example.org;Active;67153;Josephside;Philippines
1078;938;Oscar;Costa;2001-11-17;776-715-31;karenkennedy@example.org;Off;117684;East Donnamouth;Ukraine
1128;1412;Margaret;Clark;1970-10-30;312-995-69;mark66@example.net;Active;68654;Lake Donald;British Indian Ocean Territory (Chagos Archipelago)
4188;1063;Lisa;Mack;1962-10-06;283-155-29;millersarah@example.net;Active;72341;Lake Andrewmouth;India
678;1341;Megan;Weaver;1978-02-08;838-041-32;michellepayne@example.com;Active;98177;Schwartzborough;Chad
1448;1476;Robyn;Evans;1996-07-18;223-469-03;aphillips@example.org;Active;103557;South Nicholas;Bulgaria
1058;1376;Kelly;Cooper;1977-10-21;540-129-62;anna71@example.net;Active;78008;Port Billyport;Ireland
2208;1954;Jade;Rogers;1991-01-01;161-407-86;kathleen67@example.org;Active;74261;Seanfurt;Liechtenstein
658;1152;Thomas;Fields;1996-08-28;280-113-45;xbecker@example.net;Off;80206;New Brianberg;Jersey
3556;1586;John;Simmons;1966-09-13;758-294-06;carlos58@example.org;Off;82879;Natashaland;Saint Pierre and Miquelon
4625;1355;Samuel;Jenkins;1964-04-13;945-020-72;rgray@example.net;Active;110223;Paulburgh;Moldova
3347;1432;Tracy;Olson;1989-08-10;525-652-38;smunoz@example.org;Active;108580;Damonside;Central African Republic
3204;895;Crystal;Bird;1990-06-01;472-215-16;nicolejackson@example.com;Active;76330;South Melissafurt;Botswana
1108;941;Jessica;Fisher;1997-05-01;940-905-75;orodriguez@example.com;Active;119675;New Georgestad;Dominican Republic
4367;1192;Jennifer;Gutierrez;1995-06-22;630-142-85;stacyjackson@example.net;Active;116183;South Meagantown;Kenya
3311;1445;Lisa;Garcia;1991-11-06;333-091-21;mallen@example.org;Active;87282;Allisonmouth;Venezuela
803;1088;Jennifer;Holt;1995-06-06;572-814-80;goodmancatherine@example.org;Active;103598;Erictown;Albania
4609;1728;Virginia;Webb;2000-06-20;964-560-75;rogersamber@example.com;Active;105823;Troybury;Cameroon
3573;1411;Vincent;Brown;1990-11-11;961-273-23;amanda65@example.net;Active;109303;New Kenneth;Trinidad and Tobago
4159;1641;George;Valencia;1992-09-24;784-966-32;david20@example.com;Active;113233;Catherineberg;Uzbekistan
3088;1225;Scott;Johnson;1992-05-16;426-299-59;theodore80@example.net;Active;85479;New Kimberly;Cayman Islands
4179;1752;Trevor;Taylor;1963-08-17;640-355-23;fmccarthy@example.org;Off;118090;South Ashley;Namibia
742;1197;Chelsea;Owen;1995-04-19;595-756-57;williamsdan@example.net;Active;74859;Justinbury;Bhutan
3496;1002;Patricia;Reeves;1994-07-30;261-532-74;rachellloyd@example.net;Active;86708;Tiffanyville;Kenya
896;1889;Kerry;Drake;1993-07-01;405-536-60;henry19@example.com;Active;83800;Samanthaberg;Swaziland
1797;913;Martha;Robinson;1970-07-29;730-744-66;jonathanbyrd@example.com;Active;105900;South Gary;Sweden
3833;1937;Jay;Holland;1979-04-30;256-452-13;owenelizabeth@example.com;Off;97989;North Russellton;Mayotte
1628;1780;Margaret;Lee;1983-12-01;762-488-26;padillabrianna@example.com;Active;108959;New Johnathanview;Gabon
4120;1450;Judith;Trevino;1994-12-15;714-828-22;owhite@example.org;Active;115917;Port Luis;Bahrain
4394;1930;Jacob;Smith;2002-08-11;541-209-40;karen58@example.com;Active;76285;Michaelfurt;Senegal
3786;1516;Caroline;Barr;1977-09-05;689-204-93;christophermclaughlin@example.net;Active;119009;Christinetown;Guam
4229;1035;Mitchell;Williams;1989-07-15;522-518-69;robinflores@example.com;Active;93062;Port Scott;Lao People's Democratic Republic
3612;1112;Stephen;Wolf;1975-03-26;328-022-82;loriespinoza@example.com;Active;103568;Michelleshire;Christmas Island
3206;1541;Alyssa;Alvarez;1998-06-07;364-806-93;bradleysandra@example.com;Active;116923;Tinatown;Jersey
3843;1714;Jamie;Allen;1999-04-22;605-698-67;smithalexander@example.net;Active;108143;Port Edward;Malta
4016;1844;Alicia;Stephens;1991-11-04;314-745-32;eblanchard@example.com;Active;90559;West Sheilaton;Luxembourg
1426;1630;Cody;Rivera;1965-01-24;795-601-17;williamsjamie@example.net;Active;101784;Williambury;Belarus
3762;1239;Caleb;Owens;1978-01-17;686-920-03;johnwaters@example.com;Active;80155;Jamesbury;Haiti
1992;1251;James;Marquez;1997-08-04;868-401-65;colin07@example.net;Active;69475;Franklinton;Heard Island and McDonald Islands
3852;1915;Rebecca;Williams;1970-08-09;121-312-93;loganlang@example.net;Active;80451;Jennamouth;Ireland
4636;958;Allison;Johnson;1992-02-10;772-880-30;uflynn@example.net;Active;98379;North Shawn;Cape Verde
4090;1578;Julie;Wolfe;1980-04-08;147-868-97;odommichael@example.org;Active;118125;Carmenview;United Kingdom
2834;1021;Steve;Pierce;1973-03-17;317-196-45;fuenteskristen@example.org;Active;113550;Ashleyshire;Chile
1744;1141;Alexis;Ross;1995-06-24;572-670-09;fowlerkelsey@example.org;Active;101709;New Dianemouth;Angola
1236;1499;Eric;Harris;1991-02-17;984-195-55;jessicahall@example.org;Active;106405;South Karen;Tajikistan
3230;1630;Chelsey;Weber;1970-05-04;809-879-99;jessicaturner@example.net;Active;104764;Walkerport;Cook Islands
2018;1598;Christina;Wilson;1968-09-21;205-770-73;carl69@example.org;Active;71381;North Leslieshire;El Salvador
1164;1157;Harold;Adams;1997-11-02;874-212-49;campbellrobert@example.org;Active;102441;Theresaberg;Micronesia
1903;1052;Justin;Ryan;1999-04-17;441-868-39;valerieneal@example.net;Active;80160;Hammondburgh;Poland
1826;1472;Victoria;Brown;1974-10-19;713-601-34;marilyntorres@example.net;Active;72918;South Amber;Korea
1316;811;Danielle;Davis;1987-07-19;355-736-86;cclark@example.net;Active;63621;South Robert;Romania
1859;926;Alexander;Jackson;1966-06-26;110-878-82;mackenziewhite@example.com;Active;103871;Port Tonya;Kuwait
4311;1351;Nicole;Henderson;1985-10-06;731-279-78;jennifer41@example.com;Active;79973;Wrighttown;Kuwait
1749;947;Heather;Joseph;2000-01-31;521-100-74;chelsea90@example.org;Active;64663;Port Danielleborough;Antarctica (the territory South of 60 deg S)
2566;1427;Nicole;Sanchez;1999-04-25;848-299-20;gerald61@example.com;Active;65130;New Susan;Sri Lanka
2330;1037;Lindsey;White;1994-05-14;831-171-00;raymondfrench@example.net;Active;93550;East Shannon;Niger
4293;1487;Jerome;Williams;1964-06-12;119-105-38;cfoster@example.org;Off;88663;West Traceyport;Algeria
849;1569;Mary;Dixon;1972-09-07;272-531-81;shannon15@example.net;Active;76636;New Michaelville;Georgia
2861;1259;Ryan;Wheeler;1968-05-20;102-121-92;christina74@example.org;Active;117570;South Joseph;Czech Republic
1386;1447;Cody;Fischer;1990-10-11;228-535-62;brian29@example.com;Active;110990;Lake Cynthiaside;Pakistan
4041;1095;Victoria;Benjamin;2001-06-22;698-546-28;jacksonmark@example.org;Active;76694;Robertsonborough;Armenia
828;1116;Ryan;Carter;1993-08-25;270-004-12;samantha47@example.org;Active;87170;Johnsonland;Ukraine
2501;1922;Frank;Whitney;1976-08-10;134-214-20;marissa46@example.com;Off;105177;Lake Davidstad;Kiribati
840;891;Pamela;Zhang;1994-01-02;828-505-50;sylvia19@example.net;Active;73230;Cunninghamchester;Andorra
3145;743;Kelly;Nelson;1992-02-05;243-236-29;christian06@example.org;Active;75813;Simonberg;Spain
3204;844;Luis;Norman;2001-06-15;218-589-00;hugheslaura@example.net;Active;70034;Morsemouth;Belgium
2128;1747;John;Holt;1969-01-15;861-206-97;barnesjessica@example.com;Off;98471;Yoderview;United States of America
3522;860;Jessica;Wilson;1962-03-08;337-314-10;tyler46@example.org;Active;95266;South Rachelview;Ghana
3502;1939;Kimberly;Rodriguez;1976-02-24;455-315-23;trevinorandall@example.com;Active;91456;Patelmouth;Falkland Islands (Malvinas)
1183;915;Jennifer;Shelton;1998-08-09;200-857-88;rgomez@example.net;Active;67708;East Evan;Isle of Man
4262;1016;Robert;Daniel;1992-04-22;303-478-52;ubullock@example.net;Active;119626;Martinfort;Eritrea
3663;1126;Mr.;Laura;2003-10-14;943-736-07;charles62@example.com;Active;65193;West Kristina;Denmark
2324;1095;Andrea;Potts;2001-06-18;415-094-08;nicholasallen@example.org;Active;68246;Bassside;Hong Kong
3286;1654;Danielle;Dominguez;1978-04-11;558-292-93;gcurtis@example.net;Active;119650;East Lori;Faroe Islands
1818;1867;Tanner;Hughes;1972-03-31;511-109-30;pwells@example.net;Active;119913;North Lisachester;Marshall Islands
3535;1699;Robert;Brown;1977-10-07;852-193-24;mary23@example.net;Off;83711;Port Austin;American Samoa
2853;890;Zachary;Smith;1990-11-06;516-114-72;elam@example.net;Active;93104;Mossberg;Bulgaria
1801;926;Samuel;West;1986-05-23;805-058-09;gilmorekristen@example.net;Off;95381;Andreatown;Vanuatu
1593;1300;Corey;Rodgers;1994-06-25;644-698-82;brianna38@example.org;Active;110950;Thomasland;Cuba
2958;1057;Whitney;Martin;1965-06-09;257-543-46;tgarcia@example.net;Active;83746;Hollybury;Jordan
2238;1177;Thomas;Gibson;1971-08-24;145-118-35;xgray@example.com;Off;86557;Michaelmouth;Belize
2911;1653;Marcus;Ward;1980-05-31;237-299-89;ocooper@example.com;Active;114929;Johnhaven;Tajikistan
3345;1239;Margaret;Gilbert;2002-06-18;362-854-53;adamhernandez@example.com;Active;109767;Emilyfort;Swaziland
3622;1430;Gregory;Johnson;1984-12-19;164-266-65;barbarajohnston@example.org;Active;98920;Castilloland;Algeria
4040;1341;Amy;Clarke;2000-01-31;915-991-84;john14@example.net;Active;91892;East Patrick;El Salvador
2907;2012;Crystal;Cuevas;1987-11-20;685-314-43;justin27@example.net;Active;77538;Port Natashaport;Seychelles
803;808;Aaron;Kidd;1998-12-07;379-900-81;nicole13@example.net;Active;94206;Port Laurachester;Bhutan
2925;1437;Erika;Chavez;1975-06-23;220-567-31;benjaminnorris@example.org;Off;99430;Lake Danielview;Luxembourg
1563;721;Chad;Romero;1976-03-12;659-469-09;wilsongeorge@example.org;Active;61021;East Joseph;Mexico
4023;1732;Michelle;Smith;1992-01-26;189-089-39;mackenzie72@example.org;Active;78205;Thomasmouth;Croatia
4560;812;Alex;Thomas;1988-07-17;439-301-22;lopezcody@example.com;Off;115168;Cookfurt;Myanmar
614;1123;Brandon;Wolf;1964-01-06;165-468-71;gregorygabrielle@example.com;Active;95098;Peckburgh;Peru
4519;1142;Julie;Gray;1967-01-18;663-808-32;usims@example.com;Active;85108;Mcdanielhaven;Barbados
4093;1595;Selena;Smith;2003-02-08;456-949-88;wadestacy@example.com;Active;106839;Port Jeffreyview;Mauritania
2722;1948;Jaclyn;Fisher;1986-07-29;732-481-73;linda74@example.com;Active;79737;Melanieland;Morocco
3670;792;April;Miranda;1971-12-07;705-000-31;taylorcourtney@example.net;Active;71621;Lawrenceshire;Lesotho
979;1682;Robert;Miller;1987-09-04;821-897-57;austinjesus@example.net;Active;98352;Josephville;Western Sahara
4604;1133;Gina;Reed;1978-08-25;592-284-49;danielle38@example.org;Active;72565;Port Linda;Guatemala
2637;1935;Kyle;Manning;1995-10-14;476-661-05;ccolon@example.com;Active;98290;Jordanmouth;Suriname
2303;700;Brian;Taylor;1984-11-18;108-880-56;robert16@example.com;Active;117583;Brownchester;Grenada
1877;1774;John;Hogan;1975-11-20;296-006-80;christopheroliver@example.org;Active;87769;Lake Sara;Myanmar
768;1126;Kelly;Moore;1964-07-15;983-264-51;upearson@example.org;Active;105069;Myersstad;El Salvador
2978;1879;Tracey;Pierce;1971-06-20;362-306-84;caitlinfields@example.com;Active;90168;South Barryview;Paraguay
1237;1441;Christina;Rodriguez;1975-03-22;522-322-08;frodriguez@example.net;Active;67526;Port Nicholas;Aruba
1116;1800;Joshua;Reed;1973-06-08;827-797-49;tiffanyflores@example.com;Active;113399;Schmidtchester;Brunei Darussalam
3949;1561;Alex;Jarvis;1989-09-05;434-101-87;hardyamanda@example.com;Off;95866;West Sandra;Uganda
3214;1504;Alan;Downs;1964-07-16;272-565-09;david41@example.org;Active;98365;North Barbarabury;Tonga
2323;1050;Gina;Gonzalez;2001-05-22;875-284-00;mkemp@example.com;Active;115674;Jessicastad;San Marino
4355;1879;Nicholas;Turner;1967-07-11;288-987-33;hernandezcody@example.com;Active;93375;New Cole;Panama
1179;889;Betty;Henderson;1976-05-05;296-139-96;mvelazquez@example.net;Active;80724;Ianfort;Russian Federation
2777;1618;Jared;Fernandez;1989-01-13;942-209-14;dianecarr@example.com;Off;112758;Bonnieton;Sweden
4633;1877;Brian;Smith;1963-05-16;308-952-86;owensandre@example.org;Active;114970;East Tinachester;Bulgaria
3452;1122;Edwin;Brown;1982-09-26;201-595-83;anthonysanchez@example.net;Active;99904;Mcknightborough;Switzerland
2317;1146;Larry;Rogers;1971-10-28;338-625-36;hillalicia@example.com;Off;80779;East Shawn;Palestinian Territory
3943;777;Mark;Wood;2000-07-04;177-252-33;brownjustin@example.org;Active;101490;Michelleville;Ireland
3647;743;Joanne;Davis;1980-07-12;460-752-35;uwhite@example.com;Active;65736;South Alexamouth;Eritrea
3416;1241;Jacob;King;1987-09-18;383-480-37;wilsoncynthia@example.org;Active;84418;Andrewberg;Cocos (Keeling) Islands
3754;1136;Robert;Garza;2002-01-15;546-743-41;cjensen@example.com;Active;114640;Travisstad;Peru
3222;1412;Daniel;Coleman;1996-10-05;551-622-04;stricklandmatthew@example.org;Active;98933;Williamsberg;Ecuador
2631;1072;Mrs.;Medina;1965-09-17;409-131-13;qadams@example.net;Active;113505;North Justintown;Christmas Island
3760;1917;David;West;1974-05-21;489-078-16;emilymiller@example.net;Active;78089;Keithland;Nepal
597;1398;Dylan;Sanchez;1974-08-12;438-294-25;john77@example.com;Active;102476;Josestad;Morocco
2238;1769;Donna;Ross;1994-12-06;488-389-07;collinsamanda@example.org;Active;101639;West Louis;Bolivia
2804;1824;Gabriel;Wise;2000-10-06;710-048-99;clarkryan@example.org;Active;94008;Singletonberg;Vietnam
3632;1207;Brett;Brady;1979-08-30;552-373-49;olsenterry@example.org;Active;111719;Hernandezshire;Senegal
3242;1308;Robert;Jeffery;1974-11-16;720-295-35;whill@example.com;Active;117760;Alexandraview;Peru
3977;1502;Margaret;Bird;1995-04-22;782-735-16;aryan@example.net;Active;107003;East Sandra;Turkmenistan
1552;940;Tara;Powell;1997-03-20;480-662-67;kathleenaguilar@example.org;Active;115783;Dannyton;Kiribati
2984;1024;Sarah;Morris;1980-01-28;173-392-83;williamsconnie@example.org;Active;82835;New Alanside;American Samoa
3540;1224;Erin;Cooper;2003-11-02;485-544-07;caldwelljordan@example.com;Active;102752;Patriciamouth;British Indian Ocean Territory (Chagos Archipelago)
4428;1618;Alexander;Miller;1979-03-24;882-842-83;phillipsamy@example.com;Active;72182;New Carolyn;Netherlands Antilles
931;713;Michael;Wilson;1974-02-02;574-335-60;gutierreztara@example.com;Active;95750;East Jason;Martinique
1800;873;Alice;Clark;1991-03-20;356-016-03;ajacobs@example.com;Active;80725;Jackieton;Panama
1082;1430;William;Brown;1982-12-07;574-596-22;wowen@example.com;Active;115409;Hopkinschester;Guadeloupe
3019;1154;Crystal;Beck;1979-07-19;301-204-67;jasonmiller@example.net;Active;66034;Cunninghamton;Ecuador
1478;1456;Deborah;Gill;1980-04-03;460-343-45;kristina77@example.org;Active;68799;Lake Mark;Niger
1720;2016;Edward;Thornton;1984-01-03;769-696-28;istewart@example.net;Active;99107;Alishaburgh;Bouvet Island (Bouvetoya)